Transaction_ID,Date,Customer_ID,Gender,Age,Age_Group,Product_Category,Product_Name,Quantity,Price_Per_Unit,Total_Amount,Discount_Rate,Discount_Amount,Net_Amount,Cost_Of_Goods,Profit,Profit_Margin_Pct,Payment_Method
TXN-10139,2023-01-01,CUST-1548,Other,43,36-50 (Middle-Aged),Electronics,Portable Bluetooth Speaker,3,56.77,170.31,0.15,25.55,144.76,111.55,33.21,22.94,Credit Card
TXN-10267,2023-01-02,CUST-1510,Female,41,36-50 (Middle-Aged),Home & Kitchen,Stainless Steel Water Bottle,1,20.54,20.54,0.15,3.08,17.46,11.82,5.64,32.3,Credit Card
TXN-10476,2023-01-04,CUST-1137,Female,33,25-35 (Young Adults),Clothing,Slim-Fit Denim Jeans,2,46.9,93.8,0.1,9.38,84.42,51.69,32.73,38.77,Debit Card
TXN-11538,2023-01-04,CUST-1000,Female,44,36-50 (Middle-Aged),Books & Stationery,Executive Hardcover Notebook,1,15.53,15.53,0.05,0.78,14.75,9.7,5.05,34.24,Debit Card
TXN-11830,2023-01-04,CUST-1118,Male,53,51+ (Seniors),Home & Kitchen,Air Fryer Digital Oven,1,112.83,112.83,0.0,0.0,112.83,63.9,48.93,43.37,Debit Card
TXN-10289,2023-01-05,CUST-1531,Male,18,18-24 (Youth),Electronics,Wireless Bluetooth Earbuds,5,76.17,380.85,0.05,19.04,361.81,250.3,111.51,30.82,Credit Card
TXN-10977,2023-01-06,CUST-1306,Female,55,51+ (Seniors),Electronics,Smart Fitness Watch,2,121.55,243.1,0.0,0.0,243.1,152.62,90.48,37.22,UPI / Digital Wallet
TXN-10296,2023-01-06,CUST-1287,Female,46,36-50 (Middle-Aged),Clothing,Classic Cotton Crewneck T-Shirt,1,22.03,22.03,0.05,1.1,20.93,13.19,7.74,36.98,Credit Card
TXN-10380,2023-01-07,CUST-1154,Female,42,36-50 (Middle-Aged),Beauty & Personal Care,Organic Botanical Shampoo,2,23.15,46.3,0.2,9.26,37.04,30.21,6.83,18.44,Credit Card
TXN-10122,2023-01-07,CUST-1195,Male,43,36-50 (Middle-Aged),Electronics,4K Ultra HD Smart TV,1,639.98,639.98,0.0,0.0,639.98,413.99,225.99,35.31,Debit Card
TXN-11240,2023-01-07,CUST-1187,Female,36,36-50 (Middle-Aged),Books & Stationery,Artisan Sketching Pencil Kit,3,19.35,58.05,0.1,5.8,52.25,35.46,16.79,32.13,Credit Card
TXN-10567,2023-01-07,CUST-1091,Female,51,51+ (Seniors),Beauty & Personal Care,Organic Botanical Shampoo,1,22.91,22.91,0.2,4.58,18.33,12.84,5.49,29.95,Credit Card
TXN-10727,2023-01-08,CUST-1207,Female,45,36-50 (Middle-Aged),Home & Kitchen,Espresso Coffee Machine,1,161.73,161.73,0.2,32.35,129.38,90.11,39.27,30.35,UPI / Digital Wallet
TXN-12428,2023-01-08,CUST-1471,Female,18,18-24 (Youth),Electronics,Noise-Cancelling Headphones,3,187.53,562.59,0.05,28.13,534.46,320.8,213.66,39.98,UPI / Digital Wallet
TXN-10427,2023-01-09,CUST-1270,Female,58,51+ (Seniors),Electronics,4K Ultra HD Smart TV,2,651.18,1302.36,0.15,195.35,1107.01,853.89,253.12,22.87,Cash
TXN-11312,2023-01-09,CUST-1141,Male,56,51+ (Seniors),Beauty & Personal Care,Ionic Ceramic Hair Dryer,1,56.67,56.67,0.0,0.0,56.67,33.54,23.13,40.82,UPI / Digital Wallet
TXN-12245,2023-01-10,CUST-1146,Male,20,18-24 (Youth),Books & Stationery,Artisan Sketching Pencil Kit,1,19.34,19.34,0.05,0.97,18.37,11.55,6.82,37.13,UPI / Digital Wallet
TXN-10960,2023-01-10,CUST-1185,Male,47,36-50 (Middle-Aged),Books & Stationery,Data Science & ML Handbook,1,46.29,46.29,0.2,9.26,37.03,31.04,5.99,16.18,Credit Card
TXN-10410,2023-01-10,CUST-1582,Female,46,36-50 (Middle-Aged),Beauty & Personal Care,Organic Botanical Shampoo,1,24.12,24.12,0.05,1.21,22.91,16.77,6.14,26.8,Debit Card
TXN-11681,2023-01-11,CUST-1523,Male,45,36-50 (Middle-Aged),Home & Kitchen,Stainless Steel Water Bottle,1,19.91,19.91,0.1,1.99,17.92,11.09,6.83,38.11,UPI / Digital Wallet
TXN-10800,2023-01-12,CUST-1400,Male,18,18-24 (Youth),Clothing,Classic Cotton Crewneck T-Shirt,1,22.14,22.14,0.0,0.0,22.14,14.61,7.53,34.01,UPI / Digital Wallet
TXN-12167,2023-01-12,CUST-1082,Male,58,51+ (Seniors),Electronics,Wireless Bluetooth Earbuds,1,78.61,78.61,0.0,0.0,78.61,44.25,34.36,43.71,Credit Card
TXN-11246,2023-01-12,CUST-1066,Female,36,36-50 (Middle-Aged),Beauty & Personal Care,Daily Hydrating Facial Cleanser,2,17.45,34.9,0.05,1.74,33.16,23.34,9.82,29.61,Credit Card
TXN-12485,2023-01-13,CUST-1569,Female,33,25-35 (Young Adults),Home & Kitchen,Ergonomic Memory Foam Pillow,2,34.15,68.3,0.1,6.83,61.47,44.6,16.87,27.44,Debit Card
TXN-10973,2023-01-13,CUST-1002,Male,47,36-50 (Middle-Aged),Clothing,Classic Cotton Crewneck T-Shirt,1,21.81,21.81,0.0,0.0,21.81,12.89,8.92,40.9,Credit Card
TXN-10359,2023-01-14,CUST-1373,Male,51,51+ (Seniors),Home & Kitchen,Air Fryer Digital Oven,2,111.44,222.88,0.1,22.29,200.59,123.14,77.45,38.61,Credit Card
TXN-12413,2023-01-14,CUST-1154,Female,42,36-50 (Middle-Aged),Clothing,Winter Hooded Parka,1,140.6,140.6,0.05,7.03,133.57,92.15,41.42,31.01,UPI / Digital Wallet
TXN-11010,2023-01-14,CUST-1484,Female,27,25-35 (Young Adults),Electronics,Smart Fitness Watch,3,116.16,348.48,0.1,34.85,313.63,240.45,73.18,23.33,Credit Card
TXN-11431,2023-01-15,CUST-1211,Female,53,51+ (Seniors),Home & Kitchen,Ergonomic Memory Foam Pillow,1,34.49,34.49,0.05,1.72,32.77,22.46,10.31,31.46,Cash
TXN-12249,2023-01-15,CUST-1003,Male,59,51+ (Seniors),Beauty & Personal Care,Anti-Aging Retinol Night Serum,4,44.17,176.68,0.1,17.67,159.01,107.59,51.42,32.34,UPI / Digital Wallet
TXN-11404,2023-01-15,CUST-1027,Male,43,36-50 (Middle-Aged),Clothing,Slim-Fit Denim Jeans,1,46.88,46.88,0.1,4.69,42.19,31.99,10.2,24.18,Credit Card
TXN-11162,2023-01-16,CUST-1105,Male,43,36-50 (Middle-Aged),Electronics,4K Ultra HD Smart TV,2,668.17,1336.34,0.05,66.82,1269.52,806.38,463.14,36.48,Cash
TXN-11573,2023-01-16,CUST-1194,Male,40,36-50 (Middle-Aged),Home & Kitchen,Espresso Coffee Machine,2,163.43,326.86,0.05,16.34,310.52,223.54,86.98,28.01,Debit Card
TXN-11532,2023-01-18,CUST-1183,Male,44,36-50 (Middle-Aged),Electronics,4K Ultra HD Smart TV,1,651.57,651.57,0.05,32.58,618.99,444.89,174.1,28.13,Credit Card
TXN-10753,2023-01-18,CUST-1043,Female,33,25-35 (Young Adults),Beauty & Personal Care,Daily Hydrating Facial Cleanser,1,17.5,17.5,0.0,0.0,17.5,10.76,6.74,38.51,Credit Card
TXN-10527,2023-01-18,CUST-1116,Male,37,36-50 (Middle-Aged),Home & Kitchen,Stainless Steel Water Bottle,1,20.99,20.99,0.05,1.05,19.94,13.33,6.61,33.15,UPI / Digital Wallet
TXN-12268,2023-01-18,CUST-1565,Female,32,25-35 (Young Adults),Clothing,Casual Breathable Sneakers,1,68.45,68.45,0.15,10.27,58.18,41.26,16.92,29.08,Debit Card
TXN-10725,2023-01-19,CUST-1183,Male,44,36-50 (Middle-Aged),Electronics,Noise-Cancelling Headphones,1,176.36,176.36,0.0,0.0,176.36,121.67,54.69,31.01,Debit Card
TXN-12217,2023-01-19,CUST-1364,Male,47,36-50 (Middle-Aged),Clothing,Casual Breathable Sneakers,2,71.81,143.62,0.1,14.36,129.26,83.7,45.56,35.25,Debit Card
TXN-12432,2023-01-19,CUST-1344,Male,31,25-35 (Young Adults),Clothing,Slim-Fit Denim Jeans,2,45.98,91.96,0.0,0.0,91.96,59.09,32.87,35.74,Debit Card
TXN-12005,2023-01-19,CUST-1174,Male,41,36-50 (Middle-Aged),Beauty & Personal Care,Anti-Aging Retinol Night Serum,2,45.09,90.18,0.0,0.0,90.18,52.59,37.59,41.68,Debit Card
TXN-11357,2023-01-19,CUST-1259,Male,48,36-50 (Middle-Aged),Books & Stationery,Fine Fountain Pen Set,5,36.26,181.3,0.0,0.0,181.3,125.49,55.81,30.78,Credit Card
TXN-11282,2023-01-19,CUST-1030,Male,29,25-35 (Young Adults),Books & Stationery,Artisan Sketching Pencil Kit,4,19.66,78.64,0.15,11.8,66.84,44.04,22.8,34.11,Debit Card
TXN-10465,2023-01-19,CUST-1528,Male,41,36-50 (Middle-Aged),Electronics,Noise-Cancelling Headphones,1,176.18,176.18,0.05,8.81,167.37,107.62,59.75,35.7,Credit Card
TXN-11080,2023-01-19,CUST-1346,Male,18,18-24 (Youth),Books & Stationery,Artisan Sketching Pencil Kit,1,18.79,18.79,0.2,3.76,15.03,12.8,2.23,14.84,Credit Card
TXN-12479,2023-01-20,CUST-1203,Male,52,51+ (Seniors),Clothing,Formal Oxford Shirt,2,43.88,87.76,0.0,0.0,87.76,49.8,37.96,43.25,Cash
TXN-10540,2023-01-20,CUST-1254,Female,18,18-24 (Youth),Beauty & Personal Care,Organic Botanical Shampoo,1,24.44,24.44,0.1,2.44,22.0,15.22,6.78,30.82,Credit Card
TXN-10655,2023-01-20,CUST-1032,Female,37,36-50 (Middle-Aged),Books & Stationery,Executive Hardcover Notebook,1,15.51,15.51,0.05,0.78,14.73,9.63,5.1,34.62,Credit Card
TXN-12091,2023-01-20,CUST-1592,Female,44,36-50 (Middle-Aged),Electronics,Noise-Cancelling Headphones,1,172.79,172.79,0.0,0.0,172.79,120.26,52.53,30.4,Credit Card
TXN-11844,2023-01-21,CUST-1548,Other,43,36-50 (Middle-Aged),Beauty & Personal Care,Ionic Ceramic Hair Dryer,1,55.75,55.75,0.2,11.15,44.6,31.88,12.72,28.52,Credit Card
TXN-10820,2023-01-22,CUST-1171,Male,26,25-35 (Young Adults),Home & Kitchen,Stainless Steel Water Bottle,1,20.19,20.19,0.1,2.02,18.17,11.38,6.79,37.37,Cash
TXN-12273,2023-01-22,CUST-1158,Female,21,18-24 (Youth),Home & Kitchen,Non-Stick Ceramic Cookware Set,1,93.81,93.81,0.1,9.38,84.43,63.04,21.39,25.33,Credit Card
TXN-12205,2023-01-22,CUST-1501,Other,64,51+ (Seniors),Home & Kitchen,Ergonomic Memory Foam Pillow,1,34.6,34.6,0.15,5.19,29.41,23.48,5.93,20.16,Credit Card
TXN-10743,2023-01-22,CUST-1449,Male,23,18-24 (Youth),Electronics,Wireless Bluetooth Earbuds,1,76.56,76.56,0.15,11.48,65.08,44.17,20.91,32.13,Cash
TXN-11666,2023-01-23,CUST-1502,Female,18,18-24 (Youth),Clothing,Casual Breathable Sneakers,1,72.78,72.78,0.0,0.0,72.78,50.28,22.5,30.92,UPI / Digital Wallet
TXN-11136,2023-01-23,CUST-1103,Female,26,25-35 (Young Adults),Home & Kitchen,Air Fryer Digital Oven,1,112.58,112.58,0.0,0.0,112.58,70.98,41.6,36.95,Cash
TXN-11073,2023-01-23,CUST-1338,Male,43,36-50 (Middle-Aged),Electronics,Smart Fitness Watch,1,119.62,119.62,0.1,11.96,107.66,67.1,40.56,37.67,Credit Card
TXN-11958,2023-01-23,CUST-1280,Male,39,36-50 (Middle-Aged),Electronics,Portable Bluetooth Speaker,2,54.82,109.64,0.05,5.48,104.16,67.41,36.75,35.28,Credit Card
TXN-10611,2023-01-23,CUST-1154,Female,42,36-50 (Middle-Aged),Beauty & Personal Care,Shea Butter Moisturizing Cream,2,15.29,30.58,0.05,1.53,29.05,19.86,9.19,31.64,Debit Card
TXN-10659,2023-01-23,CUST-1278,Other,38,36-50 (Middle-Aged),Electronics,4K Ultra HD Smart TV,1,676.17,676.17,0.15,101.43,574.74,395.04,179.7,31.27,UPI / Digital Wallet
TXN-10564,2023-01-24,CUST-1320,Female,39,36-50 (Middle-Aged),Books & Stationery,Minimalist Wooden Desk Organizer,1,27.19,27.19,0.1,2.72,24.47,16.6,7.87,32.16,Cash
TXN-10942,2023-01-25,CUST-1315,Male,38,36-50 (Middle-Aged),Clothing,Casual Breathable Sneakers,1,70.41,70.41,0.0,0.0,70.41,48.49,21.92,31.13,Credit Card
TXN-11030,2023-01-25,CUST-1449,Male,23,18-24 (Youth),Electronics,4K Ultra HD Smart TV,1,650.85,650.85,0.0,0.0,650.85,364.3,286.55,44.03,UPI / Digital Wallet
TXN-10837,2023-01-25,CUST-1554,Male,42,36-50 (Middle-Aged),Beauty & Personal Care,Anti-Aging Retinol Night Serum,1,43.43,43.43,0.0,0.0,43.43,30.11,13.32,30.67,UPI / Digital Wallet
TXN-11085,2023-01-26,CUST-1380,Female,26,25-35 (Young Adults),Home & Kitchen,Non-Stick Ceramic Cookware Set,2,97.04,194.08,0.05,9.7,184.38,127.48,56.9,30.86,Debit Card
TXN-10621,2023-01-26,CUST-1370,Male,38,36-50 (Middle-Aged),Clothing,Formal Oxford Shirt,1,43.3,43.3,0.05,2.16,41.14,28.66,12.48,30.34,Credit Card
TXN-12449,2023-01-26,CUST-1588,Male,49,36-50 (Middle-Aged),Clothing,Casual Breathable Sneakers,3,68.28,204.84,0.1,20.48,184.36,135.31,49.05,26.61,Credit Card
TXN-12484,2023-01-26,CUST-1583,Male,69,51+ (Seniors),Home & Kitchen,Stainless Steel Water Bottle,5,19.65,98.25,0.0,0.0,98.25,58.55,39.7,40.41,Credit Card
TXN-10407,2023-01-27,CUST-1096,Male,42,36-50 (Middle-Aged),Electronics,Portable Bluetooth Speaker,1,56.94,56.94,0.1,5.69,51.25,35.62,15.63,30.5,UPI / Digital Wallet
TXN-11344,2023-01-28,CUST-1385,Female,40,36-50 (Middle-Aged),Electronics,Noise-Cancelling Headphones,2,172.44,344.88,0.0,0.0,344.88,194.85,150.03,43.5,Debit Card
TXN-11478,2023-01-29,CUST-1505,Male,31,25-35 (Young Adults),Home & Kitchen,Espresso Coffee Machine,1,164.84,164.84,0.2,32.97,131.87,93.39,38.48,29.18,Debit Card
TXN-11206,2023-01-29,CUST-1542,Female,45,36-50 (Middle-Aged),Electronics,Wireless Bluetooth Earbuds,2,78.53,157.06,0.05,7.85,149.21,109.58,39.63,26.56,Debit Card
TXN-12395,2023-01-29,CUST-1201,Female,45,36-50 (Middle-Aged),Clothing,Winter Hooded Parka,2,135.31,270.62,0.1,27.06,243.56,158.82,84.74,34.79,Credit Card
TXN-10807,2023-01-29,CUST-1092,Male,28,25-35 (Young Adults),Clothing,Classic Cotton Crewneck T-Shirt,1,22.02,22.02,0.05,1.1,20.92,12.2,8.72,41.68,Credit Card
TXN-10732,2023-01-29,CUST-1038,Male,19,18-24 (Youth),Home & Kitchen,Stainless Steel Water Bottle,1,20.21,20.21,0.2,4.04,16.17,13.14,3.03,18.74,Credit Card
TXN-12357,2023-01-30,CUST-1596,Male,34,25-35 (Young Adults),Clothing,Slim-Fit Denim Jeans,1,47.1,47.1,0.15,7.06,40.04,25.92,14.12,35.26,UPI / Digital Wallet
TXN-10300,2023-01-30,CUST-1280,Male,39,36-50 (Middle-Aged),Electronics,Portable Bluetooth Speaker,1,55.36,55.36,0.1,5.54,49.82,36.46,13.36,26.82,UPI / Digital Wallet
TXN-11071,2023-01-30,CUST-1037,Male,18,18-24 (Youth),Home & Kitchen,Non-Stick Ceramic Cookware Set,2,90.76,181.52,0.05,9.08,172.44,108.84,63.6,36.88,Credit Card
TXN-11340,2023-01-30,CUST-1096,Male,42,36-50 (Middle-Aged),Beauty & Personal Care,Organic Botanical Shampoo,1,23.1,23.1,0.0,0.0,23.1,14.66,8.44,36.54,Credit Card
TXN-11166,2023-01-30,CUST-1008,Female,31,25-35 (Young Adults),Electronics,Portable Bluetooth Speaker,1,54.41,54.41,0.0,0.0,54.41,34.8,19.61,36.04,UPI / Digital Wallet
TXN-11360,2023-01-31,CUST-1329,Female,46,36-50 (Middle-Aged),Home & Kitchen,Ergonomic Memory Foam Pillow,1,35.17,35.17,0.0,0.0,35.17,20.4,14.77,42.0,Credit Card
TXN-12241,2023-01-31,CUST-1054,Female,52,51+ (Seniors),Books & Stationery,Minimalist Wooden Desk Organizer,1,27.99,27.99,0.05,1.4,26.59,17.16,9.43,35.46,Credit Card
TXN-11526,2023-02-01,CUST-1176,Female,38,36-50 (Middle-Aged),Electronics,Wireless Bluetooth Earbuds,1,78.53,78.53,0.05,3.93,74.6,45.49,29.11,39.02,Credit Card
TXN-12200,2023-02-01,CUST-1424,Male,47,36-50 (Middle-Aged),Home & Kitchen,Stainless Steel Water Bottle,1,20.42,20.42,0.0,0.0,20.42,13.09,7.33,35.9,Debit Card
TXN-12123,2023-02-01,CUST-1499,Female,18,18-24 (Youth),Clothing,Formal Oxford Shirt,2,42.61,85.22,0.0,0.0,85.22,47.76,37.46,43.96,Credit Card
TXN-11178,2023-02-01,CUST-1086,Male,50,36-50 (Middle-Aged),Electronics,Portable Bluetooth Speaker,2,54.62,109.24,0.05,5.46,103.78,63.86,39.92,38.47,Debit Card
TXN-11558,2023-02-01,CUST-1097,Female,41,36-50 (Middle-Aged),Beauty & Personal Care,Shea Butter Moisturizing Cream,1,16.18,16.18,0.05,0.81,15.37,9.51,5.86,38.13,UPI / Digital Wallet
TXN-11824,2023-02-01,CUST-1338,Male,43,36-50 (Middle-Aged),Books & Stationery,Data Science & ML Handbook,2,49.45,98.9,0.2,19.78,79.12,56.85,22.27,28.15,Debit Card
TXN-12046,2023-02-01,CUST-1262,Female,18,18-24 (Youth),Clothing,Formal Oxford Shirt,3,41.3,123.9,0.1,12.39,111.51,74.65,36.86,33.06,UPI / Digital Wallet
TXN-12334,2023-02-01,CUST-1326,Male,54,51+ (Seniors),Books & Stationery,Fine Fountain Pen Set,2,39.16,78.32,0.1,7.83,70.49,52.08,18.41,26.12,Credit Card
TXN-11113,2023-02-02,CUST-1360,Male,45,36-50 (Middle-Aged),Electronics,Noise-Cancelling Headphones,1,173.3,173.3,0.05,8.67,164.63,110.62,54.01,32.81,UPI / Digital Wallet
TXN-11362,2023-02-02,CUST-1259,Male,48,36-50 (Middle-Aged),Clothing,Casual Breathable Sneakers,1,73.33,73.33,0.0,0.0,73.33,50.36,22.97,31.32,Credit Card
TXN-10751,2023-02-02,CUST-1259,Male,48,36-50 (Middle-Aged),Home & Kitchen,Espresso Coffee Machine,1,163.63,163.63,0.2,32.73,130.9,94.03,36.87,28.17,Credit Card
TXN-11487,2023-02-02,CUST-1298,Other,49,36-50 (Middle-Aged),Electronics,Wireless Bluetooth Earbuds,1,76.1,76.1,0.1,7.61,68.49,50.18,18.31,26.73,UPI / Digital Wallet
TXN-11719,2023-02-02,CUST-1068,Female,43,36-50 (Middle-Aged),Beauty & Personal Care,Shea Butter Moisturizing Cream,1,15.43,15.43,0.1,1.54,13.89,9.9,3.99,28.73,Cash
TXN-12022,2023-02-03,CUST-1287,Female,46,36-50 (Middle-Aged),Clothing,Slim-Fit Denim Jeans,1,49.26,49.26,0.1,4.93,44.33,30.34,13.99,31.56,UPI / Digital Wallet
TXN-11836,2023-02-03,CUST-1339,Male,30,25-35 (Young Adults),Electronics,4K Ultra HD Smart TV,2,671.89,1343.78,0.05,67.19,1276.59,904.62,371.97,29.14,Debit Card
TXN-11788,2023-02-03,CUST-1129,Male,30,25-35 (Young Adults),Beauty & Personal Care,Organic Botanical Shampoo,1,24.21,24.21,0.2,4.84,19.37,16.03,3.34,17.24,Debit Card
TXN-10006,2023-02-04,CUST-1197,Female,40,36-50 (Middle-Aged),Electronics,Wireless Bluetooth Earbuds,1,73.62,73.62,0.0,0.0,73.62,42.13,31.49,42.77,Cash
TXN-12189,2023-02-04,CUST-1174,Male,41,36-50 (Middle-Aged),Electronics,Wireless Bluetooth Earbuds,1,78.35,78.35,0.15,11.75,66.6,43.72,22.88,34.35,Credit Card
TXN-10351,2023-02-04,CUST-1517,Male,24,18-24 (Youth),Clothing,Formal Oxford Shirt,3,43.9,131.7,0.0,0.0,131.7,76.27,55.43,42.09,Debit Card
TXN-12256,2023-02-04,CUST-1036,Female,40,36-50 (Middle-Aged),Electronics,Noise-Cancelling Headphones,1,175.48,175.48,0.1,17.55,157.93,110.68,47.25,29.92,Credit Card
TXN-12018,2023-02-05,CUST-1089,Male,45,36-50 (Middle-Aged),Clothing,Classic Cotton Crewneck T-Shirt,3,22.77,68.31,0.05,3.42,64.89,41.48,23.41,36.08,UPI / Digital Wallet
TXN-10021,2023-02-05,CUST-1083,Female,30,25-35 (Young Adults),Clothing,Slim-Fit Denim Jeans,1,47.39,47.39,0.0,0.0,47.39,26.08,21.31,44.97,Debit Card
TXN-11058,2023-02-05,CUST-1556,Female,31,25-35 (Young Adults),Home & Kitchen,Non-Stick Ceramic Cookware Set,2,91.74,183.48,0.05,9.17,174.31,108.48,65.83,37.77,Debit Card
TXN-11600,2023-02-05,CUST-1033,Female,23,18-24 (Youth),Clothing,Slim-Fit Denim Jeans,2,47.49,94.98,0.05,4.75,90.23,57.71,32.52,36.04,Credit Card
TXN-11747,2023-02-05,CUST-1409,Male,45,36-50 (Middle-Aged),Books & Stationery,Minimalist Wooden Desk Organizer,5,27.41,137.05,0.05,6.85,130.2,91.49,38.71,29.73,Debit Card
TXN-10724,2023-02-06,CUST-1582,Female,46,36-50 (Middle-Aged),Home & Kitchen,Stainless Steel Water Bottle,3,20.79,62.37,0.0,0.0,62.37,41.98,20.39,32.69,Credit Card
TXN-11696,2023-02-06,CUST-1102,Female,33,25-35 (Young Adults),Home & Kitchen,Stainless Steel Water Bottle,2,20.48,40.96,0.05,2.05,38.91,23.29,15.62,40.14,Debit Card
TXN-11917,2023-02-06,CUST-1392,Female,19,18-24 (Youth),Clothing,Classic Cotton Crewneck T-Shirt,5,21.31,106.55,0.1,10.66,95.89,71.93,23.96,24.99,Credit Card
TXN-12158,2023-02-06,CUST-1146,Male,20,18-24 (Youth),Electronics,Wireless Bluetooth Earbuds,2,74.24,148.48,0.1,14.85,133.63,89.45,44.18,33.06,Debit Card
TXN-10576,2023-02-07,CUST-1135,Female,59,51+ (Seniors),Clothing,Winter Hooded Parka,1,128.43,128.43,0.1,12.84,115.59,86.98,28.61,24.75,UPI / Digital Wallet
TXN-11168,2023-02-07,CUST-1160,Female,24,18-24 (Youth),Home & Kitchen,Air Fryer Digital Oven,4,108.34,433.36,0.2,86.67,346.69,254.07,92.62,26.72,UPI / Digital Wallet
TXN-12406,2023-02-08,CUST-1108,Male,41,36-50 (Middle-Aged),Books & Stationery,Executive Hardcover Notebook,2,15.44,30.88,0.0,0.0,30.88,17.82,13.06,42.29,Cash
TXN-11177,2023-02-08,CUST-1578,Female,18,18-24 (Youth),Home & Kitchen,Espresso Coffee Machine,1,166.34,166.34,0.0,0.0,166.34,112.99,53.35,32.07,Credit Card
TXN-11003,2023-02-08,CUST-1239,Male,49,36-50 (Middle-Aged),Home & Kitchen,Air Fryer Digital Oven,1,106.69,106.69,0.15,16.0,90.69,59.94,30.75,33.91,Credit Card
TXN-11983,2023-02-08,CUST-1129,Male,30,25-35 (Young Adults),Clothing,Formal Oxford Shirt,1,42.47,42.47,0.15,6.37,36.1,28.25,7.85,21.75,Debit Card
TXN-11839,2023-02-09,CUST-1328,Other,46,36-50 (Middle-Aged),Electronics,Noise-Cancelling Headphones,1,182.36,182.36,0.0,0.0,182.36,104.04,78.32,42.95,Credit Card
TXN-10233,2023-02-09,CUST-1236,Male,18,18-24 (Youth),Electronics,Smart Fitness Watch,2,122.69,245.38,0.05,12.27,233.11,156.48,76.63,32.87,Credit Card
TXN-10206,2023-02-10,CUST-1169,Female,27,25-35 (Young Adults),Home & Kitchen,Stainless Steel Water Bottle,1,19.18,19.18,0.15,2.88,16.3,12.67,3.63,22.27,Credit Card
TXN-12032,2023-02-10,CUST-1469,Male,29,25-35 (Young Adults),Home & Kitchen,Stainless Steel Water Bottle,1,19.48,19.48,0.0,0.0,19.48,13.3,6.18,31.72,UPI / Digital Wallet
TXN-12280,2023-02-11,CUST-1467,Male,48,36-50 (Middle-Aged),Clothing,Slim-Fit Denim Jeans,4,47.67,190.68,0.0,0.0,190.68,126.63,64.05,33.59,Cash
TXN-12065,2023-02-11,CUST-1402,Male,38,36-50 (Middle-Aged),Electronics,Smart Fitness Watch,1,120.06,120.06,0.0,0.0,120.06,73.38,46.68,38.88,Credit Card
TXN-11594,2023-02-11,CUST-1009,Male,45,36-50 (Middle-Aged),Clothing,Slim-Fit Denim Jeans,2,47.55,95.1,0.1,9.51,85.59,62.05,23.54,27.5,UPI / Digital Wallet
TXN-10457,2023-02-11,CUST-1296,Female,50,36-50 (Middle-Aged),Electronics,Portable Bluetooth Speaker,1,54.73,54.73,0.05,2.74,51.99,35.89,16.1,30.97,Debit Card
TXN-10330,2023-02-12,CUST-1210,Male,45,36-50 (Middle-Aged),Electronics,Noise-Cancelling Headphones,1,180.42,180.42,0.0,0.0,180.42,106.75,73.67,40.83,UPI / Digital Wallet
TXN-12010,2023-02-12,CUST-1208,Male,45,36-50 (Middle-Aged),Beauty & Personal Care,Organic Botanical Shampoo,1,24.22,24.22,0.0,0.0,24.22,15.14,9.08,37.49,Debit Card
TXN-10190,2023-02-12,CUST-1418,Female,54,51+ (Seniors),Electronics,Noise-Cancelling Headphones,3,182.09,546.27,0.0,0.0,546.27,346.25,200.02,36.62,Debit Card
TXN-11324,2023-02-12,CUST-1049,Male,18,18-24 (Youth),Clothing,Winter Hooded Parka,1,134.42,134.42,0.0,0.0,134.42,77.31,57.11,42.49,UPI / Digital Wallet
TXN-11378,2023-02-13,CUST-1549,Female,29,25-35 (Young Adults),Clothing,Slim-Fit Denim Jeans,1,46.14,46.14,0.05,2.31,43.83,31.25,12.58,28.7,Credit Card
TXN-10085,2023-02-13,CUST-1096,Male,42,36-50 (Middle-Aged),Clothing,Winter Hooded Parka,2,129.67,259.34,0.15,38.9,220.44,157.44,63.0,28.58,UPI / Digital Wallet
TXN-11896,2023-02-13,CUST-1396,Male,18,18-24 (Youth),Clothing,Formal Oxford Shirt,2,43.19,86.38,0.0,0.0,86.38,49.02,37.36,43.25,UPI / Digital Wallet
TXN-12178,2023-02-14,CUST-1268,Male,31,25-35 (Young Adults),Electronics,Wireless Bluetooth Earbuds,2,74.87,149.74,0.2,29.95,119.79,84.97,34.82,29.07,UPI / Digital Wallet
TXN-11428,2023-02-14,CUST-1267,Male,18,18-24 (Youth),Clothing,Casual Breathable Sneakers,5,72.29,361.45,0.05,18.07,343.38,212.48,130.9,38.12,Credit Card
TXN-10370,2023-02-14,CUST-1020,Male,58,51+ (Seniors),Clothing,Slim-Fit Denim Jeans,1,45.99,45.99,0.0,0.0,45.99,28.87,17.12,37.23,Credit Card
TXN-10204,2023-02-15,CUST-1261,Male,37,36-50 (Middle-Aged),Books & Stationery,Executive Hardcover Notebook,2,15.0,30.0,0.0,0.0,30.0,20.51,9.49,31.63,Credit Card
TXN-11076,2023-02-15,CUST-1235,Other,46,36-50 (Middle-Aged),Electronics,Smart Fitness Watch,1,116.2,116.2,0.15,17.43,98.77,64.08,34.69,35.12,UPI / Digital Wallet
TXN-11032,2023-02-16,CUST-1035,Male,20,18-24 (Youth),Electronics,4K Ultra HD Smart TV,2,626.36,1252.72,0.0,0.0,1252.72,692.49,560.23,44.72,UPI / Digital Wallet
TXN-10865,2023-02-16,CUST-1212,Female,51,51+ (Seniors),Beauty & Personal Care,Ionic Ceramic Hair Dryer,1,58.33,58.33,0.2,11.67,46.66,33.19,13.47,28.87,Cash
TXN-11516,2023-02-16,CUST-1504,Male,28,25-35 (Young Adults),Electronics,Wireless Bluetooth Earbuds,1,77.06,77.06,0.2,15.41,61.65,53.23,8.42,13.66,Credit Card
TXN-10737,2023-02-16,CUST-1199,Female,21,18-24 (Youth),Clothing,Casual Breathable Sneakers,2,70.55,141.1,0.2,28.22,112.88,79.16,33.72,29.87,Credit Card
TXN-11349,2023-02-16,CUST-1023,Male,18,18-24 (Youth),Home & Kitchen,Ergonomic Memory Foam Pillow,2,34.43,68.86,0.1,6.89,61.97,43.64,18.33,29.58,Credit Card
TXN-11720,2023-02-16,CUST-1158,Female,21,18-24 (Youth),Beauty & Personal Care,Ionic Ceramic Hair Dryer,2,57.0,114.0,0.05,5.7,108.3,67.62,40.68,37.56,Credit Card
TXN-12138,2023-02-17,CUST-1203,Male,52,51+ (Seniors),Clothing,Formal Oxford Shirt,1,39.91,39.91,0.1,3.99,35.92,25.72,10.2,28.4,Debit Card
TXN-11454,2023-02-18,CUST-1448,Female,30,25-35 (Young Adults),Home & Kitchen,Espresso Coffee Machine,1,165.3,165.3,0.1,16.53,148.77,94.09,54.68,36.75,Debit Card
TXN-11398,2023-02-18,CUST-1463,Female,40,36-50 (Middle-Aged),Clothing,Classic Cotton Crewneck T-Shirt,3,21.47,64.41,0.1,6.44,57.97,35.62,22.35,38.55,UPI / Digital Wallet
TXN-10255,2023-02-18,CUST-1419,Male,38,36-50 (Middle-Aged),Home & Kitchen,Ergonomic Memory Foam Pillow,3,33.99,101.97,0.0,0.0,101.97,61.32,40.65,39.86,UPI / Digital Wallet
TXN-10657,2023-02-18,CUST-1486,Female,28,25-35 (Young Adults),Home & Kitchen,Espresso Coffee Machine,1,162.58,162.58,0.05,8.13,154.45,106.25,48.2,31.21,Credit Card
TXN-12333,2023-02-18,CUST-1330,Female,37,36-50 (Middle-Aged),Electronics,Smart Fitness Watch,1,115.44,115.44,0.2,23.09,92.35,77.68,14.67,15.89,Debit Card
TXN-12489,2023-02-18,CUST-1450,Female,37,36-50 (Middle-Aged),Home & Kitchen,Stainless Steel Water Bottle,1,20.04,20.04,0.05,1.0,19.04,13.18,5.86,30.78,Debit Card
TXN-10023,2023-02-18,CUST-1153,Female,41,36-50 (Middle-Aged),Electronics,Smart Fitness Watch,3,117.3,351.9,0.05,17.6,334.3,228.78,105.52,31.56,Credit Card
TXN-10937,2023-02-18,CUST-1114,Male,35,25-35 (Young Adults),Clothing,Slim-Fit Denim Jeans,1,48.55,48.55,0.15,7.28,41.27,32.62,8.65,20.96,UPI / Digital Wallet
TXN-11159,2023-02-19,CUST-1206,Female,45,36-50 (Middle-Aged),Home & Kitchen,Espresso Coffee Machine,1,161.4,161.4,0.05,8.07,153.33,106.46,46.87,30.57,Credit Card
TXN-10167,2023-02-19,CUST-1522,Male,28,25-35 (Young Adults),Clothing,Casual Breathable Sneakers,1,73.22,73.22,0.2,14.64,58.58,51.2,7.38,12.6,UPI / Digital Wallet
TXN-12012,2023-02-21,CUST-1487,Female,22,18-24 (Youth),Home & Kitchen,Ergonomic Memory Foam Pillow,1,33.46,33.46,0.2,6.69,26.77,19.9,6.87,25.66,UPI / Digital Wallet
TXN-11203,2023-02-21,CUST-1508,Female,38,36-50 (Middle-Aged),Electronics,Portable Bluetooth Speaker,1,53.04,53.04,0.15,7.96,45.08,29.47,15.61,34.63,Credit Card
TXN-10586,2023-02-21,CUST-1288,Female,41,36-50 (Middle-Aged),Home & Kitchen,Non-Stick Ceramic Cookware Set,2,94.46,188.92,0.15,28.34,160.58,116.48,44.1,27.46,UPI / Digital Wallet
TXN-11868,2023-02-21,CUST-1098,Female,38,36-50 (Middle-Aged),Electronics,Noise-Cancelling Headphones,2,185.74,371.48,0.1,37.15,334.33,206.7,127.63,38.17,UPI / Digital Wallet
TXN-10155,2023-02-22,CUST-1585,Female,41,36-50 (Middle-Aged),Electronics,Portable Bluetooth Speaker,3,57.26,171.78,0.1,17.18,154.6,118.93,35.67,23.07,Credit Card
TXN-10900,2023-02-22,CUST-1475,Female,34,25-35 (Young Adults),Home & Kitchen,Non-Stick Ceramic Cookware Set,4,92.87,371.48,0.05,18.57,352.91,252.1,100.81,28.57,Credit Card
TXN-11998,2023-02-22,CUST-1495,Male,45,36-50 (Middle-Aged),Beauty & Personal Care,Daily Hydrating Facial Cleanser,1,18.85,18.85,0.0,0.0,18.85,12.51,6.34,33.63,Cash
TXN-12220,2023-02-22,CUST-1261,Male,37,36-50 (Middle-Aged),Home & Kitchen,Stainless Steel Water Bottle,3,20.86,62.58,0.05,3.13,59.45,42.18,17.27,29.05,Debit Card
TXN-12114,2023-02-22,CUST-1204,Female,18,18-24 (Youth),Electronics,Noise-Cancelling Headphones,2,177.05,354.1,0.1,35.41,318.69,227.2,91.49,28.71,UPI / Digital Wallet
TXN-10327,2023-02-23,CUST-1527,Male,38,36-50 (Middle-Aged),Books & Stationery,Data Science & ML Handbook,1,49.5,49.5,0.0,0.0,49.5,30.22,19.28,38.95,UPI / Digital Wallet
TXN-11806,2023-02-23,CUST-1111,Female,37,36-50 (Middle-Aged),Clothing,Winter Hooded Parka,1,139.29,139.29,0.05,6.96,132.33,80.87,51.46,38.89,Credit Card
TXN-11665,2023-02-23,CUST-1036,Female,40,36-50 (Middle-Aged),Clothing,Formal Oxford Shirt,1,41.61,41.61,0.05,2.08,39.53,23.49,16.04,40.58,UPI / Digital Wallet
TXN-12498,2023-02-23,CUST-1144,Male,41,36-50 (Middle-Aged),Clothing,Formal Oxford Shirt,1,42.33,42.33,0.0,0.0,42.33,27.77,14.56,34.4,UPI / Digital Wallet
TXN-11143,2023-02-24,CUST-1479,Female,53,51+ (Seniors),Electronics,4K Ultra HD Smart TV,3,640.04,1920.12,0.15,288.02,1632.1,1062.49,569.61,34.9,Debit Card
TXN-11562,2023-02-25,CUST-1592,Female,44,36-50 (Middle-Aged),Beauty & Personal Care,Ionic Ceramic Hair Dryer,2,57.65,115.3,0.05,5.76,109.54,73.96,35.58,32.48,UPI / Digital Wallet
TXN-10478,2023-02-25,CUST-1472,Male,18,18-24 (Youth),Beauty & Personal Care,Organic Botanical Shampoo,1,24.59,24.59,0.1,2.46,22.13,14.2,7.93,35.83,Credit Card
TXN-11421,2023-02-25,CUST-1091,Female,51,51+ (Seniors),Beauty & Personal Care,Anti-Aging Retinol Night Serum,1,42.99,42.99,0.05,2.15,40.84,27.64,13.2,32.32,Credit Card
TXN-12293,2023-02-25,CUST-1373,Male,51,51+ (Seniors),Clothing,Winter Hooded Parka,1,137.59,137.59,0.15,20.64,116.95,81.74,35.21,30.11,Credit Card
TXN-10828,2023-02-25,CUST-1526,Female,18,18-24 (Youth),Home & Kitchen,Espresso Coffee Machine,1,165.49,165.49,0.1,16.55,148.94,108.04,40.9,27.46,UPI / Digital Wallet
TXN-11934,2023-02-25,CUST-1206,Female,45,36-50 (Middle-Aged),Books & Stationery,Executive Hardcover Notebook,1,15.41,15.41,0.0,0.0,15.41,9.19,6.22,40.36,Debit Card
TXN-11925,2023-02-26,CUST-1075,Male,49,36-50 (Middle-Aged),Beauty & Personal Care,Daily Hydrating Facial Cleanser,5,18.13,90.65,0.15,13.6,77.05,49.96,27.09,35.16,Credit Card
TXN-11477,2023-02-26,CUST-1239,Male,49,36-50 (Middle-Aged),Clothing,Slim-Fit Denim Jeans,1,46.99,46.99,0.05,2.35,44.64,26.8,17.84,39.96,Credit Card
TXN-12076,2023-02-27,CUST-1280,Male,39,36-50 (Middle-Aged),Clothing,Classic Cotton Crewneck T-Shirt,2,22.97,45.94,0.0,0.0,45.94,25.34,20.6,44.84,Cash
TXN-12081,2023-02-27,CUST-1336,Female,26,25-35 (Young Adults),Books & Stationery,Fine Fountain Pen Set,2,38.41,76.82,0.1,7.68,69.14,42.48,26.66,38.56,UPI / Digital Wallet
TXN-11192,2023-02-27,CUST-1208,Male,45,36-50 (Middle-Aged),Electronics,Smart Fitness Watch,1,123.38,123.38,0.1,12.34,111.04,84.84,26.2,23.6,UPI / Digital Wallet
TXN-12323,2023-02-28,CUST-1406,Male,23,18-24 (Youth),Home & Kitchen,Ergonomic Memory Foam Pillow,2,36.23,72.46,0.0,0.0,72.46,50.22,22.24,30.69,Debit Card
TXN-10726,2023-02-28,CUST-1435,Female,39,36-50 (Middle-Aged),Home & Kitchen,Espresso Coffee Machine,1,158.31,158.31,0.0,0.0,158.31,99.76,58.55,36.98,UPI / Digital Wallet
TXN-11088,2023-02-28,CUST-1341,Male,41,36-50 (Middle-Aged),Books & Stationery,Fine Fountain Pen Set,1,37.83,37.83,0.1,3.78,34.05,22.19,11.86,34.83,UPI / Digital Wallet
TXN-12056,2023-02-28,CUST-1087,Female,42,36-50 (Middle-Aged),Electronics,Portable Bluetooth Speaker,1,53.3,53.3,0.0,0.0,53.3,29.49,23.81,44.67,Credit Card
TXN-10195,2023-02-28,CUST-1032,Female,37,36-50 (Middle-Aged),Clothing,Slim-Fit Denim Jeans,1,48.89,48.89,0.0,0.0,48.89,29.63,19.26,39.39,Cash
TXN-10754,2023-02-28,CUST-1352,Female,50,36-50 (Middle-Aged),Home & Kitchen,Espresso Coffee Machine,1,161.07,161.07,0.05,8.05,153.02,98.54,54.48,35.6,UPI / Digital Wallet
TXN-10160,2023-02-28,CUST-1194,Male,40,36-50 (Middle-Aged),Home & Kitchen,Stainless Steel Water Bottle,1,19.49,19.49,0.1,1.95,17.54,12.1,5.44,31.01,Credit Card
TXN-11973,2023-02-28,CUST-1008,Female,31,25-35 (Young Adults),Books & Stationery,Executive Hardcover Notebook,1,15.49,15.49,0.1,1.55,13.94,10.52,3.42,24.53,Debit Card
TXN-11007,2023-02-28,CUST-1385,Female,40,36-50 (Middle-Aged),Books & Stationery,Executive Hardcover Notebook,1,14.91,14.91,0.05,0.75,14.16,10.06,4.1,28.95,Cash
TXN-12193,2023-03-01,CUST-1028,Female,29,25-35 (Young Adults),Beauty & Personal Care,Anti-Aging Retinol Night Serum,1,46.49,46.49,0.0,0.0,46.49,26.09,20.4,43.88,Credit Card
TXN-10909,2023-03-01,CUST-1201,Female,45,36-50 (Middle-Aged),Electronics,Portable Bluetooth Speaker,1,52.42,52.42,0.1,5.24,47.18,32.13,15.05,31.9,Debit Card
TXN-10319,2023-03-01,CUST-1577,Male,48,36-50 (Middle-Aged),Clothing,Casual Breathable Sneakers,1,71.57,71.57,0.1,7.16,64.41,48.01,16.4,25.46,Credit Card
TXN-10068,2023-03-01,CUST-1318,Female,42,36-50 (Middle-Aged),Electronics,Portable Bluetooth Speaker,5,56.35,281.75,0.0,0.0,281.75,189.83,91.92,32.62,Debit Card
TXN-12311,2023-03-01,CUST-1597,Female,24,18-24 (Youth),Home & Kitchen,Air Fryer Digital Oven,2,110.16,220.32,0.15,33.05,187.27,149.15,38.12,20.36,Credit Card
TXN-10690,2023-03-01,CUST-1396,Male,18,18-24 (Youth),Beauty & Personal Care,Anti-Aging Retinol Night Serum,1,45.32,45.32,0.0,0.0,45.32,29.16,16.16,35.66,Credit Card
TXN-10215,2023-03-02,CUST-1318,Female,42,36-50 (Middle-Aged),Electronics,4K Ultra HD Smart TV,1,671.33,671.33,0.15,100.7,570.63,448.42,122.21,21.42,Debit Card
TXN-12318,2023-03-02,CUST-1131,Female,38,36-50 (Middle-Aged),Clothing,Slim-Fit Denim Jeans,1,49.0,49.0,0.15,7.35,41.65,28.82,12.83,30.8,UPI / Digital Wallet
TXN-12262,2023-03-03,CUST-1173,Male,42,36-50 (Middle-Aged),Books & Stationery,Data Science & ML Handbook,1,45.76,45.76,0.05,2.29,43.47,27.21,16.26,37.41,Debit Card
TXN-10906,2023-03-03,CUST-1299,Female,46,36-50 (Middle-Aged),Books & Stationery,Minimalist Wooden Desk Organizer,1,27.3,27.3,0.05,1.37,25.93,18.62,7.31,28.19,Cash
TXN-12495,2023-03-04,CUST-1271,Female,18,18-24 (Youth),Clothing,Classic Cotton Crewneck T-Shirt,1,22.95,22.95,0.2,4.59,18.36,12.88,5.48,29.85,UPI / Digital Wallet
TXN-11194,2023-03-04,CUST-1508,Female,38,36-50 (Middle-Aged),Beauty & Personal Care,Shea Butter Moisturizing Cream,1,16.74,16.74,0.05,0.84,15.9,11.25,4.65,29.25,UPI / Digital Wallet
TXN-10246,2023-03-05,CUST-1259,Male,48,36-50 (Middle-Aged),Clothing,Casual Breathable Sneakers,2,66.8,133.6,0.05,6.68,126.92,92.49,34.43,27.13,Credit Card
TXN-11508,2023-03-06,CUST-1580,Male,42,36-50 (Middle-Aged),Home & Kitchen,Non-Stick Ceramic Cookware Set,1,96.95,96.95,0.1,9.7,87.25,54.55,32.7,37.48,Credit Card
TXN-10014,2023-03-06,CUST-1075,Male,49,36-50 (Middle-Aged),Home & Kitchen,Stainless Steel Water Bottle,1,19.76,19.76,0.05,0.99,18.77,12.49,6.28,33.46,Debit Card
TXN-11792,2023-03-06,CUST-1269,Male,39,36-50 (Middle-Aged),Electronics,Smart Fitness Watch,2,115.78,231.56,0.1,23.16,208.4,130.01,78.39,37.62,Cash
TXN-11613,2023-03-07,CUST-1591,Male,31,25-35 (Young Adults),Clothing,Formal Oxford Shirt,2,43.13,86.26,0.0,0.0,86.26,50.07,36.19,41.95,Debit Card
TXN-11416,2023-03-07,CUST-1253,Male,52,51+ (Seniors),Beauty & Personal Care,Organic Botanical Shampoo,3,23.28,69.84,0.0,0.0,69.84,40.11,29.73,42.57,Credit Card
TXN-11006,2023-03-07,CUST-1421,Male,62,51+ (Seniors),Clothing,Formal Oxford Shirt,1,42.91,42.91,0.1,4.29,38.62,24.48,14.14,36.61,Credit Card
TXN-11644,2023-03-08,CUST-1329,Female,46,36-50 (Middle-Aged),Electronics,Wireless Bluetooth Earbuds,1,75.5,75.5,0.2,15.1,60.4,47.2,13.2,21.85,Credit Card
TXN-10928,2023-03-08,CUST-1303,Male,46,36-50 (Middle-Aged),Electronics,4K Ultra HD Smart TV,1,634.73,634.73,0.15,95.21,539.52,397.2,142.32,26.38,UPI / Digital Wallet
TXN-10767,2023-03-08,CUST-1480,Female,36,36-50 (Middle-Aged),Electronics,Smart Fitness Watch,2,123.23,246.46,0.0,0.0,246.46,145.26,101.2,41.06,Credit Card
TXN-11899,2023-03-08,CUST-1041,Female,40,36-50 (Middle-Aged),Home & Kitchen,Non-Stick Ceramic Cookware Set,2,90.56,181.12,0.2,36.22,144.9,126.5,18.4,12.7,Debit Card
TXN-12450,2023-03-08,CUST-1529,Male,25,25-35 (Young Adults),Electronics,Wireless Bluetooth Earbuds,1,73.72,73.72,0.0,0.0,73.72,47.46,26.26,35.62,Credit Card
TXN-11413,2023-03-08,CUST-1237,Female,40,36-50 (Middle-Aged),Home & Kitchen,Espresso Coffee Machine,1,161.87,161.87,0.1,16.19,145.68,113.1,32.58,22.36,Debit Card
TXN-11535,2023-03-08,CUST-1524,Female,27,25-35 (Young Adults),Clothing,Winter Hooded Parka,1,134.35,134.35,0.2,26.87,107.48,75.1,32.38,30.13,Debit Card
TXN-11749,2023-03-09,CUST-1065,Male,56,51+ (Seniors),Clothing,Formal Oxford Shirt,1,41.45,41.45,0.0,0.0,41.45,26.66,14.79,35.68,Credit Card
TXN-10961,2023-03-09,CUST-1407,Male,36,36-50 (Middle-Aged),Beauty & Personal Care,Daily Hydrating Facial Cleanser,1,17.9,17.9,0.1,1.79,16.11,11.75,4.36,27.06,Credit Card
TXN-12338,2023-03-09,CUST-1029,Male,33,25-35 (Young Adults),Clothing,Slim-Fit Denim Jeans,3,48.67,146.01,0.2,29.2,116.81,98.67,18.14,15.53,Debit Card
TXN-11763,2023-03-10,CUST-1298,Other,49,36-50 (Middle-Aged),Books & Stationery,Fine Fountain Pen Set,1,38.55,38.55,0.0,0.0,38.55,22.07,16.48,42.75,UPI / Digital Wallet
TXN-10392,2023-03-10,CUST-1447,Male,24,18-24 (Youth),Clothing,Slim-Fit Denim Jeans,1,48.34,48.34,0.15,7.25,41.09,27.35,13.74,33.44,Debit Card
TXN-11809,2023-03-10,CUST-1457,Female,23,18-24 (Youth),Home & Kitchen,Stainless Steel Water Bottle,2,20.61,41.22,0.0,0.0,41.22,25.0,16.22,39.35,UPI / Digital Wallet
TXN-10925,2023-03-10,CUST-1390,Male,25,25-35 (Young Adults),Home & Kitchen,Stainless Steel Water Bottle,5,20.62,103.1,0.1,10.31,92.79,61.0,31.79,34.26,Cash
TXN-11737,2023-03-11,CUST-1200,Male,43,36-50 (Middle-Aged),Home & Kitchen,Non-Stick Ceramic Cookware Set,3,96.32,288.96,0.2,57.79,231.17,196.08,35.09,15.18,Credit Card
TXN-10933,2023-03-11,CUST-1069,Female,28,25-35 (Young Adults),Clothing,Casual Breathable Sneakers,3,71.36,214.08,0.05,10.7,203.38,130.04,73.34,36.06,Credit Card
TXN-12461,2023-03-11,CUST-1581,Female,32,25-35 (Young Adults),Clothing,Slim-Fit Denim Jeans,1,48.18,48.18,0.0,0.0,48.18,28.27,19.91,41.32,Debit Card
TXN-10529,2023-03-11,CUST-1149,Female,42,36-50 (Middle-Aged),Clothing,Classic Cotton Crewneck T-Shirt,2,22.07,44.14,0.05,2.21,41.93,25.13,16.8,40.07,Credit Card
TXN-12419,2023-03-11,CUST-1446,Female,43,36-50 (Middle-Aged),Electronics,4K Ultra HD Smart TV,1,642.88,642.88,0.05,32.14,610.74,447.8,162.94,26.68,Cash
TXN-10281,2023-03-11,CUST-1111,Female,37,36-50 (Middle-Aged),Electronics,Smart Fitness Watch,1,120.98,120.98,0.15,18.15,102.83,76.03,26.8,26.06,UPI / Digital Wallet
TXN-10688,2023-03-11,CUST-1384,Male,27,25-35 (Young Adults),Home & Kitchen,Stainless Steel Water Bottle,2,19.65,39.3,0.0,0.0,39.3,21.9,17.4,44.27,Debit Card
TXN-12288,2023-03-12,CUST-1339,Male,30,25-35 (Young Adults),Beauty & Personal Care,Anti-Aging Retinol Night Serum,1,42.92,42.92,0.0,0.0,42.92,27.66,15.26,35.55,Debit Card
TXN-11972,2023-03-12,CUST-1396,Male,18,18-24 (Youth),Electronics,4K Ultra HD Smart TV,2,670.52,1341.04,0.0,0.0,1341.04,750.54,590.5,44.03,Credit Card
TXN-12368,2023-03-14,CUST-1405,Female,46,36-50 (Middle-Aged),Home & Kitchen,Ergonomic Memory Foam Pillow,3,36.38,109.14,0.2,21.83,87.31,76.01,11.3,12.94,UPI / Digital Wallet
TXN-11267,2023-03-14,CUST-1009,Male,45,36-50 (Middle-Aged),Clothing,Classic Cotton Crewneck T-Shirt,2,20.91,41.82,0.05,2.09,39.73,25.08,14.65,36.87,Credit Card
TXN-10028,2023-03-14,CUST-1352,Female,50,36-50 (Middle-Aged),Electronics,4K Ultra HD Smart TV,1,657.62,657.62,0.15,98.64,558.98,427.74,131.24,23.48,Credit Card
TXN-10970,2023-03-14,CUST-1035,Male,20,18-24 (Youth),Electronics,4K Ultra HD Smart TV,1,656.52,656.52,0.0,0.0,656.52,401.66,254.86,38.82,Debit Card
TXN-12418,2023-03-14,CUST-1258,Female,44,36-50 (Middle-Aged),Clothing,Slim-Fit Denim Jeans,3,46.67,140.01,0.05,7.0,133.01,94.8,38.21,28.73,Debit Card
TXN-10201,2023-03-14,CUST-1480,Female,36,36-50 (Middle-Aged),Home & Kitchen,Air Fryer Digital Oven,1,110.28,110.28,0.0,0.0,110.28,63.53,46.75,42.39,Credit Card
TXN-10073,2023-03-15,CUST-1260,Female,25,25-35 (Young Adults),Home & Kitchen,Non-Stick Ceramic Cookware Set,2,91.02,182.04,0.05,9.1,172.94,112.05,60.89,35.21,UPI / Digital Wallet
TXN-11270,2023-03-15,CUST-1483,Male,40,36-50 (Middle-Aged),Electronics,4K Ultra HD Smart TV,3,626.17,1878.51,0.05,93.93,1784.58,1056.37,728.21,40.81,Debit Card
TXN-10600,2023-03-16,CUST-1545,Female,26,25-35 (Young Adults),Electronics,Wireless Bluetooth Earbuds,4,74.79,299.16,0.1,29.92,269.24,205.27,63.97,23.76,UPI / Digital Wallet
TXN-11593,2023-03-16,CUST-1534,Female,28,25-35 (Young Adults),Books & Stationery,Artisan Sketching Pencil Kit,4,18.39,73.56,0.0,0.0,73.56,46.45,27.11,36.85,Credit Card
TXN-10506,2023-03-16,CUST-1481,Female,24,18-24 (Youth),Clothing,Classic Cotton Crewneck T-Shirt,3,21.02,63.06,0.05,3.15,59.91,37.13,22.78,38.02,UPI / Digital Wallet
TXN-10121,2023-03-16,CUST-1559,Male,32,25-35 (Young Adults),Electronics,Wireless Bluetooth Earbuds,2,75.76,151.52,0.1,15.15,136.37,91.85,44.52,32.65,Credit Card
TXN-10360,2023-03-17,CUST-1438,Male,18,18-24 (Youth),Electronics,Smart Fitness Watch,3,120.94,362.82,0.15,54.42,308.4,246.7,61.7,20.01,Credit Card
TXN-10304,2023-03-17,CUST-1332,Male,39,36-50 (Middle-Aged),Home & Kitchen,Non-Stick Ceramic Cookware Set,1,90.84,90.84,0.05,4.54,86.3,60.2,26.1,30.24,Credit Card
TXN-10493,2023-03-17,CUST-1501,Other,64,51+ (Seniors),Books & Stationery,Executive Hardcover Notebook,2,15.72,31.44,0.15,4.72,26.72,20.83,5.89,22.04,UPI / Digital Wallet
TXN-11672,2023-03-17,CUST-1471,Female,18,18-24 (Youth),Electronics,Wireless Bluetooth Earbuds,2,75.65,151.3,0.0,0.0,151.3,95.67,55.63,36.77,Credit Card
TXN-11179,2023-03-18,CUST-1166,Male,49,36-50 (Middle-Aged),Electronics,4K Ultra HD Smart TV,1,643.01,643.01,0.2,128.6,514.41,419.56,94.85,18.44,Credit Card
TXN-12011,2023-03-18,CUST-1094,Female,32,25-35 (Young Adults),Home & Kitchen,Non-Stick Ceramic Cookware Set,2,93.29,186.58,0.0,0.0,186.58,125.82,60.76,32.57,UPI / Digital Wallet
TXN-11016,2023-03-18,CUST-1467,Male,48,36-50 (Middle-Aged),Home & Kitchen,Stainless Steel Water Bottle,1,20.02,20.02,0.0,0.0,20.02,11.57,8.45,42.21,UPI / Digital Wallet
TXN-11472,2023-03-18,CUST-1258,Female,44,36-50 (Middle-Aged),Electronics,Wireless Bluetooth Earbuds,1,73.26,73.26,0.05,3.66,69.6,40.59,29.01,41.68,Debit Card
TXN-11711,2023-03-18,CUST-1510,Female,41,36-50 (Middle-Aged),Beauty & Personal Care,Daily Hydrating Facial Cleanser,1,18.35,18.35,0.05,0.92,17.43,12.32,5.11,29.32,Debit Card
TXN-10786,2023-03-18,CUST-1207,Female,45,36-50 (Middle-Aged),Electronics,Portable Bluetooth Speaker,1,57.62,57.62,0.15,8.64,48.98,32.41,16.57,33.83,Credit Card
TXN-11035,2023-03-18,CUST-1061,Female,35,25-35 (Young Adults),Beauty & Personal Care,Shea Butter Moisturizing Cream,1,15.7,15.7,0.0,0.0,15.7,10.23,5.47,34.84,UPI / Digital Wallet
TXN-10851,2023-03-19,CUST-1225,Male,53,51+ (Seniors),Clothing,Formal Oxford Shirt,3,41.91,125.73,0.05,6.29,119.44,87.13,32.31,27.05,Debit Card
TXN-10881,2023-03-19,CUST-1541,Male,22,18-24 (Youth),Home & Kitchen,Ergonomic Memory Foam Pillow,5,35.19,175.95,0.1,17.6,158.35,117.28,41.07,25.94,UPI / Digital Wallet
TXN-12080,2023-03-19,CUST-1252,Female,67,51+ (Seniors),Home & Kitchen,Stainless Steel Water Bottle,1,20.04,20.04,0.1,2.0,18.04,12.66,5.38,29.82,UPI / Digital Wallet
TXN-10612,2023-03-20,CUST-1050,Female,42,36-50 (Middle-Aged),Clothing,Formal Oxford Shirt,2,42.64,85.28,0.1,8.53,76.75,59.35,17.4,22.67,Credit Card
TXN-12069,2023-03-20,CUST-1557,Other,31,25-35 (Young Adults),Clothing,Winter Hooded Parka,3,131.16,393.48,0.2,78.7,314.78,253.92,60.86,19.33,Credit Card
TXN-11356,2023-03-20,CUST-1179,Female,72,51+ (Seniors),Electronics,Noise-Cancelling Headphones,3,180.78,542.34,0.0,0.0,542.34,373.18,169.16,31.19,Cash
TXN-12349,2023-03-20,CUST-1493,Female,25,25-35 (Young Adults),Books & Stationery,Artisan Sketching Pencil Kit,3,19.66,58.98,0.05,2.95,56.03,40.56,15.47,27.61,Debit Card
TXN-12088,2023-03-21,CUST-1304,Male,37,36-50 (Middle-Aged),Electronics,Noise-Cancelling Headphones,3,171.47,514.41,0.2,102.88,411.53,334.02,77.51,18.83,Debit Card
TXN-11643,2023-03-21,CUST-1056,Female,26,25-35 (Young Adults),Clothing,Casual Breathable Sneakers,3,71.35,214.05,0.0,0.0,214.05,128.19,85.86,40.11,Cash
TXN-11684,2023-03-22,CUST-1086,Male,50,36-50 (Middle-Aged),Beauty & Personal Care,Anti-Aging Retinol Night Serum,3,43.65,130.95,0.0,0.0,130.95,76.16,54.79,41.84,Credit Card
TXN-11020,2023-03-22,CUST-1273,Female,38,36-50 (Middle-Aged),Electronics,4K Ultra HD Smart TV,1,659.77,659.77,0.0,0.0,659.77,411.05,248.72,37.7,Cash
TXN-10430,2023-03-22,CUST-1329,Female,46,36-50 (Middle-Aged),Home & Kitchen,Stainless Steel Water Bottle,2,20.33,40.66,0.1,4.07,36.59,25.35,11.24,30.72,Debit Card
TXN-11387,2023-03-23,CUST-1075,Male,49,36-50 (Middle-Aged),Beauty & Personal Care,Daily Hydrating Facial Cleanser,1,17.17,17.17,0.1,1.72,15.45,10.28,5.17,33.46,UPI / Digital Wallet
TXN-11092,2023-03-23,CUST-1192,Male,40,36-50 (Middle-Aged),Electronics,Smart Fitness Watch,2,124.65,249.3,0.05,12.47,236.83,151.04,85.79,36.22,Debit Card
TXN-10078,2023-03-23,CUST-1580,Male,42,36-50 (Middle-Aged),Home & Kitchen,Non-Stick Ceramic Cookware Set,1,92.07,92.07,0.0,0.0,92.07,63.72,28.35,30.79,Cash
TXN-11311,2023-03-23,CUST-1056,Female,26,25-35 (Young Adults),Electronics,Smart Fitness Watch,1,121.79,121.79,0.05,6.09,115.7,74.02,41.68,36.02,Credit Card
TXN-10135,2023-03-23,CUST-1364,Male,47,36-50 (Middle-Aged),Clothing,Slim-Fit Denim Jeans,1,45.89,45.89,0.1,4.59,41.3,27.29,14.01,33.92,Credit Card
TXN-11552,2023-03-24,CUST-1542,Female,45,36-50 (Middle-Aged),Electronics,Noise-Cancelling Headphones,1,186.76,186.76,0.1,18.68,168.08,107.5,60.58,36.04,Credit Card
TXN-11278,2023-03-25,CUST-1191,Female,49,36-50 (Middle-Aged),Books & Stationery,Minimalist Wooden Desk Organizer,1,28.47,28.47,0.15,4.27,24.2,19.42,4.78,19.75,UPI / Digital Wallet
TXN-10616,2023-03-25,CUST-1042,Female,36,36-50 (Middle-Aged),Electronics,Noise-Cancelling Headphones,2,184.13,368.26,0.05,18.41,349.85,247.2,102.65,29.34,Credit Card
TXN-10117,2023-03-25,CUST-1453,Female,45,36-50 (Middle-Aged),Electronics,Noise-Cancelling Headphones,3,180.54,541.62,0.2,108.32,433.3,364.51,68.79,15.88,UPI / Digital Wallet
TXN-11936,2023-03-25,CUST-1375,Male,27,25-35 (Young Adults),Home & Kitchen,Espresso Coffee Machine,1,162.31,162.31,0.1,16.23,146.08,103.28,42.8,29.3,Credit Card
TXN-10809,2023-03-26,CUST-1457,Female,23,18-24 (Youth),Clothing,Casual Breathable Sneakers,1,67.0,67.0,0.1,6.7,60.3,45.31,14.99,24.86,Debit Card
TXN-11304,2023-03-26,CUST-1244,Male,21,18-24 (Youth),Home & Kitchen,Stainless Steel Water Bottle,1,19.51,19.51,0.0,0.0,19.51,11.98,7.53,38.6,Cash
TXN-11512,2023-03-26,CUST-1382,Male,18,18-24 (Youth),Electronics,Wireless Bluetooth Earbuds,2,78.46,156.92,0.2,31.38,125.54,95.07,30.47,24.27,Debit Card
TXN-11383,2023-03-26,CUST-1009,Male,45,36-50 (Middle-Aged),Beauty & Personal Care,Daily Hydrating Facial Cleanser,1,17.11,17.11,0.0,0.0,17.11,10.87,6.24,36.47,Credit Card
TXN-12433,2023-03-26,CUST-1388,Female,51,51+ (Seniors),Electronics,Smart Fitness Watch,1,114.55,114.55,0.0,0.0,114.55,79.56,34.99,30.55,Debit Card
TXN-10782,2023-03-27,CUST-1475,Female,34,25-35 (Young Adults),Beauty & Personal Care,Organic Botanical Shampoo,4,23.42,93.68,0.0,0.0,93.68,65.09,28.59,30.52,Credit Card
TXN-11197,2023-03-27,CUST-1215,Male,48,36-50 (Middle-Aged),Books & Stationery,Fine Fountain Pen Set,1,38.76,38.76,0.15,5.81,32.95,21.73,11.22,34.05,UPI / Digital Wallet
TXN-11596,2023-03-27,CUST-1290,Female,35,25-35 (Young Adults),Home & Kitchen,Non-Stick Ceramic Cookware Set,1,94.48,94.48,0.05,4.72,89.76,64.3,25.46,28.36,UPI / Digital Wallet
TXN-12383,2023-03-28,CUST-1514,Female,29,25-35 (Young Adults),Clothing,Formal Oxford Shirt,1,42.09,42.09,0.0,0.0,42.09,24.26,17.83,42.36,UPI / Digital Wallet
TXN-10784,2023-03-28,CUST-1552,Male,54,51+ (Seniors),Electronics,Noise-Cancelling Headphones,1,184.15,184.15,0.2,36.83,147.32,127.56,19.76,13.41,Credit Card
TXN-10279,2023-03-28,CUST-1182,Female,23,18-24 (Youth),Electronics,4K Ultra HD Smart TV,4,664.93,2659.72,0.1,265.97,2393.75,1807.2,586.55,24.5,UPI / Digital Wallet
TXN-11307,2023-03-28,CUST-1386,Female,42,36-50 (Middle-Aged),Beauty & Personal Care,Organic Botanical Shampoo,1,24.96,24.96,0.15,3.74,21.22,14.22,7.0,32.99,Debit Card
TXN-12194,2023-03-28,CUST-1358,Male,42,36-50 (Middle-Aged),Clothing,Casual Breathable Sneakers,3,73.49,220.47,0.1,22.05,198.42,149.21,49.21,24.8,Credit Card
TXN-11474,2023-03-28,CUST-1076,Female,39,36-50 (Middle-Aged),Clothing,Winter Hooded Parka,4,141.49,565.96,0.1,56.6,509.36,370.19,139.17,27.32,Credit Card
TXN-10108,2023-03-28,CUST-1261,Male,37,36-50 (Middle-Aged),Beauty & Personal Care,Daily Hydrating Facial Cleanser,1,17.75,17.75,0.0,0.0,17.75,10.14,7.61,42.87,Credit Card
TXN-10939,2023-03-29,CUST-1175,Male,49,36-50 (Middle-Aged),Clothing,Winter Hooded Parka,2,132.22,264.44,0.0,0.0,264.44,152.07,112.37,42.49,Credit Card
TXN-11395,2023-03-30,CUST-1227,Male,22,18-24 (Youth),Clothing,Winter Hooded Parka,2,131.56,263.12,0.15,39.47,223.65,162.84,60.81,27.19,UPI / Digital Wallet
TXN-11363,2023-03-30,CUST-1465,Male,34,25-35 (Young Adults),Electronics,Portable Bluetooth Speaker,1,57.35,57.35,0.2,11.47,45.88,36.53,9.35,20.38,Credit Card
TXN-11521,2023-03-30,CUST-1027,Male,43,36-50 (Middle-Aged),Home & Kitchen,Ergonomic Memory Foam Pillow,2,33.64,67.28,0.05,3.36,63.92,37.59,26.33,41.19,Debit Card
TXN-12393,2023-03-30,CUST-1161,Male,49,36-50 (Middle-Aged),Beauty & Personal Care,Ionic Ceramic Hair Dryer,1,55.95,55.95,0.0,0.0,55.95,32.68,23.27,41.59,Credit Card
TXN-11785,2023-03-30,CUST-1319,Female,36,36-50 (Middle-Aged),Clothing,Formal Oxford Shirt,2,41.9,83.8,0.05,4.19,79.61,56.91,22.7,28.51,Credit Card
TXN-11419,2023-03-30,CUST-1510,Female,41,36-50 (Middle-Aged),Clothing,Formal Oxford Shirt,1,43.53,43.53,0.05,2.18,41.35,25.66,15.69,37.94,Credit Card
TXN-10168,2023-03-31,CUST-1445,Female,47,36-50 (Middle-Aged),Home & Kitchen,Espresso Coffee Machine,3,159.34,478.02,0.0,0.0,478.02,278.25,199.77,41.79,Credit Card
TXN-11352,2023-03-31,CUST-1590,Male,39,36-50 (Middle-Aged),Books & Stationery,Fine Fountain Pen Set,1,38.26,38.26,0.05,1.91,36.35,26.65,9.7,26.69,Credit Card
TXN-10440,2023-03-31,CUST-1249,Female,43,36-50 (Middle-Aged),Beauty & Personal Care,Daily Hydrating Facial Cleanser,4,17.13,68.52,0.05,3.43,65.09,43.89,21.2,32.57,Credit Card
TXN-10706,2023-03-31,CUST-1310,Male,34,25-35 (Young Adults),Clothing,Slim-Fit Denim Jeans,1,49.56,49.56,0.05,2.48,47.08,29.52,17.56,37.3,Credit Card
TXN-10608,2023-04-01,CUST-1140,Female,41,36-50 (Middle-Aged),Electronics,Noise-Cancelling Headphones,1,175.5,175.5,0.0,0.0,175.5,114.82,60.68,34.58,Debit Card
TXN-12285,2023-04-01,CUST-1508,Female,38,36-50 (Middle-Aged),Clothing,Formal Oxford Shirt,2,42.2,84.4,0.15,12.66,71.74,58.26,13.48,18.79,UPI / Digital Wallet
TXN-12254,2023-04-02,CUST-1076,Female,39,36-50 (Middle-Aged),Beauty & Personal Care,Shea Butter Moisturizing Cream,1,15.73,15.73,0.0,0.0,15.73,8.93,6.8,43.23,Credit Card
TXN-11053,2023-04-02,CUST-1005,Male,34,25-35 (Young Adults),Clothing,Casual Breathable Sneakers,1,73.48,73.48,0.0,0.0,73.48,46.07,27.41,37.3,UPI / Digital Wallet
TXN-10044,2023-04-02,CUST-1525,Male,18,18-24 (Youth),Electronics,Portable Bluetooth Speaker,1,56.48,56.48,0.05,2.82,53.66,35.14,18.52,34.51,Credit Card
TXN-10487,2023-04-02,CUST-1180,Male,46,36-50 (Middle-Aged),Electronics,Smart Fitness Watch,1,121.51,121.51,0.0,0.0,121.51,67.73,53.78,44.26,Credit Card
TXN-10583,2023-04-03,CUST-1283,Male,20,18-24 (Youth),Beauty & Personal Care,Anti-Aging Retinol Night Serum,2,46.49,92.98,0.0,0.0,92.98,64.19,28.79,30.96,UPI / Digital Wallet
TXN-10171,2023-04-03,CUST-1085,Female,30,25-35 (Young Adults),Home & Kitchen,Stainless Steel Water Bottle,1,19.02,19.02,0.2,3.8,15.22,11.11,4.11,27.0,Debit Card
TXN-10222,2023-04-03,CUST-1238,Male,28,25-35 (Young Adults),Electronics,4K Ultra HD Smart TV,4,649.72,2598.88,0.05,129.94,2468.94,1811.59,657.35,26.62,Debit Card
TXN-11863,2023-04-04,CUST-1106,Female,64,51+ (Seniors),Electronics,Noise-Cancelling Headphones,1,171.02,171.02,0.05,8.55,162.47,109.34,53.13,32.7,UPI / Digital Wallet
TXN-12223,2023-04-05,CUST-1133,Female,44,36-50 (Middle-Aged),Home & Kitchen,Ergonomic Memory Foam Pillow,1,34.51,34.51,0.0,0.0,34.51,20.35,14.16,41.03,Credit Card
TXN-11471,2023-04-05,CUST-1215,Male,48,36-50 (Middle-Aged),Electronics,Noise-Cancelling Headphones,2,183.44,366.88,0.15,55.03,311.85,209.08,102.77,32.95,Debit Card
TXN-10729,2023-04-05,CUST-1544,Female,18,18-24 (Youth),Books & Stationery,Artisan Sketching Pencil Kit,1,19.32,19.32,0.1,1.93,17.39,11.6,5.79,33.29,Credit Card
TXN-10883,2023-04-05,CUST-1292,Female,29,25-35 (Young Adults),Home & Kitchen,Air Fryer Digital Oven,2,106.23,212.46,0.05,10.62,201.84,122.09,79.75,39.51,Credit Card
TXN-10774,2023-04-05,CUST-1552,Male,54,51+ (Seniors),Home & Kitchen,Stainless Steel Water Bottle,1,19.55,19.55,0.0,0.0,19.55,11.55,8.0,40.92,Credit Card
TXN-11297,2023-04-05,CUST-1552,Male,54,51+ (Seniors),Home & Kitchen,Ergonomic Memory Foam Pillow,1,34.65,34.65,0.0,0.0,34.65,21.42,13.23,38.18,UPI / Digital Wallet
TXN-10229,2023-04-06,CUST-1413,Male,55,51+ (Seniors),Electronics,4K Ultra HD Smart TV,2,641.76,1283.52,0.0,0.0,1283.52,725.9,557.62,43.44,Credit Card
TXN-12468,2023-04-06,CUST-1278,Other,38,36-50 (Middle-Aged),Beauty & Personal Care,Organic Botanical Shampoo,1,22.84,22.84,0.2,4.57,18.27,14.84,3.43,18.77,Credit Card
TXN-10322,2023-04-06,CUST-1163,Male,26,25-35 (Young Adults),Home & Kitchen,Espresso Coffee Machine,2,156.06,312.12,0.0,0.0,312.12,214.94,97.18,31.14,Credit Card
TXN-11061,2023-04-06,CUST-1261,Male,37,36-50 (Middle-Aged),Books & Stationery,Data Science & ML Handbook,2,46.83,93.66,0.2,18.73,74.93,52.19,22.74,30.35,Credit Card
TXN-10929,2023-04-06,CUST-1383,Female,30,25-35 (Young Adults),Electronics,Smart Fitness Watch,1,124.57,124.57,0.0,0.0,124.57,75.01,49.56,39.78,UPI / Digital Wallet
TXN-11117,2023-04-07,CUST-1229,Male,47,36-50 (Middle-Aged),Electronics,Smart Fitness Watch,1,124.36,124.36,0.0,0.0,124.36,82.86,41.5,33.37,Debit Card
TXN-11281,2023-04-07,CUST-1051,Female,32,25-35 (Young Adults),Electronics,Smart Fitness Watch,2,116.14,232.28,0.15,34.84,197.44,142.0,55.44,28.08,UPI / Digital Wallet
TXN-10490,2023-04-07,CUST-1441,Male,37,36-50 (Middle-Aged),Electronics,4K Ultra HD Smart TV,5,671.86,3359.3,0.2,671.86,2687.44,1880.51,806.93,30.03,UPI / Digital Wallet
TXN-11898,2023-04-07,CUST-1011,Female,31,25-35 (Young Adults),Home & Kitchen,Espresso Coffee Machine,1,152.73,152.73,0.1,15.27,137.46,92.45,45.01,32.74,UPI / Digital Wallet
TXN-11536,2023-04-07,CUST-1330,Female,37,36-50 (Middle-Aged),Electronics,Noise-Cancelling Headphones,2,175.13,350.26,0.0,0.0,350.26,240.96,109.3,31.21,Debit Card
TXN-10850,2023-04-08,CUST-1119,Female,48,36-50 (Middle-Aged),Clothing,Slim-Fit Denim Jeans,1,49.05,49.05,0.0,0.0,49.05,30.01,19.04,38.82,Credit Card
TXN-11276,2023-04-09,CUST-1240,Female,26,25-35 (Young Adults),Clothing,Classic Cotton Crewneck T-Shirt,3,22.27,66.81,0.0,0.0,66.81,46.59,20.22,30.26,UPI / Digital Wallet
TXN-12276,2023-04-10,CUST-1128,Female,39,36-50 (Middle-Aged),Electronics,Portable Bluetooth Speaker,1,55.65,55.65,0.2,11.13,44.52,32.96,11.56,25.97,Debit Card
TXN-11220,2023-04-10,CUST-1111,Female,37,36-50 (Middle-Aged),Clothing,Winter Hooded Parka,2,134.14,268.28,0.15,40.24,228.04,159.24,68.8,30.17,Credit Card
TXN-12297,2023-04-10,CUST-1243,Female,50,36-50 (Middle-Aged),Electronics,Portable Bluetooth Speaker,3,52.64,157.92,0.0,0.0,157.92,94.84,63.08,39.94,Debit Card
TXN-11269,2023-04-10,CUST-1437,Male,18,18-24 (Youth),Electronics,Wireless Bluetooth Earbuds,2,78.51,157.02,0.15,23.55,133.47,94.22,39.25,29.41,Cash
TXN-10631,2023-04-11,CUST-1540,Male,49,36-50 (Middle-Aged),Clothing,Classic Cotton Crewneck T-Shirt,1,21.02,21.02,0.05,1.05,19.97,13.15,6.82,34.15,Credit Card
TXN-10035,2023-04-11,CUST-1243,Female,50,36-50 (Middle-Aged),Electronics,4K Ultra HD Smart TV,3,625.06,1875.18,0.05,93.76,1781.42,1278.3,503.12,28.24,UPI / Digital Wallet
TXN-10671,2023-04-11,CUST-1055,Female,51,51+ (Seniors),Clothing,Slim-Fit Denim Jeans,2,45.65,91.3,0.0,0.0,91.3,60.8,30.5,33.41,Debit Card
TXN-10413,2023-04-11,CUST-1175,Male,49,36-50 (Middle-Aged),Electronics,4K Ultra HD Smart TV,1,622.74,622.74,0.0,0.0,622.74,350.89,271.85,43.65,UPI / Digital Wallet
TXN-11960,2023-04-12,CUST-1292,Female,29,25-35 (Young Adults),Clothing,Slim-Fit Denim Jeans,1,48.58,48.58,0.1,4.86,43.72,29.04,14.68,33.58,Credit Card
TXN-11897,2023-04-12,CUST-1185,Male,47,36-50 (Middle-Aged),Clothing,Slim-Fit Denim Jeans,1,48.99,48.99,0.1,4.9,44.09,28.75,15.34,34.79,UPI / Digital Wallet
TXN-10015,2023-04-12,CUST-1266,Female,60,51+ (Seniors),Home & Kitchen,Non-Stick Ceramic Cookware Set,1,97.46,97.46,0.05,4.87,92.59,67.51,25.08,27.09,UPI / Digital Wallet
TXN-10134,2023-04-12,CUST-1586,Male,31,25-35 (Young Adults),Electronics,Wireless Bluetooth Earbuds,1,75.08,75.08,0.05,3.75,71.33,51.04,20.29,28.45,Cash
TXN-11595,2023-04-12,CUST-1263,Female,23,18-24 (Youth),Electronics,4K Ultra HD Smart TV,5,674.56,3372.8,0.0,0.0,3372.8,2205.9,1166.9,34.6,Credit Card
TXN-10667,2023-04-13,CUST-1214,Male,33,25-35 (Young Adults),Electronics,Smart Fitness Watch,1,119.19,119.19,0.1,11.92,107.27,65.88,41.39,38.58,Debit Card
TXN-12292,2023-04-13,CUST-1148,Female,45,36-50 (Middle-Aged),Electronics,Noise-Cancelling Headphones,3,178.11,534.33,0.2,106.87,427.46,366.78,60.68,14.2,Debit Card
TXN-11761,2023-04-13,CUST-1059,Female,51,51+ (Seniors),Home & Kitchen,Stainless Steel Water Bottle,1,19.79,19.79,0.0,0.0,19.79,12.94,6.85,34.61,Credit Card
TXN-11948,2023-04-13,CUST-1109,Female,36,36-50 (Middle-Aged),Home & Kitchen,Air Fryer Digital Oven,1,113.24,113.24,0.2,22.65,90.59,79.16,11.43,12.62,UPI / Digital Wallet
TXN-10294,2023-04-13,CUST-1124,Female,46,36-50 (Middle-Aged),Home & Kitchen,Espresso Coffee Machine,1,153.46,153.46,0.0,0.0,153.46,102.38,51.08,33.29,Credit Card
TXN-10273,2023-04-14,CUST-1272,Male,54,51+ (Seniors),Home & Kitchen,Ergonomic Memory Foam Pillow,4,36.22,144.88,0.15,21.73,123.15,95.75,27.4,22.25,Credit Card
TXN-10741,2023-04-14,CUST-1451,Female,51,51+ (Seniors),Beauty & Personal Care,Ionic Ceramic Hair Dryer,2,58.31,116.62,0.05,5.83,110.79,78.85,31.94,28.83,Credit Card
TXN-11097,2023-04-14,CUST-1191,Female,49,36-50 (Middle-Aged),Electronics,Wireless Bluetooth Earbuds,2,73.2,146.4,0.0,0.0,146.4,101.34,45.06,30.78,Credit Card
TXN-11095,2023-04-14,CUST-1338,Male,43,36-50 (Middle-Aged),Electronics,Smart Fitness Watch,1,124.41,124.41,0.0,0.0,124.41,76.38,48.03,38.61,Debit Card
TXN-11757,2023-04-14,CUST-1302,Female,48,36-50 (Middle-Aged),Beauty & Personal Care,Shea Butter Moisturizing Cream,1,15.52,15.52,0.15,2.33,13.19,9.29,3.9,29.57,Debit Card
TXN-12303,2023-04-15,CUST-1174,Male,41,36-50 (Middle-Aged),Electronics,Noise-Cancelling Headphones,2,186.66,373.32,0.05,18.67,354.65,259.89,94.76,26.72,Credit Card
TXN-10843,2023-04-15,CUST-1014,Female,18,18-24 (Youth),Home & Kitchen,Espresso Coffee Machine,2,154.32,308.64,0.1,30.86,277.78,200.1,77.68,27.96,Credit Card
TXN-10623,2023-04-15,CUST-1149,Female,42,36-50 (Middle-Aged),Electronics,Noise-Cancelling Headphones,1,186.43,186.43,0.0,0.0,186.43,114.78,71.65,38.43,Credit Card
TXN-10116,2023-04-15,CUST-1201,Female,45,36-50 (Middle-Aged),Clothing,Winter Hooded Parka,1,136.33,136.33,0.0,0.0,136.33,77.35,58.98,43.26,Credit Card
TXN-12264,2023-04-16,CUST-1294,Female,42,36-50 (Middle-Aged),Electronics,Smart Fitness Watch,1,119.36,119.36,0.05,5.97,113.39,68.82,44.57,39.31,UPI / Digital Wallet
TXN-11607,2023-04-16,CUST-1582,Female,46,36-50 (Middle-Aged),Electronics,Portable Bluetooth Speaker,1,54.47,54.47,0.2,10.89,43.58,36.41,7.17,16.45,Credit Card
TXN-10258,2023-04-16,CUST-1180,Male,46,36-50 (Middle-Aged),Clothing,Slim-Fit Denim Jeans,1,46.52,46.52,0.05,2.33,44.19,32.51,11.68,26.43,UPI / Digital Wallet
TXN-10297,2023-04-16,CUST-1400,Male,18,18-24 (Youth),Home & Kitchen,Ergonomic Memory Foam Pillow,1,34.07,34.07,0.15,5.11,28.96,22.93,6.03,20.82,Debit Card
TXN-10259,2023-04-16,CUST-1270,Female,58,51+ (Seniors),Electronics,Portable Bluetooth Speaker,3,57.69,173.07,0.05,8.65,164.42,100.26,64.16,39.02,Debit Card
TXN-11274,2023-04-17,CUST-1389,Male,29,25-35 (Young Adults),Clothing,Slim-Fit Denim Jeans,2,49.51,99.02,0.2,19.8,79.22,64.06,15.16,19.14,Credit Card
TXN-12315,2023-04-18,CUST-1176,Female,38,36-50 (Middle-Aged),Beauty & Personal Care,Ionic Ceramic Hair Dryer,2,58.36,116.72,0.2,23.34,93.38,64.79,28.59,30.62,Credit Card
TXN-10284,2023-04-18,CUST-1444,Male,19,18-24 (Youth),Electronics,Smart Fitness Watch,1,125.8,125.8,0.2,25.16,100.64,77.33,23.31,23.16,Credit Card
TXN-10365,2023-04-19,CUST-1532,Female,37,36-50 (Middle-Aged),Home & Kitchen,Stainless Steel Water Bottle,1,19.98,19.98,0.0,0.0,19.98,12.25,7.73,38.69,Debit Card
TXN-11796,2023-04-19,CUST-1026,Male,21,18-24 (Youth),Clothing,Slim-Fit Denim Jeans,1,50.0,50.0,0.05,2.5,47.5,33.75,13.75,28.95,Debit Card
TXN-11748,2023-04-20,CUST-1148,Female,45,36-50 (Middle-Aged),Books & Stationery,Fine Fountain Pen Set,2,37.22,74.44,0.2,14.89,59.55,42.08,17.47,29.34,Debit Card
TXN-10325,2023-04-20,CUST-1189,Female,18,18-24 (Youth),Home & Kitchen,Stainless Steel Water Bottle,2,20.92,41.84,0.05,2.09,39.75,23.55,16.2,40.75,Debit Card
TXN-11145,2023-04-20,CUST-1201,Female,45,36-50 (Middle-Aged),Clothing,Slim-Fit Denim Jeans,1,46.6,46.6,0.0,0.0,46.6,31.52,15.08,32.36,UPI / Digital Wallet
TXN-11049,2023-04-21,CUST-1049,Male,18,18-24 (Youth),Books & Stationery,Minimalist Wooden Desk Organizer,3,27.58,82.74,0.0,0.0,82.74,52.53,30.21,36.51,Credit Card
TXN-12059,2023-04-21,CUST-1289,Male,29,25-35 (Young Adults),Books & Stationery,Executive Hardcover Notebook,1,14.38,14.38,0.2,2.88,11.5,9.66,1.84,16.0,UPI / Digital Wallet
TXN-11678,2023-04-21,CUST-1526,Female,18,18-24 (Youth),Clothing,Formal Oxford Shirt,3,40.51,121.53,0.05,6.08,115.45,70.88,44.57,38.61,Credit Card
TXN-10356,2023-04-21,CUST-1136,Male,27,25-35 (Young Adults),Clothing,Casual Breathable Sneakers,1,70.56,70.56,0.2,14.11,56.45,39.25,17.2,30.47,Cash
TXN-12258,2023-04-22,CUST-1461,Female,38,36-50 (Middle-Aged),Home & Kitchen,Non-Stick Ceramic Cookware Set,2,96.24,192.48,0.0,0.0,192.48,113.57,78.91,41.0,Credit Card
TXN-11584,2023-04-22,CUST-1238,Male,28,25-35 (Young Adults),Home & Kitchen,Ergonomic Memory Foam Pillow,1,36.74,36.74,0.05,1.84,34.9,22.7,12.2,34.96,Credit Card
TXN-10878,2023-04-23,CUST-1361,Female,59,51+ (Seniors),Books & Stationery,Executive Hardcover Notebook,3,14.73,44.19,0.1,4.42,39.77,29.11,10.66,26.8,UPI / Digital Wallet
TXN-11939,2023-04-23,CUST-1163,Male,26,25-35 (Young Adults),Clothing,Slim-Fit Denim Jeans,4,46.86,187.44,0.0,0.0,187.44,111.67,75.77,40.42,Credit Card
TXN-11355,2023-04-23,CUST-1019,Male,18,18-24 (Youth),Electronics,Wireless Bluetooth Earbuds,1,78.16,78.16,0.15,11.72,66.44,54.07,12.37,18.62,Credit Card
TXN-11604,2023-04-23,CUST-1421,Male,62,51+ (Seniors),Electronics,4K Ultra HD Smart TV,1,676.22,676.22,0.0,0.0,676.22,455.83,220.39,32.59,UPI / Digital Wallet
TXN-10959,2023-04-24,CUST-1522,Male,28,25-35 (Young Adults),Electronics,4K Ultra HD Smart TV,1,620.84,620.84,0.0,0.0,620.84,408.32,212.52,34.23,UPI / Digital Wallet
TXN-10412,2023-04-24,CUST-1198,Female,38,36-50 (Middle-Aged),Clothing,Slim-Fit Denim Jeans,1,48.88,48.88,0.1,4.89,43.99,29.2,14.79,33.62,Credit Card
TXN-10175,2023-04-24,CUST-1057,Female,33,25-35 (Young Adults),Beauty & Personal Care,Organic Botanical Shampoo,1,23.04,23.04,0.0,0.0,23.04,12.81,10.23,44.4,Credit Card
TXN-10220,2023-04-25,CUST-1233,Female,28,25-35 (Young Adults),Home & Kitchen,Espresso Coffee Machine,2,157.37,314.74,0.05,15.74,299.0,219.67,79.33,26.53,Credit Card
TXN-12077,2023-04-26,CUST-1398,Male,36,36-50 (Middle-Aged),Home & Kitchen,Ergonomic Memory Foam Pillow,1,36.48,36.48,0.1,3.65,32.83,20.67,12.16,37.04,Credit Card
TXN-11706,2023-04-26,CUST-1149,Female,42,36-50 (Middle-Aged),Electronics,4K Ultra HD Smart TV,3,660.24,1980.72,0.15,297.11,1683.61,1280.66,402.95,23.93,Debit Card
TXN-11211,2023-04-26,CUST-1412,Female,18,18-24 (Youth),Beauty & Personal Care,Shea Butter Moisturizing Cream,1,15.67,15.67,0.05,0.78,14.89,9.34,5.55,37.27,Cash
TXN-11511,2023-04-26,CUST-1163,Male,26,25-35 (Young Adults),Beauty & Personal Care,Anti-Aging Retinol Night Serum,1,44.6,44.6,0.0,0.0,44.6,25.55,19.05,42.71,Credit Card
TXN-10482,2023-04-26,CUST-1161,Male,49,36-50 (Middle-Aged),Clothing,Winter Hooded Parka,1,134.32,134.32,0.2,26.86,107.46,76.39,31.07,28.91,Debit Card
TXN-10503,2023-04-27,CUST-1477,Female,42,36-50 (Middle-Aged),Electronics,Wireless Bluetooth Earbuds,1,76.59,76.59,0.0,0.0,76.59,47.8,28.79,37.59,UPI / Digital Wallet
TXN-12366,2023-04-27,CUST-1291,Female,31,25-35 (Young Adults),Home & Kitchen,Stainless Steel Water Bottle,1,20.15,20.15,0.2,4.03,16.12,12.97,3.15,19.54,Credit Card
TXN-12135,2023-04-27,CUST-1088,Female,30,25-35 (Young Adults),Home & Kitchen,Non-Stick Ceramic Cookware Set,1,91.51,91.51,0.0,0.0,91.51,53.68,37.83,41.34,UPI / Digital Wallet
TXN-11800,2023-04-27,CUST-1433,Other,48,36-50 (Middle-Aged),Clothing,Winter Hooded Parka,2,140.33,280.66,0.1,28.07,252.59,177.48,75.11,29.74,Credit Card
TXN-10346,2023-04-27,CUST-1270,Female,58,51+ (Seniors),Home & Kitchen,Stainless Steel Water Bottle,1,19.23,19.23,0.0,0.0,19.23,11.9,7.33,38.12,UPI / Digital Wallet
TXN-11200,2023-04-28,CUST-1183,Male,44,36-50 (Middle-Aged),Beauty & Personal Care,Daily Hydrating Facial Cleanser,1,17.28,17.28,0.05,0.86,16.42,9.55,6.87,41.84,UPI / Digital Wallet
TXN-10070,2023-04-28,CUST-1160,Female,24,18-24 (Youth),Clothing,Casual Breathable Sneakers,1,69.97,69.97,0.1,7.0,62.97,48.89,14.08,22.36,UPI / Digital Wallet
TXN-12155,2023-04-29,CUST-1068,Female,43,36-50 (Middle-Aged),Electronics,Portable Bluetooth Speaker,1,57.18,57.18,0.05,2.86,54.32,34.16,20.16,37.11,UPI / Digital Wallet
TXN-12290,2023-04-29,CUST-1196,Male,25,25-35 (Young Adults),Beauty & Personal Care,Daily Hydrating Facial Cleanser,1,18.89,18.89,0.0,0.0,18.89,11.21,7.68,40.66,Cash
TXN-11264,2023-04-29,CUST-1132,Female,23,18-24 (Youth),Home & Kitchen,Non-Stick Ceramic Cookware Set,1,92.69,92.69,0.2,18.54,74.15,62.83,11.32,15.27,UPI / Digital Wallet
TXN-11052,2023-04-30,CUST-1290,Female,35,25-35 (Young Adults),Beauty & Personal Care,Anti-Aging Retinol Night Serum,1,44.24,44.24,0.0,0.0,44.24,26.58,17.66,39.92,UPI / Digital Wallet
TXN-11112,2023-04-30,CUST-1065,Male,56,51+ (Seniors),Home & Kitchen,Non-Stick Ceramic Cookware Set,1,98.38,98.38,0.15,14.76,83.62,59.43,24.19,28.93,Debit Card
TXN-10717,2023-05-01,CUST-1196,Male,25,25-35 (Young Adults),Beauty & Personal Care,Daily Hydrating Facial Cleanser,1,18.8,18.8,0.0,0.0,18.8,12.05,6.75,35.9,Cash
TXN-10860,2023-05-01,CUST-1187,Female,36,36-50 (Middle-Aged),Clothing,Winter Hooded Parka,1,138.28,138.28,0.05,6.91,131.37,84.06,47.31,36.01,Cash
TXN-11441,2023-05-01,CUST-1087,Female,42,36-50 (Middle-Aged),Books & Stationery,Data Science & ML Handbook,1,46.8,46.8,0.0,0.0,46.8,28.72,18.08,38.63,Credit Card
TXN-10874,2023-05-01,CUST-1031,Male,63,51+ (Seniors),Electronics,Portable Bluetooth Speaker,1,55.14,55.14,0.0,0.0,55.14,37.94,17.2,31.19,Debit Card
TXN-10532,2023-05-01,CUST-1451,Female,51,51+ (Seniors),Beauty & Personal Care,Ionic Ceramic Hair Dryer,1,55.13,55.13,0.0,0.0,55.13,34.53,20.6,37.37,Credit Card
TXN-10578,2023-05-01,CUST-1064,Female,49,36-50 (Middle-Aged),Electronics,Noise-Cancelling Headphones,1,183.04,183.04,0.1,18.3,164.74,124.6,40.14,24.37,Credit Card
TXN-11101,2023-05-02,CUST-1317,Male,33,25-35 (Young Adults),Electronics,Smart Fitness Watch,1,123.16,123.16,0.05,6.16,117.0,83.21,33.79,28.88,Credit Card
TXN-10772,2023-05-02,CUST-1298,Other,49,36-50 (Middle-Aged),Books & Stationery,Executive Hardcover Notebook,2,15.63,31.26,0.1,3.13,28.13,20.52,7.61,27.05,Credit Card
TXN-10797,2023-05-02,CUST-1009,Male,45,36-50 (Middle-Aged),Electronics,4K Ultra HD Smart TV,1,662.69,662.69,0.0,0.0,662.69,399.34,263.35,39.74,UPI / Digital Wallet
TXN-11429,2023-05-03,CUST-1213,Male,47,36-50 (Middle-Aged),Beauty & Personal Care,Daily Hydrating Facial Cleanser,1,18.2,18.2,0.15,2.73,15.47,11.15,4.32,27.93,Debit Card
TXN-11850,2023-05-03,CUST-1068,Female,43,36-50 (Middle-Aged),Electronics,Portable Bluetooth Speaker,1,54.48,54.48,0.0,0.0,54.48,37.2,17.28,31.72,UPI / Digital Wallet
TXN-11406,2023-05-03,CUST-1324,Female,23,18-24 (Youth),Beauty & Personal Care,Ionic Ceramic Hair Dryer,1,56.91,56.91,0.1,5.69,51.22,33.66,17.56,34.28,UPI / Digital Wallet
TXN-12252,2023-05-04,CUST-1355,Female,23,18-24 (Youth),Beauty & Personal Care,Shea Butter Moisturizing Cream,4,15.25,61.0,0.2,12.2,48.8,42.23,6.57,13.46,Cash
TXN-12145,2023-05-05,CUST-1518,Male,39,36-50 (Middle-Aged),Books & Stationery,Artisan Sketching Pencil Kit,2,18.94,37.88,0.0,0.0,37.88,23.17,14.71,38.83,UPI / Digital Wallet
TXN-11279,2023-05-06,CUST-1356,Female,37,36-50 (Middle-Aged),Clothing,Formal Oxford Shirt,1,41.66,41.66,0.0,0.0,41.66,28.97,12.69,30.46,Debit Card
TXN-12460,2023-05-06,CUST-1112,Female,38,36-50 (Middle-Aged),Clothing,Casual Breathable Sneakers,1,72.5,72.5,0.0,0.0,72.5,40.56,31.94,44.06,Credit Card
TXN-11922,2023-05-06,CUST-1048,Male,42,36-50 (Middle-Aged),Electronics,Portable Bluetooth Speaker,1,54.5,54.5,0.0,0.0,54.5,33.65,20.85,38.26,Debit Card
TXN-10940,2023-05-06,CUST-1308,Male,45,36-50 (Middle-Aged),Home & Kitchen,Ergonomic Memory Foam Pillow,2,33.8,67.6,0.1,6.76,60.84,38.3,22.54,37.05,Debit Card
TXN-11285,2023-05-07,CUST-1264,Male,34,25-35 (Young Adults),Home & Kitchen,Non-Stick Ceramic Cookware Set,1,98.14,98.14,0.0,0.0,98.14,66.36,31.78,32.38,Credit Card
TXN-10768,2023-05-07,CUST-1204,Female,18,18-24 (Youth),Home & Kitchen,Non-Stick Ceramic Cookware Set,1,96.4,96.4,0.0,0.0,96.4,66.1,30.3,31.43,Cash
TXN-11331,2023-05-07,CUST-1070,Female,43,36-50 (Middle-Aged),Home & Kitchen,Espresso Coffee Machine,1,154.86,154.86,0.05,7.74,147.12,94.92,52.2,35.48,Credit Card
TXN-10777,2023-05-08,CUST-1502,Female,18,18-24 (Youth),Clothing,Classic Cotton Crewneck T-Shirt,1,22.49,22.49,0.0,0.0,22.49,13.5,8.99,39.97,Debit Card
TXN-10292,2023-05-08,CUST-1397,Female,56,51+ (Seniors),Electronics,Smart Fitness Watch,1,120.68,120.68,0.15,18.1,102.58,69.2,33.38,32.54,Credit Card
TXN-12035,2023-05-08,CUST-1199,Female,21,18-24 (Youth),Books & Stationery,Data Science & ML Handbook,1,46.33,46.33,0.15,6.95,39.38,26.12,13.26,33.67,Debit Card
TXN-10062,2023-05-09,CUST-1260,Female,25,25-35 (Young Adults),Beauty & Personal Care,Organic Botanical Shampoo,1,23.04,23.04,0.15,3.46,19.58,13.38,6.2,31.66,Debit Card
TXN-11990,2023-05-09,CUST-1222,Male,47,36-50 (Middle-Aged),Clothing,Classic Cotton Crewneck T-Shirt,1,22.15,22.15,0.1,2.22,19.93,12.73,7.2,36.13,Credit Card
TXN-10597,2023-05-09,CUST-1048,Male,42,36-50 (Middle-Aged),Books & Stationery,Artisan Sketching Pencil Kit,1,19.74,19.74,0.0,0.0,19.74,12.41,7.33,37.13,Cash
TXN-10501,2023-05-09,CUST-1598,Female,31,25-35 (Young Adults),Home & Kitchen,Ergonomic Memory Foam Pillow,1,34.45,34.45,0.1,3.44,31.01,20.61,10.4,33.54,UPI / Digital Wallet
TXN-10420,2023-05-09,CUST-1560,Female,42,36-50 (Middle-Aged),Electronics,Noise-Cancelling Headphones,1,181.5,181.5,0.1,18.15,163.35,112.9,50.45,30.88,UPI / Digital Wallet
TXN-11717,2023-05-10,CUST-1353,Female,35,25-35 (Young Adults),Electronics,Smart Fitness Watch,1,114.76,114.76,0.05,5.74,109.02,79.72,29.3,26.88,UPI / Digital Wallet
TXN-10414,2023-05-10,CUST-1351,Female,58,51+ (Seniors),Clothing,Slim-Fit Denim Jeans,1,47.25,47.25,0.05,2.36,44.89,30.11,14.78,32.92,UPI / Digital Wallet
TXN-10861,2023-05-10,CUST-1042,Female,36,36-50 (Middle-Aged),Electronics,Portable Bluetooth Speaker,1,53.83,53.83,0.0,0.0,53.83,31.49,22.34,41.5,UPI / Digital Wallet
TXN-11424,2023-05-10,CUST-1357,Female,33,25-35 (Young Adults),Home & Kitchen,Stainless Steel Water Bottle,1,19.27,19.27,0.1,1.93,17.34,11.45,5.89,33.97,Credit Card
TXN-10824,2023-05-11,CUST-1025,Female,39,36-50 (Middle-Aged),Electronics,Wireless Bluetooth Earbuds,1,77.12,77.12,0.1,7.71,69.41,42.43,26.98,38.87,UPI / Digital Wallet
TXN-10418,2023-05-11,CUST-1449,Male,23,18-24 (Youth),Books & Stationery,Data Science & ML Handbook,2,48.33,96.66,0.15,14.5,82.16,58.12,24.04,29.26,Debit Card
TXN-10738,2023-05-11,CUST-1578,Female,18,18-24 (Youth),Clothing,Winter Hooded Parka,2,135.75,271.5,0.05,13.58,257.92,160.41,97.51,37.81,Credit Card
TXN-10531,2023-05-11,CUST-1442,Male,18,18-24 (Youth),Home & Kitchen,Air Fryer Digital Oven,1,112.36,112.36,0.0,0.0,112.36,78.02,34.34,30.56,Cash
TXN-10793,2023-05-12,CUST-1559,Male,32,25-35 (Young Adults),Electronics,Wireless Bluetooth Earbuds,2,72.61,145.22,0.05,7.26,137.96,88.63,49.33,35.76,UPI / Digital Wallet
TXN-11561,2023-05-12,CUST-1043,Female,33,25-35 (Young Adults),Beauty & Personal Care,Shea Butter Moisturizing Cream,4,16.64,66.56,0.15,9.98,56.58,42.53,14.05,24.83,Credit Card
TXN-10178,2023-05-12,CUST-1083,Female,30,25-35 (Young Adults),Clothing,Casual Breathable Sneakers,1,67.93,67.93,0.0,0.0,67.93,43.41,24.52,36.1,Credit Card
TXN-11555,2023-05-13,CUST-1583,Male,69,51+ (Seniors),Electronics,Smart Fitness Watch,1,118.6,118.6,0.1,11.86,106.74,82.92,23.82,22.32,Credit Card
TXN-10791,2023-05-13,CUST-1442,Male,18,18-24 (Youth),Clothing,Slim-Fit Denim Jeans,1,48.92,48.92,0.15,7.34,41.58,29.95,11.63,27.97,Credit Card
TXN-12493,2023-05-13,CUST-1196,Male,25,25-35 (Young Adults),Home & Kitchen,Air Fryer Digital Oven,3,113.06,339.18,0.0,0.0,339.18,228.41,110.77,32.66,Credit Card
TXN-11818,2023-05-13,CUST-1399,Male,55,51+ (Seniors),Electronics,Wireless Bluetooth Earbuds,1,76.21,76.21,0.1,7.62,68.59,50.23,18.36,26.77,Debit Card
TXN-11303,2023-05-13,CUST-1118,Male,53,51+ (Seniors),Electronics,4K Ultra HD Smart TV,2,629.97,1259.94,0.0,0.0,1259.94,752.2,507.74,40.3,Credit Card
TXN-11420,2023-05-14,CUST-1370,Male,38,36-50 (Middle-Aged),Beauty & Personal Care,Daily Hydrating Facial Cleanser,2,18.32,36.64,0.05,1.83,34.81,24.88,9.93,28.53,Credit Card
TXN-10036,2023-05-14,CUST-1066,Female,36,36-50 (Middle-Aged),Beauty & Personal Care,Organic Botanical Shampoo,1,24.76,24.76,0.0,0.0,24.76,14.19,10.57,42.69,Credit Card
TXN-11537,2023-05-15,CUST-1253,Male,52,51+ (Seniors),Clothing,Classic Cotton Crewneck T-Shirt,1,21.68,21.68,0.05,1.08,20.6,13.77,6.83,33.16,Debit Card
TXN-11909,2023-05-15,CUST-1030,Male,29,25-35 (Young Adults),Clothing,Winter Hooded Parka,1,138.18,138.18,0.15,20.73,117.45,78.09,39.36,33.51,Credit Card
TXN-10646,2023-05-16,CUST-1222,Male,47,36-50 (Middle-Aged),Beauty & Personal Care,Organic Botanical Shampoo,1,22.93,22.93,0.15,3.44,19.49,15.54,3.95,20.27,Debit Card
TXN-10230,2023-05-16,CUST-1200,Male,43,36-50 (Middle-Aged),Home & Kitchen,Stainless Steel Water Bottle,1,20.04,20.04,0.1,2.0,18.04,13.3,4.74,26.27,Credit Card
TXN-11631,2023-05-17,CUST-1472,Male,18,18-24 (Youth),Clothing,Formal Oxford Shirt,2,40.22,80.44,0.05,4.02,76.42,47.53,28.89,37.8,Credit Card
TXN-10071,2023-05-17,CUST-1399,Male,55,51+ (Seniors),Electronics,Smart Fitness Watch,1,118.35,118.35,0.0,0.0,118.35,65.52,52.83,44.64,UPI / Digital Wallet
TXN-10744,2023-05-17,CUST-1335,Female,35,25-35 (Young Adults),Beauty & Personal Care,Shea Butter Moisturizing Cream,1,16.66,16.66,0.1,1.67,14.99,9.36,5.63,37.56,Debit Card
TXN-10276,2023-05-17,CUST-1366,Male,41,36-50 (Middle-Aged),Electronics,Smart Fitness Watch,1,117.28,117.28,0.05,5.86,111.42,80.57,30.85,27.69,Credit Card
TXN-11102,2023-05-18,CUST-1494,Male,59,51+ (Seniors),Books & Stationery,Fine Fountain Pen Set,1,36.34,36.34,0.0,0.0,36.34,22.93,13.41,36.9,UPI / Digital Wallet
TXN-10053,2023-05-18,CUST-1549,Female,29,25-35 (Young Adults),Electronics,Smart Fitness Watch,2,124.79,249.58,0.0,0.0,249.58,173.81,75.77,30.36,UPI / Digital Wallet
TXN-11248,2023-05-18,CUST-1456,Female,36,36-50 (Middle-Aged),Clothing,Winter Hooded Parka,1,133.71,133.71,0.0,0.0,133.71,85.07,48.64,36.38,Credit Card
TXN-11929,2023-05-18,CUST-1357,Female,33,25-35 (Young Adults),Electronics,Wireless Bluetooth Earbuds,1,75.59,75.59,0.0,0.0,75.59,47.14,28.45,37.64,Credit Card
TXN-10130,2023-05-19,CUST-1434,Female,59,51+ (Seniors),Beauty & Personal Care,Ionic Ceramic Hair Dryer,2,60.21,120.42,0.05,6.02,114.4,77.44,36.96,32.31,Credit Card
TXN-11372,2023-05-20,CUST-1020,Male,58,51+ (Seniors),Home & Kitchen,Non-Stick Ceramic Cookware Set,1,95.7,95.7,0.0,0.0,95.7,62.83,32.87,34.35,UPI / Digital Wallet
TXN-12398,2023-05-20,CUST-1093,Male,33,25-35 (Young Adults),Books & Stationery,Minimalist Wooden Desk Organizer,1,26.73,26.73,0.1,2.67,24.06,15.92,8.14,33.83,UPI / Digital Wallet
TXN-10196,2023-05-21,CUST-1083,Female,30,25-35 (Young Adults),Home & Kitchen,Espresso Coffee Machine,2,164.56,329.12,0.2,65.82,263.3,197.07,66.23,25.15,Cash
TXN-12332,2023-05-21,CUST-1455,Female,26,25-35 (Young Adults),Clothing,Slim-Fit Denim Jeans,1,49.03,49.03,0.0,0.0,49.03,29.08,19.95,40.69,Credit Card
TXN-11507,2023-05-21,CUST-1582,Female,46,36-50 (Middle-Aged),Home & Kitchen,Espresso Coffee Machine,1,152.64,152.64,0.05,7.63,145.01,88.13,56.88,39.22,Credit Card
TXN-11632,2023-05-22,CUST-1102,Female,33,25-35 (Young Adults),Electronics,Noise-Cancelling Headphones,2,175.1,350.2,0.0,0.0,350.2,218.28,131.92,37.67,Debit Card
TXN-12144,2023-05-22,CUST-1196,Male,25,25-35 (Young Adults),Clothing,Winter Hooded Parka,1,133.49,133.49,0.2,26.7,106.79,88.43,18.36,17.19,Debit Card
TXN-10827,2023-05-22,CUST-1175,Male,49,36-50 (Middle-Aged),Electronics,Noise-Cancelling Headphones,1,183.12,183.12,0.1,18.31,164.81,112.84,51.97,31.53,Cash
TXN-11556,2023-05-22,CUST-1584,Male,40,36-50 (Middle-Aged),Home & Kitchen,Stainless Steel Water Bottle,1,20.34,20.34,0.0,0.0,20.34,12.4,7.94,39.04,UPI / Digital Wallet
TXN-12362,2023-05-23,CUST-1283,Male,20,18-24 (Youth),Electronics,Smart Fitness Watch,3,123.83,371.49,0.15,55.72,315.77,253.81,61.96,19.62,Credit Card
TXN-11866,2023-05-24,CUST-1055,Female,51,51+ (Seniors),Electronics,Portable Bluetooth Speaker,1,53.7,53.7,0.0,0.0,53.7,35.43,18.27,34.02,UPI / Digital Wallet
TXN-10313,2023-05-24,CUST-1015,Male,30,25-35 (Young Adults),Electronics,Portable Bluetooth Speaker,1,54.61,54.61,0.0,0.0,54.61,30.85,23.76,43.51,Debit Card
TXN-11721,2023-05-24,CUST-1102,Female,33,25-35 (Young Adults),Home & Kitchen,Air Fryer Digital Oven,2,106.35,212.7,0.05,10.64,202.06,144.07,57.99,28.7,UPI / Digital Wallet
TXN-11466,2023-05-24,CUST-1081,Female,42,36-50 (Middle-Aged),Beauty & Personal Care,Shea Butter Moisturizing Cream,1,15.65,15.65,0.0,0.0,15.65,9.17,6.48,41.41,UPI / Digital Wallet
TXN-12040,2023-05-25,CUST-1067,Male,52,51+ (Seniors),Clothing,Winter Hooded Parka,1,138.02,138.02,0.1,13.8,124.22,81.27,42.95,34.58,UPI / Digital Wallet
TXN-11385,2023-05-25,CUST-1412,Female,18,18-24 (Youth),Clothing,Casual Breathable Sneakers,1,73.24,73.24,0.0,0.0,73.24,41.91,31.33,42.78,UPI / Digital Wallet
TXN-11660,2023-05-25,CUST-1009,Male,45,36-50 (Middle-Aged),Electronics,Wireless Bluetooth Earbuds,1,71.74,71.74,0.0,0.0,71.74,46.08,25.66,35.77,Debit Card
TXN-11492,2023-05-25,CUST-1080,Female,34,25-35 (Young Adults),Clothing,Slim-Fit Denim Jeans,3,47.09,141.27,0.0,0.0,141.27,85.17,56.1,39.71,UPI / Digital Wallet
TXN-10760,2023-05-26,CUST-1456,Female,36,36-50 (Middle-Aged),Electronics,Wireless Bluetooth Earbuds,1,76.87,76.87,0.1,7.69,69.18,52.32,16.86,24.37,Credit Card
TXN-11802,2023-05-26,CUST-1251,Male,50,36-50 (Middle-Aged),Clothing,Formal Oxford Shirt,3,42.48,127.44,0.2,25.49,101.95,81.25,20.7,20.3,Credit Card
TXN-12219,2023-05-26,CUST-1467,Male,48,36-50 (Middle-Aged),Clothing,Classic Cotton Crewneck T-Shirt,1,21.75,21.75,0.2,4.35,17.4,13.69,3.71,21.32,Credit Card
TXN-10469,2023-05-26,CUST-1026,Male,21,18-24 (Youth),Home & Kitchen,Espresso Coffee Machine,2,154.23,308.46,0.15,46.27,262.19,196.63,65.56,25.0,UPI / Digital Wallet
TXN-11920,2023-05-27,CUST-1024,Male,30,25-35 (Young Adults),Electronics,Portable Bluetooth Speaker,1,55.61,55.61,0.1,5.56,50.05,38.69,11.36,22.7,Cash
TXN-12092,2023-05-27,CUST-1503,Female,45,36-50 (Middle-Aged),Clothing,Formal Oxford Shirt,1,41.76,41.76,0.0,0.0,41.76,24.76,17.0,40.71,UPI / Digital Wallet
TXN-10200,2023-05-28,CUST-1107,Female,40,36-50 (Middle-Aged),Clothing,Winter Hooded Parka,1,137.0,137.0,0.0,0.0,137.0,95.18,41.82,30.53,Credit Card
TXN-12309,2023-05-28,CUST-1082,Male,58,51+ (Seniors),Electronics,Portable Bluetooth Speaker,2,54.73,109.46,0.05,5.47,103.99,64.16,39.83,38.3,UPI / Digital Wallet
TXN-10310,2023-05-28,CUST-1008,Female,31,25-35 (Young Adults),Home & Kitchen,Non-Stick Ceramic Cookware Set,1,94.02,94.02,0.1,9.4,84.62,56.79,27.83,32.89,UPI / Digital Wallet
TXN-11140,2023-05-29,CUST-1306,Female,55,51+ (Seniors),Home & Kitchen,Espresso Coffee Machine,2,152.29,304.58,0.15,45.69,258.89,185.75,73.14,28.25,Debit Card
TXN-10536,2023-05-29,CUST-1404,Male,31,25-35 (Young Adults),Beauty & Personal Care,Ionic Ceramic Hair Dryer,2,57.46,114.92,0.05,5.75,109.17,78.68,30.49,27.93,UPI / Digital Wallet
TXN-11505,2023-05-30,CUST-1396,Male,18,18-24 (Youth),Electronics,4K Ultra HD Smart TV,1,630.04,630.04,0.0,0.0,630.04,392.74,237.3,37.66,UPI / Digital Wallet
TXN-11962,2023-05-30,CUST-1340,Female,26,25-35 (Young Adults),Home & Kitchen,Stainless Steel Water Bottle,2,20.35,40.7,0.2,8.14,32.56,28.29,4.27,13.11,Credit Card
TXN-10904,2023-05-30,CUST-1451,Female,51,51+ (Seniors),Beauty & Personal Care,Organic Botanical Shampoo,1,23.18,23.18,0.0,0.0,23.18,13.97,9.21,39.73,Cash
TXN-11541,2023-05-30,CUST-1126,Female,24,18-24 (Youth),Books & Stationery,Executive Hardcover Notebook,1,14.46,14.46,0.05,0.72,13.74,8.05,5.69,41.41,Debit Card
TXN-10249,2023-05-30,CUST-1007,Female,48,36-50 (Middle-Aged),Electronics,Noise-Cancelling Headphones,2,172.52,345.04,0.15,51.76,293.28,235.47,57.81,19.71,Debit Card
TXN-11993,2023-06-01,CUST-1139,Female,20,18-24 (Youth),Electronics,Wireless Bluetooth Earbuds,1,75.74,75.74,0.05,3.79,71.95,43.17,28.78,40.0,Cash
TXN-10651,2023-06-01,CUST-1157,Male,44,36-50 (Middle-Aged),Electronics,Wireless Bluetooth Earbuds,2,78.55,157.1,0.0,0.0,157.1,107.81,49.29,31.37,Credit Card
TXN-11056,2023-06-01,CUST-1223,Female,18,18-24 (Youth),Clothing,Casual Breathable Sneakers,1,70.76,70.76,0.1,7.08,63.68,43.11,20.57,32.3,UPI / Digital Wallet
TXN-10987,2023-06-01,CUST-1461,Female,38,36-50 (Middle-Aged),Clothing,Slim-Fit Denim Jeans,2,49.39,98.78,0.1,9.88,88.9,68.94,19.96,22.45,Debit Card
TXN-10368,2023-06-02,CUST-1428,Female,52,51+ (Seniors),Clothing,Winter Hooded Parka,1,136.19,136.19,0.1,13.62,122.57,91.42,31.15,25.41,Debit Card
TXN-11300,2023-06-02,CUST-1564,Female,54,51+ (Seniors),Beauty & Personal Care,Organic Botanical Shampoo,1,24.52,24.52,0.0,0.0,24.52,15.94,8.58,34.99,UPI / Digital Wallet
TXN-11169,2023-06-03,CUST-1467,Male,48,36-50 (Middle-Aged),Clothing,Winter Hooded Parka,1,134.55,134.55,0.0,0.0,134.55,82.59,51.96,38.62,UPI / Digital Wallet
TXN-10805,2023-06-03,CUST-1423,Female,51,51+ (Seniors),Electronics,4K Ultra HD Smart TV,1,638.8,638.8,0.05,31.94,606.86,396.95,209.91,34.59,UPI / Digital Wallet
TXN-12243,2023-06-03,CUST-1314,Male,56,51+ (Seniors),Electronics,Wireless Bluetooth Earbuds,2,76.71,153.42,0.05,7.67,145.75,99.61,46.14,31.66,Cash
TXN-11991,2023-06-04,CUST-1535,Male,38,36-50 (Middle-Aged),Electronics,Wireless Bluetooth Earbuds,1,73.55,73.55,0.0,0.0,73.55,49.91,23.64,32.14,Debit Card
TXN-11165,2023-06-04,CUST-1505,Male,31,25-35 (Young Adults),Beauty & Personal Care,Organic Botanical Shampoo,3,23.72,71.16,0.05,3.56,67.6,49.3,18.3,27.07,Cash
TXN-10417,2023-06-04,CUST-1246,Male,31,25-35 (Young Adults),Home & Kitchen,Ergonomic Memory Foam Pillow,2,34.96,69.92,0.0,0.0,69.92,45.0,24.92,35.64,UPI / Digital Wallet
TXN-12084,2023-06-04,CUST-1580,Male,42,36-50 (Middle-Aged),Clothing,Winter Hooded Parka,4,133.95,535.8,0.0,0.0,535.8,354.64,181.16,33.81,Debit Card
TXN-10235,2023-06-05,CUST-1377,Male,40,36-50 (Middle-Aged),Electronics,Wireless Bluetooth Earbuds,1,75.71,75.71,0.1,7.57,68.14,50.9,17.24,25.3,UPI / Digital Wallet
TXN-10019,2023-06-05,CUST-1290,Female,35,25-35 (Young Adults),Home & Kitchen,Non-Stick Ceramic Cookware Set,2,96.05,192.1,0.0,0.0,192.1,117.57,74.53,38.8,Credit Card
TXN-10643,2023-06-05,CUST-1420,Other,66,51+ (Seniors),Beauty & Personal Care,Anti-Aging Retinol Night Serum,1,43.09,43.09,0.15,6.46,36.63,23.73,12.9,35.22,Cash
TXN-11528,2023-06-06,CUST-1558,Other,43,36-50 (Middle-Aged),Books & Stationery,Executive Hardcover Notebook,1,15.26,15.26,0.05,0.76,14.5,9.57,4.93,34.0,UPI / Digital Wallet
TXN-10691,2023-06-07,CUST-1568,Male,18,18-24 (Youth),Home & Kitchen,Air Fryer Digital Oven,3,114.93,344.79,0.1,34.48,310.31,193.67,116.64,37.59,Credit Card
TXN-10864,2023-06-07,CUST-1347,Male,18,18-24 (Youth),Electronics,Smart Fitness Watch,3,115.97,347.91,0.1,34.79,313.12,197.99,115.13,36.77,Credit Card
TXN-10996,2023-06-07,CUST-1464,Male,36,36-50 (Middle-Aged),Beauty & Personal Care,Shea Butter Moisturizing Cream,2,15.55,31.1,0.05,1.56,29.54,18.41,11.13,37.68,Credit Card
TXN-11580,2023-06-07,CUST-1499,Female,18,18-24 (Youth),Electronics,Noise-Cancelling Headphones,2,180.79,361.58,0.1,36.16,325.42,220.14,105.28,32.35,Credit Card
TXN-10471,2023-06-07,CUST-1003,Male,59,51+ (Seniors),Beauty & Personal Care,Anti-Aging Retinol Night Serum,1,46.75,46.75,0.0,0.0,46.75,27.58,19.17,41.01,Credit Card
TXN-12208,2023-06-08,CUST-1227,Male,22,18-24 (Youth),Beauty & Personal Care,Anti-Aging Retinol Night Serum,3,43.9,131.7,0.05,6.58,125.12,79.97,45.15,36.09,Debit Card
TXN-12173,2023-06-08,CUST-1277,Male,29,25-35 (Young Adults),Books & Stationery,Artisan Sketching Pencil Kit,2,19.89,39.78,0.0,0.0,39.78,22.67,17.11,43.01,Cash
TXN-12073,2023-06-08,CUST-1257,Female,28,25-35 (Young Adults),Clothing,Classic Cotton Crewneck T-Shirt,1,21.51,21.51,0.05,1.08,20.43,14.55,5.88,28.78,Credit Card
TXN-11974,2023-06-09,CUST-1234,Female,68,51+ (Seniors),Clothing,Formal Oxford Shirt,1,41.17,41.17,0.2,8.23,32.94,26.03,6.91,20.98,UPI / Digital Wallet
TXN-10029,2023-06-09,CUST-1148,Female,45,36-50 (Middle-Aged),Electronics,Noise-Cancelling Headphones,1,183.24,183.24,0.05,9.16,174.08,106.01,68.07,39.1,Credit Card
TXN-11890,2023-06-09,CUST-1396,Male,18,18-24 (Youth),Clothing,Casual Breathable Sneakers,1,72.05,72.05,0.15,10.81,61.24,45.53,15.71,25.65,Credit Card
TXN-10507,2023-06-10,CUST-1175,Male,49,36-50 (Middle-Aged),Home & Kitchen,Air Fryer Digital Oven,1,111.25,111.25,0.05,5.56,105.69,72.6,33.09,31.31,Credit Card
TXN-11002,2023-06-10,CUST-1160,Female,24,18-24 (Youth),Books & Stationery,Fine Fountain Pen Set,1,36.11,36.11,0.0,0.0,36.11,22.42,13.69,37.91,UPI / Digital Wallet
TXN-10438,2023-06-10,CUST-1524,Female,27,25-35 (Young Adults),Home & Kitchen,Ergonomic Memory Foam Pillow,2,36.22,72.44,0.0,0.0,72.44,42.03,30.41,41.98,Credit Card
TXN-12337,2023-06-10,CUST-1350,Female,42,36-50 (Middle-Aged),Home & Kitchen,Air Fryer Digital Oven,1,107.61,107.61,0.0,0.0,107.61,71.98,35.63,33.11,Credit Card
TXN-10033,2023-06-10,CUST-1459,Female,21,18-24 (Youth),Beauty & Personal Care,Daily Hydrating Facial Cleanser,1,17.21,17.21,0.0,0.0,17.21,10.35,6.86,39.86,Credit Card
TXN-10002,2023-06-12,CUST-1228,Male,27,25-35 (Young Adults),Electronics,4K Ultra HD Smart TV,1,667.78,667.78,0.2,133.56,534.22,412.73,121.49,22.74,Credit Card
TXN-11951,2023-06-12,CUST-1039,Male,40,36-50 (Middle-Aged),Books & Stationery,Minimalist Wooden Desk Organizer,1,28.7,28.7,0.1,2.87,25.83,18.58,7.25,28.07,UPI / Digital Wallet
TXN-10763,2023-06-12,CUST-1172,Male,36,36-50 (Middle-Aged),Clothing,Casual Breathable Sneakers,5,72.78,363.9,0.05,18.2,345.7,222.82,122.88,35.55,Credit Card
TXN-10278,2023-06-12,CUST-1459,Female,21,18-24 (Youth),Beauty & Personal Care,Organic Botanical Shampoo,1,23.79,23.79,0.15,3.57,20.22,16.28,3.94,19.49,UPI / Digital Wallet
TXN-11751,2023-06-12,CUST-1331,Male,25,25-35 (Young Adults),Clothing,Casual Breathable Sneakers,1,72.91,72.91,0.0,0.0,72.91,41.17,31.74,43.53,UPI / Digital Wallet
TXN-11321,2023-06-12,CUST-1559,Male,32,25-35 (Young Adults),Clothing,Formal Oxford Shirt,1,40.96,40.96,0.15,6.14,34.82,26.32,8.5,24.41,UPI / Digital Wallet
TXN-11872,2023-06-12,CUST-1275,Male,44,36-50 (Middle-Aged),Beauty & Personal Care,Anti-Aging Retinol Night Serum,2,43.81,87.62,0.15,13.14,74.48,59.74,14.74,19.79,UPI / Digital Wallet
TXN-11261,2023-06-13,CUST-1524,Female,27,25-35 (Young Adults),Clothing,Formal Oxford Shirt,1,41.78,41.78,0.0,0.0,41.78,23.45,18.33,43.87,Credit Card
TXN-10308,2023-06-13,CUST-1223,Female,18,18-24 (Youth),Home & Kitchen,Stainless Steel Water Bottle,2,20.65,41.3,0.0,0.0,41.3,27.69,13.61,32.95,Credit Card
TXN-10832,2023-06-13,CUST-1371,Male,44,36-50 (Middle-Aged),Beauty & Personal Care,Anti-Aging Retinol Night Serum,4,44.86,179.44,0.0,0.0,179.44,125.02,54.42,30.33,Cash
TXN-11050,2023-06-13,CUST-1496,Male,23,18-24 (Youth),Clothing,Classic Cotton Crewneck T-Shirt,1,20.92,20.92,0.05,1.05,19.87,12.14,7.73,38.9,Credit Card
TXN-12260,2023-06-13,CUST-1576,Female,41,36-50 (Middle-Aged),Electronics,Smart Fitness Watch,4,117.99,471.96,0.15,70.79,401.17,329.14,72.03,17.95,UPI / Digital Wallet
TXN-11585,2023-06-13,CUST-1248,Male,62,51+ (Seniors),Clothing,Formal Oxford Shirt,2,41.3,82.6,0.1,8.26,74.34,56.45,17.89,24.07,UPI / Digital Wallet
TXN-10859,2023-06-14,CUST-1367,Male,38,36-50 (Middle-Aged),Clothing,Slim-Fit Denim Jeans,2,48.88,97.76,0.1,9.78,87.98,67.59,20.39,23.18,UPI / Digital Wallet
TXN-11265,2023-06-14,CUST-1556,Female,31,25-35 (Young Adults),Home & Kitchen,Air Fryer Digital Oven,2,106.43,212.86,0.2,42.57,170.29,144.92,25.37,14.9,UPI / Digital Wallet
TXN-11918,2023-06-14,CUST-1012,Female,41,36-50 (Middle-Aged),Clothing,Winter Hooded Parka,1,135.91,135.91,0.0,0.0,135.91,79.56,56.35,41.46,Credit Card
TXN-10485,2023-06-15,CUST-1373,Male,51,51+ (Seniors),Electronics,Wireless Bluetooth Earbuds,1,73.44,73.44,0.0,0.0,73.44,48.01,25.43,34.63,UPI / Digital Wallet
TXN-11443,2023-06-15,CUST-1427,Female,47,36-50 (Middle-Aged),Home & Kitchen,Ergonomic Memory Foam Pillow,1,34.0,34.0,0.0,0.0,34.0,19.97,14.03,41.26,Credit Card
TXN-10887,2023-06-15,CUST-1292,Female,29,25-35 (Young Adults),Beauty & Personal Care,Daily Hydrating Facial Cleanser,3,18.26,54.78,0.1,5.48,49.3,37.14,12.16,24.67,Credit Card
TXN-11423,2023-06-15,CUST-1074,Female,18,18-24 (Youth),Clothing,Winter Hooded Parka,1,136.52,136.52,0.1,13.65,122.87,88.51,34.36,27.96,Debit Card
TXN-10638,2023-06-15,CUST-1378,Male,68,51+ (Seniors),Home & Kitchen,Espresso Coffee Machine,3,167.49,502.47,0.0,0.0,502.47,285.49,216.98,43.18,Credit Card
TXN-10907,2023-06-15,CUST-1204,Female,18,18-24 (Youth),Home & Kitchen,Espresso Coffee Machine,4,163.03,652.12,0.0,0.0,652.12,411.01,241.11,36.97,UPI / Digital Wallet
TXN-10525,2023-06-16,CUST-1168,Female,34,25-35 (Young Adults),Electronics,Portable Bluetooth Speaker,1,56.28,56.28,0.15,8.44,47.84,35.92,11.92,24.92,Credit Card
TXN-10721,2023-06-16,CUST-1383,Female,30,25-35 (Young Adults),Clothing,Classic Cotton Crewneck T-Shirt,1,22.73,22.73,0.15,3.41,19.32,15.13,4.19,21.69,Credit Card
TXN-12224,2023-06-16,CUST-1139,Female,20,18-24 (Youth),Beauty & Personal Care,Ionic Ceramic Hair Dryer,1,55.37,55.37,0.0,0.0,55.37,32.71,22.66,40.92,UPI / Digital Wallet
TXN-11745,2023-06-16,CUST-1552,Male,54,51+ (Seniors),Home & Kitchen,Espresso Coffee Machine,1,155.56,155.56,0.1,15.56,140.0,95.84,44.16,31.54,UPI / Digital Wallet
TXN-11051,2023-06-17,CUST-1408,Female,39,36-50 (Middle-Aged),Clothing,Winter Hooded Parka,2,136.66,273.32,0.1,27.33,245.99,156.75,89.24,36.28,UPI / Digital Wallet
TXN-11881,2023-06-17,CUST-1330,Female,37,36-50 (Middle-Aged),Books & Stationery,Data Science & ML Handbook,1,50.32,50.32,0.0,0.0,50.32,30.04,20.28,40.3,UPI / Digital Wallet
TXN-11242,2023-06-17,CUST-1376,Male,50,36-50 (Middle-Aged),Electronics,Noise-Cancelling Headphones,1,186.66,186.66,0.2,37.33,149.33,129.54,19.79,13.25,Credit Card
TXN-10945,2023-06-17,CUST-1213,Male,47,36-50 (Middle-Aged),Electronics,Wireless Bluetooth Earbuds,1,73.91,73.91,0.1,7.39,66.52,49.8,16.72,25.14,Credit Card
TXN-10191,2023-06-17,CUST-1338,Male,43,36-50 (Middle-Aged),Clothing,Formal Oxford Shirt,3,42.92,128.76,0.0,0.0,128.76,86.27,42.49,33.0,Debit Card
TXN-10873,2023-06-18,CUST-1417,Male,39,36-50 (Middle-Aged),Home & Kitchen,Stainless Steel Water Bottle,1,20.75,20.75,0.1,2.08,18.67,14.32,4.35,23.3,Debit Card
TXN-11316,2023-06-18,CUST-1328,Other,46,36-50 (Middle-Aged),Clothing,Classic Cotton Crewneck T-Shirt,1,21.5,21.5,0.0,0.0,21.5,12.6,8.9,41.4,UPI / Digital Wallet
TXN-12111,2023-06-18,CUST-1160,Female,24,18-24 (Youth),Clothing,Winter Hooded Parka,1,131.74,131.74,0.15,19.76,111.98,75.83,36.15,32.28,Credit Card
TXN-11923,2023-06-18,CUST-1268,Male,31,25-35 (Young Adults),Home & Kitchen,Ergonomic Memory Foam Pillow,1,34.76,34.76,0.1,3.48,31.28,20.25,11.03,35.26,Credit Card
TXN-10442,2023-06-18,CUST-1365,Female,32,25-35 (Young Adults),Clothing,Classic Cotton Crewneck T-Shirt,2,21.95,43.9,0.05,2.19,41.71,26.11,15.6,37.4,Debit Card
TXN-12161,2023-06-19,CUST-1361,Female,59,51+ (Seniors),Home & Kitchen,Non-Stick Ceramic Cookware Set,3,94.14,282.42,0.15,42.36,240.06,187.87,52.19,21.74,UPI / Digital Wallet
TXN-10451,2023-06-19,CUST-1089,Male,45,36-50 (Middle-Aged),Home & Kitchen,Ergonomic Memory Foam Pillow,1,35.7,35.7,0.05,1.78,33.92,19.67,14.25,42.01,UPI / Digital Wallet
TXN-12096,2023-06-20,CUST-1333,Female,28,25-35 (Young Adults),Electronics,Portable Bluetooth Speaker,5,56.26,281.3,0.1,28.13,253.17,179.21,73.96,29.21,Credit Card
TXN-11554,2023-06-20,CUST-1405,Female,46,36-50 (Middle-Aged),Beauty & Personal Care,Ionic Ceramic Hair Dryer,4,59.66,238.64,0.0,0.0,238.64,145.29,93.35,39.12,UPI / Digital Wallet
TXN-12083,2023-06-20,CUST-1354,Male,37,36-50 (Middle-Aged),Books & Stationery,Fine Fountain Pen Set,1,36.75,36.75,0.0,0.0,36.75,24.98,11.77,32.03,Credit Card
TXN-10898,2023-06-21,CUST-1264,Male,34,25-35 (Young Adults),Electronics,Noise-Cancelling Headphones,1,180.31,180.31,0.2,36.06,144.25,124.26,19.99,13.86,Credit Card
TXN-11718,2023-06-21,CUST-1314,Male,56,51+ (Seniors),Home & Kitchen,Air Fryer Digital Oven,1,113.06,113.06,0.05,5.65,107.41,66.39,41.02,38.19,Credit Card
TXN-10769,2023-06-21,CUST-1493,Female,25,25-35 (Young Adults),Beauty & Personal Care,Ionic Ceramic Hair Dryer,4,56.72,226.88,0.0,0.0,226.88,145.31,81.57,35.95,Credit Card
TXN-10030,2023-06-21,CUST-1208,Male,45,36-50 (Middle-Aged),Books & Stationery,Minimalist Wooden Desk Organizer,2,26.77,53.54,0.2,10.71,42.83,30.85,11.98,27.97,UPI / Digital Wallet
TXN-10980,2023-06-21,CUST-1216,Female,27,25-35 (Young Adults),Beauty & Personal Care,Daily Hydrating Facial Cleanser,2,17.73,35.46,0.1,3.55,31.91,24.46,7.45,23.35,UPI / Digital Wallet
TXN-10544,2023-06-21,CUST-1497,Female,35,25-35 (Young Adults),Electronics,Noise-Cancelling Headphones,1,182.22,182.22,0.1,18.22,164.0,106.61,57.39,34.99,Debit Card
TXN-11144,2023-06-21,CUST-1046,Female,31,25-35 (Young Adults),Clothing,Formal Oxford Shirt,1,43.86,43.86,0.1,4.39,39.47,28.54,10.93,27.69,Credit Card
TXN-11463,2023-06-22,CUST-1560,Female,42,36-50 (Middle-Aged),Clothing,Formal Oxford Shirt,1,43.09,43.09,0.05,2.15,40.94,29.74,11.2,27.36,Credit Card
TXN-10153,2023-06-22,CUST-1161,Male,49,36-50 (Middle-Aged),Clothing,Casual Breathable Sneakers,1,71.67,71.67,0.1,7.17,64.5,43.67,20.83,32.29,UPI / Digital Wallet
TXN-10050,2023-06-22,CUST-1466,Male,46,36-50 (Middle-Aged),Electronics,Smart Fitness Watch,2,120.15,240.3,0.0,0.0,240.3,135.22,105.08,43.73,UPI / Digital Wallet
TXN-10046,2023-06-22,CUST-1163,Male,26,25-35 (Young Adults),Clothing,Slim-Fit Denim Jeans,1,48.23,48.23,0.15,7.23,41.0,27.24,13.76,33.56,Debit Card
TXN-12452,2023-06-22,CUST-1330,Female,37,36-50 (Middle-Aged),Clothing,Slim-Fit Denim Jeans,2,46.54,93.08,0.05,4.65,88.43,59.08,29.35,33.19,Debit Card
TXN-11037,2023-06-24,CUST-1122,Female,57,51+ (Seniors),Clothing,Casual Breathable Sneakers,2,70.56,141.12,0.0,0.0,141.12,95.22,45.9,32.53,Credit Card
TXN-12269,2023-06-24,CUST-1514,Female,29,25-35 (Young Adults),Electronics,Portable Bluetooth Speaker,3,57.37,172.11,0.1,17.21,154.9,98.19,56.71,36.61,Credit Card
TXN-11888,2023-06-24,CUST-1462,Male,28,25-35 (Young Adults),Home & Kitchen,Non-Stick Ceramic Cookware Set,3,99.33,297.99,0.1,29.8,268.19,195.73,72.46,27.02,Credit Card
TXN-10656,2023-06-25,CUST-1316,Male,47,36-50 (Middle-Aged),Electronics,Wireless Bluetooth Earbuds,4,71.88,287.52,0.05,14.38,273.14,186.9,86.24,31.57,UPI / Digital Wallet
TXN-12356,2023-06-25,CUST-1125,Female,68,51+ (Seniors),Home & Kitchen,Espresso Coffee Machine,4,163.61,654.44,0.1,65.44,589.0,427.99,161.01,27.34,Credit Card
TXN-10710,2023-06-25,CUST-1386,Female,42,36-50 (Middle-Aged),Beauty & Personal Care,Anti-Aging Retinol Night Serum,2,43.9,87.8,0.0,0.0,87.8,55.35,32.45,36.96,Debit Card
TXN-11151,2023-06-25,CUST-1148,Female,45,36-50 (Middle-Aged),Clothing,Winter Hooded Parka,1,129.14,129.14,0.1,12.91,116.23,88.75,27.48,23.64,Credit Card
TXN-10216,2023-06-26,CUST-1361,Female,59,51+ (Seniors),Electronics,4K Ultra HD Smart TV,3,638.21,1914.63,0.0,0.0,1914.63,1291.09,623.54,32.57,Credit Card
TXN-10694,2023-06-27,CUST-1292,Female,29,25-35 (Young Adults),Books & Stationery,Executive Hardcover Notebook,1,14.7,14.7,0.0,0.0,14.7,10.27,4.43,30.14,Credit Card
TXN-12104,2023-06-27,CUST-1241,Male,36,36-50 (Middle-Aged),Electronics,Portable Bluetooth Speaker,2,53.83,107.66,0.05,5.38,102.28,59.42,42.86,41.9,UPI / Digital Wallet
TXN-11741,2023-06-28,CUST-1473,Male,57,51+ (Seniors),Beauty & Personal Care,Daily Hydrating Facial Cleanser,4,18.42,73.68,0.1,7.37,66.31,49.25,17.06,25.73,Credit Card
TXN-11892,2023-06-28,CUST-1147,Male,19,18-24 (Youth),Home & Kitchen,Air Fryer Digital Oven,4,113.96,455.84,0.05,22.79,433.05,261.01,172.04,39.73,UPI / Digital Wallet
TXN-10868,2023-06-29,CUST-1019,Male,18,18-24 (Youth),Clothing,Classic Cotton Crewneck T-Shirt,1,22.0,22.0,0.0,0.0,22.0,14.62,7.38,33.55,Debit Card
TXN-10802,2023-06-29,CUST-1148,Female,45,36-50 (Middle-Aged),Clothing,Formal Oxford Shirt,1,42.38,42.38,0.05,2.12,40.26,27.78,12.48,31.0,UPI / Digital Wallet
TXN-11021,2023-06-29,CUST-1096,Male,42,36-50 (Middle-Aged),Clothing,Slim-Fit Denim Jeans,1,47.05,47.05,0.05,2.35,44.7,30.16,14.54,32.53,Debit Card
TXN-12436,2023-06-29,CUST-1537,Male,32,25-35 (Young Adults),Clothing,Slim-Fit Denim Jeans,2,49.66,99.32,0.15,14.9,84.42,58.37,26.05,30.86,Cash
TXN-11559,2023-06-29,CUST-1022,Male,38,36-50 (Middle-Aged),Books & Stationery,Fine Fountain Pen Set,1,39.78,39.78,0.0,0.0,39.78,25.92,13.86,34.84,Debit Card
TXN-10794,2023-06-30,CUST-1018,Female,25,25-35 (Young Adults),Electronics,4K Ultra HD Smart TV,1,648.76,648.76,0.05,32.44,616.32,361.9,254.42,41.28,UPI / Digital Wallet
TXN-10697,2023-06-30,CUST-1557,Other,31,25-35 (Young Adults),Books & Stationery,Minimalist Wooden Desk Organizer,2,27.35,54.7,0.05,2.74,51.96,37.83,14.13,27.19,Credit Card
TXN-11831,2023-06-30,CUST-1004,Male,34,25-35 (Young Adults),Home & Kitchen,Non-Stick Ceramic Cookware Set,3,95.44,286.32,0.0,0.0,286.32,193.24,93.08,32.51,UPI / Digital Wallet
TXN-12346,2023-06-30,CUST-1128,Female,39,36-50 (Middle-Aged),Beauty & Personal Care,Organic Botanical Shampoo,1,24.94,24.94,0.0,0.0,24.94,14.63,10.31,41.34,Debit Card
TXN-11302,2023-06-30,CUST-1077,Male,33,25-35 (Young Adults),Beauty & Personal Care,Daily Hydrating Facial Cleanser,2,18.67,37.34,0.15,5.6,31.74,22.45,9.29,29.27,Debit Card
TXN-11915,2023-06-30,CUST-1144,Male,41,36-50 (Middle-Aged),Clothing,Formal Oxford Shirt,1,40.4,40.4,0.1,4.04,36.36,27.15,9.21,25.33,Credit Card
TXN-10074,2023-07-01,CUST-1363,Male,43,36-50 (Middle-Aged),Electronics,Smart Fitness Watch,4,121.88,487.52,0.0,0.0,487.52,272.31,215.21,44.14,Credit Card
TXN-12467,2023-07-01,CUST-1546,Male,46,36-50 (Middle-Aged),Clothing,Casual Breathable Sneakers,1,71.41,71.41,0.0,0.0,71.41,40.74,30.67,42.95,Debit Card
TXN-10369,2023-07-01,CUST-1498,Female,25,25-35 (Young Adults),Electronics,Noise-Cancelling Headphones,1,174.25,174.25,0.0,0.0,174.25,102.29,71.96,41.3,Credit Card
TXN-10376,2023-07-02,CUST-1208,Male,45,36-50 (Middle-Aged),Electronics,4K Ultra HD Smart TV,2,664.91,1329.82,0.0,0.0,1329.82,832.03,497.79,37.43,Credit Card
TXN-10424,2023-07-02,CUST-1267,Male,18,18-24 (Youth),Home & Kitchen,Ergonomic Memory Foam Pillow,1,34.71,34.71,0.2,6.94,27.77,21.78,5.99,21.57,Debit Card
TXN-10189,2023-07-02,CUST-1191,Female,49,36-50 (Middle-Aged),Clothing,Winter Hooded Parka,1,134.76,134.76,0.05,6.74,128.02,92.44,35.58,27.79,Credit Card
TXN-12453,2023-07-02,CUST-1458,Male,30,25-35 (Young Adults),Books & Stationery,Data Science & ML Handbook,1,47.18,47.18,0.15,7.08,40.1,29.5,10.6,26.43,Credit Card
TXN-11025,2023-07-03,CUST-1193,Female,20,18-24 (Youth),Beauty & Personal Care,Anti-Aging Retinol Night Serum,5,45.82,229.1,0.0,0.0,229.1,147.45,81.65,35.64,Debit Card
TXN-10248,2023-07-03,CUST-1089,Male,45,36-50 (Middle-Aged),Clothing,Formal Oxford Shirt,3,42.35,127.05,0.1,12.7,114.35,71.37,42.98,37.59,UPI / Digital Wallet
TXN-12007,2023-07-03,CUST-1363,Male,43,36-50 (Middle-Aged),Home & Kitchen,Ergonomic Memory Foam Pillow,1,35.62,35.62,0.05,1.78,33.84,24.16,9.68,28.61,Credit Card
TXN-11494,2023-07-04,CUST-1054,Female,52,51+ (Seniors),Electronics,Wireless Bluetooth Earbuds,1,78.59,78.59,0.05,3.93,74.66,52.09,22.57,30.23,UPI / Digital Wallet
TXN-11829,2023-07-04,CUST-1333,Female,28,25-35 (Young Adults),Beauty & Personal Care,Anti-Aging Retinol Night Serum,1,47.15,47.15,0.1,4.72,42.43,30.68,11.75,27.69,Credit Card
TXN-11388,2023-07-04,CUST-1030,Male,29,25-35 (Young Adults),Electronics,Wireless Bluetooth Earbuds,2,71.41,142.82,0.2,28.56,114.26,97.02,17.24,15.09,Credit Card
TXN-11401,2023-07-05,CUST-1526,Female,18,18-24 (Youth),Beauty & Personal Care,Daily Hydrating Facial Cleanser,4,18.56,74.24,0.0,0.0,74.24,46.73,27.51,37.06,Debit Card
TXN-11066,2023-07-05,CUST-1203,Male,52,51+ (Seniors),Home & Kitchen,Non-Stick Ceramic Cookware Set,1,91.59,91.59,0.1,9.16,82.43,58.62,23.81,28.89,UPI / Digital Wallet
TXN-10347,2023-07-05,CUST-1363,Male,43,36-50 (Middle-Aged),Electronics,Noise-Cancelling Headphones,1,178.94,178.94,0.0,0.0,178.94,111.93,67.01,37.45,Credit Card
TXN-11767,2023-07-06,CUST-1523,Male,45,36-50 (Middle-Aged),Electronics,Portable Bluetooth Speaker,4,55.65,222.6,0.0,0.0,222.6,141.82,80.78,36.29,Cash
TXN-11204,2023-07-06,CUST-1336,Female,26,25-35 (Young Adults),Home & Kitchen,Air Fryer Digital Oven,3,105.38,316.14,0.0,0.0,316.14,209.38,106.76,33.77,Credit Card
TXN-10834,2023-07-06,CUST-1372,Male,58,51+ (Seniors),Clothing,Formal Oxford Shirt,3,43.78,131.34,0.05,6.57,124.77,89.12,35.65,28.57,Credit Card
TXN-10668,2023-07-06,CUST-1014,Female,18,18-24 (Youth),Electronics,Wireless Bluetooth Earbuds,4,71.93,287.72,0.1,28.77,258.95,163.73,95.22,36.77,Credit Card
TXN-11795,2023-07-07,CUST-1092,Male,28,25-35 (Young Adults),Beauty & Personal Care,Anti-Aging Retinol Night Serum,1,46.35,46.35,0.05,2.32,44.03,30.34,13.69,31.09,UPI / Digital Wallet
TXN-11871,2023-07-08,CUST-1177,Male,58,51+ (Seniors),Electronics,Smart Fitness Watch,1,117.21,117.21,0.05,5.86,111.35,67.02,44.33,39.81,UPI / Digital Wallet
TXN-10373,2023-07-08,CUST-1094,Female,32,25-35 (Young Adults),Electronics,Wireless Bluetooth Earbuds,1,71.62,71.62,0.15,10.74,60.88,42.14,18.74,30.78,Credit Card
TXN-10312,2023-07-08,CUST-1414,Female,42,36-50 (Middle-Aged),Clothing,Formal Oxford Shirt,1,43.13,43.13,0.05,2.16,40.97,27.72,13.25,32.34,UPI / Digital Wallet
TXN-10180,2023-07-08,CUST-1163,Male,26,25-35 (Young Adults),Home & Kitchen,Non-Stick Ceramic Cookware Set,1,98.09,98.09,0.05,4.9,93.19,54.62,38.57,41.39,Credit Card
TXN-10355,2023-07-09,CUST-1140,Female,41,36-50 (Middle-Aged),Electronics,Smart Fitness Watch,1,114.92,114.92,0.1,11.49,103.43,74.27,29.16,28.19,Credit Card
TXN-12181,2023-07-09,CUST-1232,Female,38,36-50 (Middle-Aged),Electronics,4K Ultra HD Smart TV,2,632.67,1265.34,0.05,63.27,1202.07,753.34,448.73,37.33,Debit Card
TXN-12386,2023-07-09,CUST-1085,Female,30,25-35 (Young Adults),Home & Kitchen,Air Fryer Digital Oven,1,115.32,115.32,0.05,5.77,109.55,65.21,44.34,40.47,Credit Card
TXN-12487,2023-07-10,CUST-1162,Female,54,51+ (Seniors),Home & Kitchen,Stainless Steel Water Bottle,2,19.65,39.3,0.0,0.0,39.3,26.67,12.63,32.14,UPI / Digital Wallet
TXN-10048,2023-07-11,CUST-1016,Female,23,18-24 (Youth),Home & Kitchen,Air Fryer Digital Oven,1,112.07,112.07,0.0,0.0,112.07,75.77,36.3,32.39,Credit Card
TXN-10780,2023-07-11,CUST-1113,Female,72,51+ (Seniors),Beauty & Personal Care,Ionic Ceramic Hair Dryer,1,57.72,57.72,0.1,5.77,51.95,32.02,19.93,38.36,UPI / Digital Wallet
TXN-11870,2023-07-12,CUST-1473,Male,57,51+ (Seniors),Clothing,Classic Cotton Crewneck T-Shirt,3,21.15,63.45,0.1,6.35,57.1,38.15,18.95,33.19,Credit Card
TXN-10298,2023-07-12,CUST-1149,Female,42,36-50 (Middle-Aged),Beauty & Personal Care,Ionic Ceramic Hair Dryer,2,57.74,115.48,0.2,23.1,92.38,66.82,25.56,27.67,Debit Card
TXN-10458,2023-07-12,CUST-1077,Male,33,25-35 (Young Adults),Electronics,Portable Bluetooth Speaker,1,52.69,52.69,0.0,0.0,52.69,30.47,22.22,42.17,Credit Card
TXN-12466,2023-07-12,CUST-1179,Female,72,51+ (Seniors),Electronics,4K Ultra HD Smart TV,5,662.75,3313.75,0.1,331.38,2982.37,1964.02,1018.35,34.15,Credit Card
TXN-10462,2023-07-12,CUST-1236,Male,18,18-24 (Youth),Electronics,Portable Bluetooth Speaker,1,54.41,54.41,0.1,5.44,48.97,32.85,16.12,32.92,Credit Card
TXN-11426,2023-07-12,CUST-1117,Female,21,18-24 (Youth),Home & Kitchen,Espresso Coffee Machine,1,155.9,155.9,0.2,31.18,124.72,90.11,34.61,27.75,Credit Card
TXN-11260,2023-07-13,CUST-1046,Female,31,25-35 (Young Adults),Clothing,Classic Cotton Crewneck T-Shirt,1,22.18,22.18,0.2,4.44,17.74,13.02,4.72,26.61,UPI / Digital Wallet
TXN-10974,2023-07-14,CUST-1396,Male,18,18-24 (Youth),Clothing,Formal Oxford Shirt,3,40.77,122.31,0.05,6.12,116.19,69.37,46.82,40.3,Credit Card
TXN-11218,2023-07-15,CUST-1144,Male,41,36-50 (Middle-Aged),Electronics,Portable Bluetooth Speaker,1,57.72,57.72,0.1,5.77,51.95,32.19,19.76,38.04,Credit Card
TXN-10823,2023-07-15,CUST-1299,Female,46,36-50 (Middle-Aged),Clothing,Winter Hooded Parka,1,130.05,130.05,0.1,13.01,117.04,82.66,34.38,29.37,UPI / Digital Wallet
TXN-12105,2023-07-15,CUST-1401,Female,29,25-35 (Young Adults),Beauty & Personal Care,Organic Botanical Shampoo,2,25.08,50.16,0.0,0.0,50.16,29.99,20.17,40.21,UPI / Digital Wallet
TXN-12171,2023-07-15,CUST-1376,Male,50,36-50 (Middle-Aged),Electronics,Smart Fitness Watch,2,116.78,233.56,0.0,0.0,233.56,143.89,89.67,38.39,UPI / Digital Wallet
TXN-10775,2023-07-15,CUST-1248,Male,62,51+ (Seniors),Home & Kitchen,Air Fryer Digital Oven,2,112.42,224.84,0.0,0.0,224.84,154.78,70.06,31.16,Debit Card
TXN-11397,2023-07-16,CUST-1097,Female,41,36-50 (Middle-Aged),Beauty & Personal Care,Anti-Aging Retinol Night Serum,5,46.39,231.95,0.15,34.79,197.16,146.88,50.28,25.5,Credit Card
TXN-11798,2023-07-17,CUST-1242,Male,45,36-50 (Middle-Aged),Electronics,Noise-Cancelling Headphones,1,179.81,179.81,0.0,0.0,179.81,125.13,54.68,30.41,Credit Card
TXN-12343,2023-07-17,CUST-1078,Female,39,36-50 (Middle-Aged),Beauty & Personal Care,Organic Botanical Shampoo,2,24.16,48.32,0.05,2.42,45.9,32.7,13.2,28.76,Credit Card
TXN-12380,2023-07-17,CUST-1275,Male,44,36-50 (Middle-Aged),Clothing,Casual Breathable Sneakers,1,69.48,69.48,0.1,6.95,62.53,42.18,20.35,32.54,UPI / Digital Wallet
TXN-11087,2023-07-18,CUST-1554,Male,42,36-50 (Middle-Aged),Home & Kitchen,Ergonomic Memory Foam Pillow,2,36.31,72.62,0.0,0.0,72.62,43.05,29.57,40.72,Debit Card
TXN-12322,2023-07-19,CUST-1182,Female,23,18-24 (Youth),Clothing,Formal Oxford Shirt,2,43.3,86.6,0.0,0.0,86.6,56.5,30.1,34.76,Cash
TXN-11997,2023-07-19,CUST-1274,Male,24,18-24 (Youth),Books & Stationery,Fine Fountain Pen Set,1,38.0,38.0,0.15,5.7,32.3,24.42,7.88,24.4,Credit Card
TXN-11731,2023-07-20,CUST-1051,Female,32,25-35 (Young Adults),Home & Kitchen,Espresso Coffee Machine,1,153.97,153.97,0.15,23.1,130.87,92.72,38.15,29.15,Credit Card
TXN-10639,2023-07-20,CUST-1114,Male,35,25-35 (Young Adults),Beauty & Personal Care,Organic Botanical Shampoo,1,24.02,24.02,0.15,3.6,20.42,14.77,5.65,27.67,Credit Card
TXN-11078,2023-07-20,CUST-1012,Female,41,36-50 (Middle-Aged),Home & Kitchen,Ergonomic Memory Foam Pillow,2,33.89,67.78,0.0,0.0,67.78,43.01,24.77,36.54,Credit Card
TXN-10982,2023-07-20,CUST-1058,Female,42,36-50 (Middle-Aged),Electronics,Smart Fitness Watch,2,121.88,243.76,0.05,12.19,231.57,164.07,67.5,29.15,Credit Card
TXN-11656,2023-07-21,CUST-1064,Female,49,36-50 (Middle-Aged),Beauty & Personal Care,Ionic Ceramic Hair Dryer,3,60.43,181.29,0.2,36.26,145.03,124.39,20.64,14.23,Debit Card
TXN-11059,2023-07-21,CUST-1349,Male,35,25-35 (Young Adults),Electronics,Portable Bluetooth Speaker,3,54.03,162.09,0.0,0.0,162.09,109.52,52.57,32.43,Credit Card
TXN-11346,2023-07-21,CUST-1119,Female,48,36-50 (Middle-Aged),Books & Stationery,Artisan Sketching Pencil Kit,2,19.76,39.52,0.05,1.98,37.54,25.7,11.84,31.54,Credit Card
TXN-11781,2023-07-21,CUST-1422,Male,34,25-35 (Young Adults),Beauty & Personal Care,Anti-Aging Retinol Night Serum,2,44.61,89.22,0.0,0.0,89.22,53.8,35.42,39.7,Credit Card
TXN-11742,2023-07-22,CUST-1266,Female,60,51+ (Seniors),Electronics,Portable Bluetooth Speaker,3,55.64,166.92,0.1,16.69,150.23,109.23,41.0,27.29,Debit Card
TXN-10615,2023-07-22,CUST-1137,Female,33,25-35 (Young Adults),Electronics,4K Ultra HD Smart TV,1,673.33,673.33,0.15,101.0,572.33,402.71,169.62,29.64,Credit Card
TXN-10518,2023-07-23,CUST-1028,Female,29,25-35 (Young Adults),Beauty & Personal Care,Anti-Aging Retinol Night Serum,1,43.92,43.92,0.05,2.2,41.72,26.92,14.8,35.47,Debit Card
TXN-10124,2023-07-23,CUST-1485,Male,18,18-24 (Youth),Clothing,Casual Breathable Sneakers,5,67.67,338.35,0.0,0.0,338.35,235.7,102.65,30.34,Debit Card
TXN-12437,2023-07-24,CUST-1297,Female,42,36-50 (Middle-Aged),Beauty & Personal Care,Anti-Aging Retinol Night Serum,1,43.86,43.86,0.0,0.0,43.86,25.86,18.0,41.04,Credit Card
TXN-10825,2023-07-24,CUST-1010,Male,31,25-35 (Young Adults),Electronics,4K Ultra HD Smart TV,4,673.56,2694.24,0.0,0.0,2694.24,1663.73,1030.51,38.25,Credit Card
TXN-11412,2023-07-24,CUST-1414,Female,42,36-50 (Middle-Aged),Electronics,Noise-Cancelling Headphones,1,179.48,179.48,0.0,0.0,179.48,117.18,62.3,34.71,Debit Card
TXN-12324,2023-07-25,CUST-1520,Female,18,18-24 (Youth),Home & Kitchen,Non-Stick Ceramic Cookware Set,1,92.77,92.77,0.1,9.28,83.49,63.31,20.18,24.17,UPI / Digital Wallet
TXN-10193,2023-07-25,CUST-1374,Male,68,51+ (Seniors),Home & Kitchen,Espresso Coffee Machine,1,162.05,162.05,0.0,0.0,162.05,93.67,68.38,42.2,Credit Card
TXN-10037,2023-07-25,CUST-1265,Male,20,18-24 (Youth),Beauty & Personal Care,Anti-Aging Retinol Night Serum,1,44.91,44.91,0.1,4.49,40.42,25.64,14.78,36.57,UPI / Digital Wallet
TXN-11243,2023-07-26,CUST-1153,Female,41,36-50 (Middle-Aged),Beauty & Personal Care,Anti-Aging Retinol Night Serum,1,43.94,43.94,0.0,0.0,43.94,30.16,13.78,31.36,UPI / Digital Wallet
TXN-10505,2023-07-26,CUST-1270,Female,58,51+ (Seniors),Home & Kitchen,Espresso Coffee Machine,1,165.32,165.32,0.15,24.8,140.52,113.94,26.58,18.92,Credit Card
TXN-10932,2023-07-26,CUST-1302,Female,48,36-50 (Middle-Aged),Beauty & Personal Care,Ionic Ceramic Hair Dryer,1,58.17,58.17,0.05,2.91,55.26,38.29,16.97,30.71,Credit Card
TXN-11940,2023-07-26,CUST-1080,Female,34,25-35 (Young Adults),Home & Kitchen,Stainless Steel Water Bottle,1,19.9,19.9,0.1,1.99,17.91,13.19,4.72,26.35,Credit Card
TXN-10242,2023-07-27,CUST-1124,Female,46,36-50 (Middle-Aged),Home & Kitchen,Air Fryer Digital Oven,2,105.26,210.52,0.1,21.05,189.47,137.14,52.33,27.62,Credit Card
TXN-12361,2023-07-27,CUST-1203,Male,52,51+ (Seniors),Electronics,Wireless Bluetooth Earbuds,2,75.91,151.82,0.05,7.59,144.23,94.99,49.24,34.14,Debit Card
TXN-11189,2023-07-27,CUST-1132,Female,23,18-24 (Youth),Books & Stationery,Fine Fountain Pen Set,1,39.72,39.72,0.1,3.97,35.75,26.69,9.06,25.34,UPI / Digital Wallet
TXN-11251,2023-07-28,CUST-1272,Male,54,51+ (Seniors),Electronics,Noise-Cancelling Headphones,3,174.63,523.89,0.0,0.0,523.89,293.61,230.28,43.96,Debit Card
TXN-11804,2023-07-28,CUST-1586,Male,31,25-35 (Young Adults),Electronics,Smart Fitness Watch,3,123.5,370.5,0.2,74.1,296.4,228.18,68.22,23.02,Cash
TXN-11488,2023-07-28,CUST-1270,Female,58,51+ (Seniors),Home & Kitchen,Ergonomic Memory Foam Pillow,1,35.9,35.9,0.0,0.0,35.9,21.08,14.82,41.28,UPI / Digital Wallet
TXN-12360,2023-07-29,CUST-1522,Male,28,25-35 (Young Adults),Home & Kitchen,Espresso Coffee Machine,3,161.64,484.92,0.0,0.0,484.92,324.89,160.03,33.0,Credit Card
TXN-11841,2023-07-29,CUST-1255,Male,31,25-35 (Young Adults),Home & Kitchen,Espresso Coffee Machine,1,158.37,158.37,0.0,0.0,158.37,100.02,58.35,36.84,Credit Card
TXN-11667,2023-07-29,CUST-1210,Male,45,36-50 (Middle-Aged),Electronics,4K Ultra HD Smart TV,1,619.19,619.19,0.1,61.92,557.27,362.85,194.42,34.89,UPI / Digital Wallet
TXN-10853,2023-07-29,CUST-1045,Female,27,25-35 (Young Adults),Electronics,Noise-Cancelling Headphones,1,173.45,173.45,0.0,0.0,173.45,96.96,76.49,44.1,Credit Card
TXN-10590,2023-07-29,CUST-1391,Female,44,36-50 (Middle-Aged),Beauty & Personal Care,Daily Hydrating Facial Cleanser,2,17.43,34.86,0.0,0.0,34.86,21.74,13.12,37.64,Credit Card
TXN-10492,2023-07-29,CUST-1125,Female,68,51+ (Seniors),Home & Kitchen,Non-Stick Ceramic Cookware Set,1,90.77,90.77,0.05,4.54,86.23,62.57,23.66,27.44,Debit Card
TXN-11884,2023-07-29,CUST-1271,Female,18,18-24 (Youth),Electronics,Smart Fitness Watch,1,114.65,114.65,0.05,5.73,108.92,71.31,37.61,34.53,Debit Card
TXN-10231,2023-07-30,CUST-1043,Female,33,25-35 (Young Adults),Home & Kitchen,Ergonomic Memory Foam Pillow,3,33.93,101.79,0.1,10.18,91.61,69.85,21.76,23.75,UPI / Digital Wallet
TXN-10065,2023-07-30,CUST-1100,Male,18,18-24 (Youth),Electronics,Portable Bluetooth Speaker,2,55.79,111.58,0.0,0.0,111.58,63.68,47.9,42.93,UPI / Digital Wallet
TXN-12415,2023-07-30,CUST-1542,Female,45,36-50 (Middle-Aged),Electronics,Portable Bluetooth Speaker,3,56.56,169.68,0.2,33.94,135.74,104.84,30.9,22.76,Debit Card
TXN-12482,2023-07-31,CUST-1299,Female,46,36-50 (Middle-Aged),Beauty & Personal Care,Anti-Aging Retinol Night Serum,1,45.76,45.76,0.05,2.29,43.47,26.75,16.72,38.46,Cash
TXN-10938,2023-08-01,CUST-1180,Male,46,36-50 (Middle-Aged),Home & Kitchen,Air Fryer Digital Oven,1,112.5,112.5,0.0,0.0,112.5,62.03,50.47,44.86,Debit Card
TXN-11895,2023-08-01,CUST-1142,Male,18,18-24 (Youth),Clothing,Formal Oxford Shirt,1,43.54,43.54,0.2,8.71,34.83,30.13,4.7,13.49,UPI / Digital Wallet
TXN-11523,2023-08-01,CUST-1342,Female,41,36-50 (Middle-Aged),Beauty & Personal Care,Organic Botanical Shampoo,1,23.63,23.63,0.0,0.0,23.63,14.74,8.89,37.62,Credit Card
TXN-11237,2023-08-01,CUST-1599,Male,43,36-50 (Middle-Aged),Home & Kitchen,Ergonomic Memory Foam Pillow,1,33.6,33.6,0.1,3.36,30.24,18.96,11.28,37.3,Credit Card
TXN-10545,2023-08-02,CUST-1207,Female,45,36-50 (Middle-Aged),Home & Kitchen,Non-Stick Ceramic Cookware Set,3,91.45,274.35,0.05,13.72,260.63,156.12,104.51,40.1,Debit Card
TXN-11857,2023-08-02,CUST-1421,Male,62,51+ (Seniors),Clothing,Classic Cotton Crewneck T-Shirt,1,22.51,22.51,0.0,0.0,22.51,14.51,8.0,35.54,Credit Card
TXN-10484,2023-08-02,CUST-1334,Male,51,51+ (Seniors),Home & Kitchen,Stainless Steel Water Bottle,2,20.0,40.0,0.0,0.0,40.0,26.84,13.16,32.9,Credit Card
TXN-11705,2023-08-02,CUST-1097,Female,41,36-50 (Middle-Aged),Home & Kitchen,Non-Stick Ceramic Cookware Set,1,99.12,99.12,0.1,9.91,89.21,67.24,21.97,24.63,Debit Card
TXN-12470,2023-08-02,CUST-1450,Female,37,36-50 (Middle-Aged),Home & Kitchen,Air Fryer Digital Oven,1,105.18,105.18,0.0,0.0,105.18,69.13,36.05,34.27,UPI / Digital Wallet
TXN-11491,2023-08-03,CUST-1072,Female,37,36-50 (Middle-Aged),Beauty & Personal Care,Ionic Ceramic Hair Dryer,2,58.97,117.94,0.1,11.79,106.15,76.79,29.36,27.66,Credit Card
TXN-11272,2023-08-03,CUST-1438,Male,18,18-24 (Youth),Beauty & Personal Care,Organic Botanical Shampoo,1,24.32,24.32,0.05,1.22,23.1,16.08,7.02,30.39,Debit Card
TXN-10956,2023-08-03,CUST-1374,Male,68,51+ (Seniors),Electronics,Noise-Cancelling Headphones,1,185.88,185.88,0.1,18.59,167.29,111.66,55.63,33.25,Credit Card
TXN-10628,2023-08-03,CUST-1070,Female,43,36-50 (Middle-Aged),Electronics,Smart Fitness Watch,3,119.4,358.2,0.05,17.91,340.29,250.7,89.59,26.33,Credit Card
TXN-10007,2023-08-04,CUST-1250,Male,20,18-24 (Youth),Electronics,Noise-Cancelling Headphones,5,176.82,884.1,0.05,44.21,839.89,519.97,319.92,38.09,Debit Card
TXN-10378,2023-08-04,CUST-1360,Male,45,36-50 (Middle-Aged),Clothing,Slim-Fit Denim Jeans,2,47.15,94.3,0.0,0.0,94.3,61.17,33.13,35.13,Debit Card
TXN-10394,2023-08-04,CUST-1131,Female,38,36-50 (Middle-Aged),Clothing,Classic Cotton Crewneck T-Shirt,2,21.06,42.12,0.1,4.21,37.91,24.65,13.26,34.98,UPI / Digital Wallet
TXN-11820,2023-08-04,CUST-1584,Male,40,36-50 (Middle-Aged),Electronics,Wireless Bluetooth Earbuds,2,74.61,149.22,0.0,0.0,149.22,103.85,45.37,30.4,Debit Card
TXN-11176,2023-08-05,CUST-1245,Female,33,25-35 (Young Adults),Beauty & Personal Care,Daily Hydrating Facial Cleanser,3,17.7,53.1,0.0,0.0,53.1,30.14,22.96,43.24,Credit Card
TXN-11417,2023-08-05,CUST-1097,Female,41,36-50 (Middle-Aged),Books & Stationery,Executive Hardcover Notebook,1,14.64,14.64,0.05,0.73,13.91,8.59,5.32,38.25,Credit Card
TXN-10579,2023-08-05,CUST-1010,Male,31,25-35 (Young Adults),Clothing,Casual Breathable Sneakers,1,70.06,70.06,0.1,7.01,63.05,40.3,22.75,36.08,Credit Card
TXN-10496,2023-08-05,CUST-1455,Female,26,25-35 (Young Adults),Electronics,Portable Bluetooth Speaker,1,55.94,55.94,0.0,0.0,55.94,36.06,19.88,35.54,Credit Card
TXN-12331,2023-08-06,CUST-1375,Male,27,25-35 (Young Adults),Clothing,Winter Hooded Parka,1,128.42,128.42,0.0,0.0,128.42,73.82,54.6,42.52,Credit Card
TXN-11381,2023-08-06,CUST-1274,Male,24,18-24 (Youth),Home & Kitchen,Espresso Coffee Machine,3,154.37,463.11,0.1,46.31,416.8,266.54,150.26,36.05,Credit Card
TXN-11277,2023-08-07,CUST-1331,Male,25,25-35 (Young Adults),Clothing,Winter Hooded Parka,1,136.21,136.21,0.1,13.62,122.59,93.52,29.07,23.71,Credit Card
TXN-11659,2023-08-07,CUST-1453,Female,45,36-50 (Middle-Aged),Clothing,Classic Cotton Crewneck T-Shirt,1,22.11,22.11,0.0,0.0,22.11,12.85,9.26,41.88,Credit Card
TXN-11379,2023-08-08,CUST-1037,Male,18,18-24 (Youth),Books & Stationery,Data Science & ML Handbook,1,47.07,47.07,0.05,2.35,44.72,31.69,13.03,29.14,Credit Card
TXN-12113,2023-08-08,CUST-1577,Male,48,36-50 (Middle-Aged),Clothing,Classic Cotton Crewneck T-Shirt,1,21.87,21.87,0.05,1.09,20.78,12.82,7.96,38.31,Credit Card
TXN-10075,2023-08-08,CUST-1162,Female,54,51+ (Seniors),Electronics,Noise-Cancelling Headphones,2,175.9,351.8,0.05,17.59,334.21,234.48,99.73,29.84,Credit Card
TXN-10847,2023-08-08,CUST-1440,Female,43,36-50 (Middle-Aged),Books & Stationery,Fine Fountain Pen Set,2,36.18,72.36,0.0,0.0,72.36,49.16,23.2,32.06,Credit Card
TXN-11283,2023-08-08,CUST-1356,Female,37,36-50 (Middle-Aged),Electronics,4K Ultra HD Smart TV,3,677.05,2031.15,0.0,0.0,2031.15,1283.81,747.34,36.79,Cash
TXN-11294,2023-08-08,CUST-1366,Male,41,36-50 (Middle-Aged),Books & Stationery,Fine Fountain Pen Set,2,37.85,75.7,0.05,3.78,71.92,48.08,23.84,33.15,UPI / Digital Wallet
TXN-10500,2023-08-08,CUST-1220,Male,70,51+ (Seniors),Home & Kitchen,Non-Stick Ceramic Cookware Set,1,93.6,93.6,0.0,0.0,93.6,60.97,32.63,34.86,UPI / Digital Wallet
TXN-11191,2023-08-09,CUST-1373,Male,51,51+ (Seniors),Electronics,Wireless Bluetooth Earbuds,1,73.23,73.23,0.05,3.66,69.57,41.38,28.19,40.52,UPI / Digital Wallet
TXN-10309,2023-08-09,CUST-1533,Male,21,18-24 (Youth),Clothing,Casual Breathable Sneakers,1,67.35,67.35,0.1,6.74,60.61,45.88,14.73,24.3,UPI / Digital Wallet
TXN-10665,2023-08-09,CUST-1151,Male,42,36-50 (Middle-Aged),Clothing,Winter Hooded Parka,1,133.49,133.49,0.2,26.7,106.79,83.87,22.92,21.46,Credit Card
TXN-10779,2023-08-09,CUST-1472,Male,18,18-24 (Youth),Beauty & Personal Care,Ionic Ceramic Hair Dryer,3,56.67,170.01,0.0,0.0,170.01,118.32,51.69,30.4,Cash
TXN-12464,2023-08-09,CUST-1008,Female,31,25-35 (Young Adults),Home & Kitchen,Espresso Coffee Machine,1,159.62,159.62,0.05,7.98,151.64,95.8,55.84,36.82,Credit Card
TXN-10228,2023-08-09,CUST-1322,Male,26,25-35 (Young Adults),Electronics,Wireless Bluetooth Earbuds,1,76.55,76.55,0.05,3.83,72.72,42.62,30.1,41.39,Credit Card
TXN-10773,2023-08-09,CUST-1090,Female,39,36-50 (Middle-Aged),Clothing,Casual Breathable Sneakers,1,69.88,69.88,0.15,10.48,59.4,41.55,17.85,30.05,Debit Card
TXN-10572,2023-08-09,CUST-1378,Male,68,51+ (Seniors),Clothing,Slim-Fit Denim Jeans,1,48.79,48.79,0.15,7.32,41.47,33.87,7.6,18.33,UPI / Digital Wallet
TXN-10684,2023-08-09,CUST-1072,Female,37,36-50 (Middle-Aged),Home & Kitchen,Air Fryer Digital Oven,1,114.92,114.92,0.0,0.0,114.92,70.83,44.09,38.37,Credit Card
TXN-11483,2023-08-10,CUST-1588,Male,49,36-50 (Middle-Aged),Clothing,Slim-Fit Denim Jeans,1,46.46,46.46,0.15,6.97,39.49,29.4,10.09,25.55,Credit Card
TXN-10102,2023-08-10,CUST-1040,Male,48,36-50 (Middle-Aged),Electronics,Smart Fitness Watch,3,124.53,373.59,0.0,0.0,373.59,224.55,149.04,39.89,Cash
TXN-12379,2023-08-10,CUST-1280,Male,39,36-50 (Middle-Aged),Clothing,Classic Cotton Crewneck T-Shirt,1,21.65,21.65,0.2,4.33,17.32,14.02,3.3,19.05,Credit Card
TXN-11074,2023-08-11,CUST-1147,Male,19,18-24 (Youth),Electronics,Noise-Cancelling Headphones,1,187.94,187.94,0.2,37.59,150.35,118.16,32.19,21.41,Debit Card
TXN-12267,2023-08-11,CUST-1220,Male,70,51+ (Seniors),Electronics,4K Ultra HD Smart TV,3,648.1,1944.3,0.05,97.22,1847.08,1154.58,692.5,37.49,UPI / Digital Wallet
TXN-11699,2023-08-11,CUST-1261,Male,37,36-50 (Middle-Aged),Electronics,Portable Bluetooth Speaker,2,55.66,111.32,0.0,0.0,111.32,66.08,45.24,40.64,Credit Card
TXN-10486,2023-08-13,CUST-1015,Male,30,25-35 (Young Adults),Electronics,Wireless Bluetooth Earbuds,1,74.91,74.91,0.1,7.49,67.42,44.2,23.22,34.44,UPI / Digital Wallet
TXN-12425,2023-08-13,CUST-1468,Male,30,25-35 (Young Adults),Books & Stationery,Fine Fountain Pen Set,4,37.05,148.2,0.0,0.0,148.2,90.7,57.5,38.8,UPI / Digital Wallet
TXN-12378,2023-08-13,CUST-1160,Female,24,18-24 (Youth),Electronics,Portable Bluetooth Speaker,1,53.72,53.72,0.15,8.06,45.66,31.79,13.87,30.38,Debit Card
TXN-12052,2023-08-13,CUST-1066,Female,36,36-50 (Middle-Aged),Home & Kitchen,Stainless Steel Water Bottle,1,19.01,19.01,0.05,0.95,18.06,11.3,6.76,37.43,UPI / Digital Wallet
TXN-10629,2023-08-13,CUST-1581,Female,32,25-35 (Young Adults),Electronics,Noise-Cancelling Headphones,3,185.27,555.81,0.2,111.16,444.65,325.06,119.59,26.9,UPI / Digital Wallet
TXN-11778,2023-08-14,CUST-1442,Male,18,18-24 (Youth),Clothing,Winter Hooded Parka,1,131.91,131.91,0.05,6.6,125.31,80.07,45.24,36.1,UPI / Digital Wallet
TXN-12431,2023-08-14,CUST-1577,Male,48,36-50 (Middle-Aged),Electronics,Noise-Cancelling Headphones,1,187.55,187.55,0.0,0.0,187.55,107.63,79.92,42.61,UPI / Digital Wallet
TXN-10446,2023-08-14,CUST-1364,Male,47,36-50 (Middle-Aged),Home & Kitchen,Espresso Coffee Machine,1,167.01,167.01,0.0,0.0,167.01,109.41,57.6,34.49,UPI / Digital Wallet
TXN-10711,2023-08-15,CUST-1293,Female,49,36-50 (Middle-Aged),Home & Kitchen,Air Fryer Digital Oven,1,105.53,105.53,0.2,21.11,84.42,73.25,11.17,13.23,Credit Card
TXN-10819,2023-08-15,CUST-1422,Male,34,25-35 (Young Adults),Clothing,Classic Cotton Crewneck T-Shirt,2,21.61,43.22,0.0,0.0,43.22,29.15,14.07,32.55,Debit Card
TXN-11314,2023-08-15,CUST-1547,Female,35,25-35 (Young Adults),Electronics,4K Ultra HD Smart TV,2,648.64,1297.28,0.0,0.0,1297.28,769.33,527.95,40.7,Credit Card
TXN-10076,2023-08-16,CUST-1595,Female,30,25-35 (Young Adults),Home & Kitchen,Espresso Coffee Machine,1,154.23,154.23,0.05,7.71,146.52,92.86,53.66,36.62,UPI / Digital Wallet
TXN-10989,2023-08-16,CUST-1078,Female,39,36-50 (Middle-Aged),Home & Kitchen,Non-Stick Ceramic Cookware Set,1,98.45,98.45,0.2,19.69,78.76,68.62,10.14,12.87,UPI / Digital Wallet
TXN-10750,2023-08-16,CUST-1280,Male,39,36-50 (Middle-Aged),Home & Kitchen,Espresso Coffee Machine,1,165.64,165.64,0.1,16.56,149.08,100.84,48.24,32.36,Credit Card
TXN-11689,2023-08-16,CUST-1236,Male,18,18-24 (Youth),Beauty & Personal Care,Organic Botanical Shampoo,1,23.89,23.89,0.15,3.58,20.31,15.17,5.14,25.31,UPI / Digital Wallet
TXN-11121,2023-08-16,CUST-1193,Female,20,18-24 (Youth),Clothing,Winter Hooded Parka,3,138.3,414.9,0.2,82.98,331.92,251.77,80.15,24.15,Credit Card
TXN-10669,2023-08-17,CUST-1209,Female,72,51+ (Seniors),Home & Kitchen,Air Fryer Digital Oven,1,115.15,115.15,0.2,23.03,92.12,80.54,11.58,12.57,Credit Card
TXN-12124,2023-08-17,CUST-1393,Female,63,51+ (Seniors),Books & Stationery,Data Science & ML Handbook,1,45.6,45.6,0.05,2.28,43.32,25.44,17.88,41.27,Credit Card
TXN-10345,2023-08-17,CUST-1523,Male,45,36-50 (Middle-Aged),Books & Stationery,Data Science & ML Handbook,3,47.24,141.72,0.0,0.0,141.72,82.76,58.96,41.6,Debit Card
TXN-10558,2023-08-17,CUST-1273,Female,38,36-50 (Middle-Aged),Electronics,Noise-Cancelling Headphones,1,171.49,171.49,0.2,34.3,137.19,98.82,38.37,27.97,UPI / Digital Wallet
TXN-10910,2023-08-17,CUST-1124,Female,46,36-50 (Middle-Aged),Beauty & Personal Care,Anti-Aging Retinol Night Serum,2,43.58,87.16,0.15,13.07,74.09,56.32,17.77,23.98,Credit Card
TXN-12172,2023-08-17,CUST-1224,Female,31,25-35 (Young Adults),Home & Kitchen,Air Fryer Digital Oven,1,114.15,114.15,0.05,5.71,108.44,71.72,36.72,33.86,Credit Card
TXN-10396,2023-08-17,CUST-1170,Female,25,25-35 (Young Adults),Home & Kitchen,Non-Stick Ceramic Cookware Set,2,98.59,197.18,0.1,19.72,177.46,109.39,68.07,38.36,Debit Card
TXN-11641,2023-08-18,CUST-1496,Male,23,18-24 (Youth),Electronics,Portable Bluetooth Speaker,2,52.76,105.52,0.0,0.0,105.52,59.25,46.27,43.85,UPI / Digital Wallet
TXN-12321,2023-08-18,CUST-1084,Male,26,25-35 (Young Adults),Home & Kitchen,Stainless Steel Water Bottle,1,19.34,19.34,0.05,0.97,18.37,12.84,5.53,30.1,UPI / Digital Wallet
TXN-10157,2023-08-18,CUST-1118,Male,53,51+ (Seniors),Beauty & Personal Care,Anti-Aging Retinol Night Serum,5,45.1,225.5,0.0,0.0,225.5,124.6,100.9,44.75,UPI / Digital Wallet
TXN-10948,2023-08-18,CUST-1106,Female,64,51+ (Seniors),Beauty & Personal Care,Ionic Ceramic Hair Dryer,1,55.55,55.55,0.1,5.56,49.99,36.14,13.85,27.71,Credit Card
TXN-12404,2023-08-19,CUST-1202,Female,53,51+ (Seniors),Home & Kitchen,Non-Stick Ceramic Cookware Set,1,91.95,91.95,0.05,4.6,87.35,63.4,23.95,27.42,Debit Card
TXN-11298,2023-08-19,CUST-1533,Male,21,18-24 (Youth),Clothing,Classic Cotton Crewneck T-Shirt,2,21.04,42.08,0.0,0.0,42.08,25.63,16.45,39.09,Credit Card
TXN-11603,2023-08-19,CUST-1300,Female,26,25-35 (Young Adults),Electronics,Noise-Cancelling Headphones,1,185.62,185.62,0.05,9.28,176.34,105.66,70.68,40.08,Debit Card
TXN-10535,2023-08-20,CUST-1540,Male,49,36-50 (Middle-Aged),Electronics,4K Ultra HD Smart TV,1,619.55,619.55,0.1,61.96,557.59,424.3,133.29,23.9,Debit Card
TXN-11271,2023-08-20,CUST-1194,Male,40,36-50 (Middle-Aged),Beauty & Personal Care,Shea Butter Moisturizing Cream,2,16.06,32.12,0.05,1.61,30.51,19.18,11.33,37.14,Debit Card
TXN-10049,2023-08-20,CUST-1283,Male,20,18-24 (Youth),Home & Kitchen,Non-Stick Ceramic Cookware Set,1,93.92,93.92,0.0,0.0,93.92,64.19,29.73,31.65,Debit Card
TXN-10436,2023-08-20,CUST-1342,Female,41,36-50 (Middle-Aged),Electronics,4K Ultra HD Smart TV,1,672.36,672.36,0.05,33.62,638.74,373.82,264.92,41.48,Debit Card
TXN-12239,2023-08-21,CUST-1548,Other,43,36-50 (Middle-Aged),Clothing,Formal Oxford Shirt,2,44.08,88.16,0.1,8.82,79.34,53.91,25.43,32.05,Credit Card
TXN-11202,2023-08-21,CUST-1235,Other,46,36-50 (Middle-Aged),Home & Kitchen,Ergonomic Memory Foam Pillow,2,35.45,70.9,0.1,7.09,63.81,42.77,21.04,32.97,Debit Card
TXN-10857,2023-08-21,CUST-1597,Female,24,18-24 (Youth),Clothing,Slim-Fit Denim Jeans,2,48.71,97.42,0.15,14.61,82.81,66.2,16.61,20.06,UPI / Digital Wallet
TXN-11691,2023-08-21,CUST-1048,Male,42,36-50 (Middle-Aged),Home & Kitchen,Stainless Steel Water Bottle,2,19.35,38.7,0.0,0.0,38.7,26.53,12.17,31.45,Credit Card
TXN-12190,2023-08-21,CUST-1321,Female,46,36-50 (Middle-Aged),Beauty & Personal Care,Anti-Aging Retinol Night Serum,2,46.48,92.96,0.05,4.65,88.31,64.14,24.17,27.37,UPI / Digital Wallet
TXN-11782,2023-08-21,CUST-1479,Female,53,51+ (Seniors),Electronics,Smart Fitness Watch,2,117.06,234.12,0.0,0.0,234.12,134.04,100.08,42.75,Credit Card
TXN-10251,2023-08-22,CUST-1464,Male,36,36-50 (Middle-Aged),Home & Kitchen,Air Fryer Digital Oven,3,109.62,328.86,0.0,0.0,328.86,197.41,131.45,39.97,Credit Card
TXN-11885,2023-08-23,CUST-1130,Male,18,18-24 (Youth),Books & Stationery,Executive Hardcover Notebook,4,14.66,58.64,0.0,0.0,58.64,37.61,21.03,35.86,UPI / Digital Wallet
TXN-10835,2023-08-24,CUST-1559,Male,32,25-35 (Young Adults),Clothing,Formal Oxford Shirt,1,43.78,43.78,0.15,6.57,37.21,27.05,10.16,27.3,Debit Card
TXN-11819,2023-08-24,CUST-1002,Male,47,36-50 (Middle-Aged),Electronics,Wireless Bluetooth Earbuds,1,73.82,73.82,0.0,0.0,73.82,48.83,24.99,33.85,Debit Card
TXN-10562,2023-08-25,CUST-1398,Male,36,36-50 (Middle-Aged),Home & Kitchen,Air Fryer Digital Oven,1,109.99,109.99,0.05,5.5,104.49,64.47,40.02,38.3,Credit Card
TXN-12247,2023-08-25,CUST-1269,Male,39,36-50 (Middle-Aged),Electronics,Noise-Cancelling Headphones,1,178.24,178.24,0.1,17.82,160.42,102.24,58.18,36.27,UPI / Digital Wallet
TXN-10263,2023-08-25,CUST-1405,Female,46,36-50 (Middle-Aged),Home & Kitchen,Air Fryer Digital Oven,1,113.14,113.14,0.2,22.63,90.51,77.4,13.11,14.48,Credit Card
TXN-10270,2023-08-25,CUST-1071,Other,59,51+ (Seniors),Books & Stationery,Minimalist Wooden Desk Organizer,3,27.66,82.98,0.05,4.15,78.83,54.98,23.85,30.25,Credit Card
TXN-10293,2023-08-25,CUST-1193,Female,20,18-24 (Youth),Home & Kitchen,Espresso Coffee Machine,1,156.2,156.2,0.15,23.43,132.77,87.09,45.68,34.41,Debit Card
TXN-11439,2023-08-26,CUST-1302,Female,48,36-50 (Middle-Aged),Beauty & Personal Care,Shea Butter Moisturizing Cream,1,15.7,15.7,0.0,0.0,15.7,9.14,6.56,41.78,UPI / Digital Wallet
TXN-10087,2023-08-26,CUST-1103,Female,26,25-35 (Young Adults),Clothing,Casual Breathable Sneakers,2,71.37,142.74,0.0,0.0,142.74,96.86,45.88,32.14,UPI / Digital Wallet
TXN-10257,2023-08-26,CUST-1354,Male,37,36-50 (Middle-Aged),Electronics,Smart Fitness Watch,1,119.85,119.85,0.05,5.99,113.86,71.43,42.43,37.27,UPI / Digital Wallet
TXN-10038,2023-08-26,CUST-1380,Female,26,25-35 (Young Adults),Clothing,Winter Hooded Parka,1,133.63,133.63,0.05,6.68,126.95,74.86,52.09,41.03,Credit Card
TXN-11937,2023-08-26,CUST-1012,Female,41,36-50 (Middle-Aged),Clothing,Classic Cotton Crewneck T-Shirt,2,23.02,46.04,0.15,6.91,39.13,29.81,9.32,23.82,Debit Card
TXN-10976,2023-08-26,CUST-1009,Male,45,36-50 (Middle-Aged),Clothing,Classic Cotton Crewneck T-Shirt,2,21.38,42.76,0.05,2.14,40.62,24.46,16.16,39.78,Debit Card
TXN-11966,2023-08-27,CUST-1103,Female,26,25-35 (Young Adults),Clothing,Formal Oxford Shirt,2,43.13,86.26,0.1,8.63,77.63,53.25,24.38,31.41,UPI / Digital Wallet
TXN-10218,2023-08-27,CUST-1598,Female,31,25-35 (Young Adults),Electronics,Smart Fitness Watch,1,116.76,116.76,0.0,0.0,116.76,64.25,52.51,44.97,UPI / Digital Wallet
TXN-11608,2023-08-27,CUST-1400,Male,18,18-24 (Youth),Books & Stationery,Data Science & ML Handbook,1,48.9,48.9,0.0,0.0,48.9,27.33,21.57,44.11,Credit Card
TXN-11514,2023-08-27,CUST-1316,Male,47,36-50 (Middle-Aged),Clothing,Classic Cotton Crewneck T-Shirt,1,21.9,21.9,0.05,1.1,20.8,12.35,8.45,40.62,Debit Card
TXN-11157,2023-08-27,CUST-1012,Female,41,36-50 (Middle-Aged),Electronics,Smart Fitness Watch,1,121.97,121.97,0.15,18.3,103.67,75.07,28.6,27.59,Credit Card
TXN-10950,2023-08-27,CUST-1580,Male,42,36-50 (Middle-Aged),Electronics,Smart Fitness Watch,1,121.76,121.76,0.05,6.09,115.67,74.78,40.89,35.35,Cash
TXN-12274,2023-08-28,CUST-1291,Female,31,25-35 (Young Adults),Home & Kitchen,Air Fryer Digital Oven,1,113.46,113.46,0.05,5.67,107.79,62.45,45.34,42.06,Credit Card
TXN-11774,2023-08-28,CUST-1312,Other,49,36-50 (Middle-Aged),Electronics,Noise-Cancelling Headphones,4,188.35,753.4,0.0,0.0,753.4,486.67,266.73,35.4,Debit Card
TXN-12100,2023-08-28,CUST-1503,Female,45,36-50 (Middle-Aged),Beauty & Personal Care,Shea Butter Moisturizing Cream,1,16.24,16.24,0.05,0.81,15.43,10.58,4.85,31.43,Cash
TXN-12304,2023-08-28,CUST-1487,Female,22,18-24 (Youth),Electronics,Portable Bluetooth Speaker,1,53.78,53.78,0.05,2.69,51.09,34.26,16.83,32.94,Debit Card
TXN-11683,2023-08-28,CUST-1481,Female,24,18-24 (Youth),Electronics,4K Ultra HD Smart TV,2,643.06,1286.12,0.0,0.0,1286.12,859.6,426.52,33.16,Credit Card
TXN-11098,2023-08-28,CUST-1373,Male,51,51+ (Seniors),Beauty & Personal Care,Organic Botanical Shampoo,1,24.93,24.93,0.1,2.49,22.44,16.73,5.71,25.45,Credit Card
TXN-11827,2023-08-29,CUST-1155,Male,27,25-35 (Young Adults),Beauty & Personal Care,Daily Hydrating Facial Cleanser,2,18.29,36.58,0.0,0.0,36.58,24.58,12.0,32.8,UPI / Digital Wallet
TXN-11889,2023-08-29,CUST-1495,Male,45,36-50 (Middle-Aged),Clothing,Slim-Fit Denim Jeans,1,50.17,50.17,0.0,0.0,50.17,32.12,18.05,35.98,Credit Card
TXN-11810,2023-08-29,CUST-1057,Female,33,25-35 (Young Adults),Home & Kitchen,Air Fryer Digital Oven,1,113.65,113.65,0.15,17.05,96.6,64.52,32.08,33.21,UPI / Digital Wallet
TXN-11444,2023-08-30,CUST-1553,Female,41,36-50 (Middle-Aged),Home & Kitchen,Ergonomic Memory Foam Pillow,1,36.12,36.12,0.05,1.81,34.31,19.94,14.37,41.88,Debit Card
TXN-12417,2023-08-30,CUST-1278,Other,38,36-50 (Middle-Aged),Clothing,Slim-Fit Denim Jeans,1,47.61,47.61,0.15,7.14,40.47,28.3,12.17,30.07,Credit Card
TXN-11542,2023-08-30,CUST-1116,Male,37,36-50 (Middle-Aged),Beauty & Personal Care,Anti-Aging Retinol Night Serum,1,42.96,42.96,0.15,6.44,36.52,24.5,12.02,32.91,UPI / Digital Wallet
TXN-12002,2023-08-30,CUST-1353,Female,35,25-35 (Young Adults),Books & Stationery,Data Science & ML Handbook,2,49.52,99.04,0.15,14.86,84.18,57.66,26.52,31.5,Credit Card
TXN-10981,2023-08-30,CUST-1226,Male,38,36-50 (Middle-Aged),Beauty & Personal Care,Ionic Ceramic Hair Dryer,1,56.39,56.39,0.0,0.0,56.39,39.4,16.99,30.13,Credit Card
TXN-10811,2023-08-31,CUST-1414,Female,42,36-50 (Middle-Aged),Beauty & Personal Care,Daily Hydrating Facial Cleanser,2,18.87,37.74,0.15,5.66,32.08,26.11,5.97,18.61,Cash
TXN-12054,2023-08-31,CUST-1552,Male,54,51+ (Seniors),Electronics,Smart Fitness Watch,1,121.73,121.73,0.0,0.0,121.73,75.39,46.34,38.07,Credit Card
TXN-11161,2023-08-31,CUST-1191,Female,49,36-50 (Middle-Aged),Clothing,Slim-Fit Denim Jeans,1,50.18,50.18,0.1,5.02,45.16,28.11,17.05,37.75,Credit Card
TXN-12042,2023-08-31,CUST-1268,Male,31,25-35 (Young Adults),Home & Kitchen,Stainless Steel Water Bottle,1,19.06,19.06,0.1,1.91,17.15,12.41,4.74,27.64,Credit Card
TXN-10994,2023-09-01,CUST-1473,Male,57,51+ (Seniors),Home & Kitchen,Air Fryer Digital Oven,1,111.58,111.58,0.0,0.0,111.58,66.19,45.39,40.68,UPI / Digital Wallet
TXN-10557,2023-09-01,CUST-1387,Male,64,51+ (Seniors),Home & Kitchen,Espresso Coffee Machine,1,164.83,164.83,0.05,8.24,156.59,93.34,63.25,40.39,UPI / Digital Wallet
TXN-10683,2023-09-01,CUST-1326,Male,54,51+ (Seniors),Books & Stationery,Executive Hardcover Notebook,1,15.71,15.71,0.05,0.79,14.92,10.92,4.0,26.81,Credit Card
TXN-11096,2023-09-01,CUST-1463,Female,40,36-50 (Middle-Aged),Electronics,Noise-Cancelling Headphones,2,174.29,348.58,0.0,0.0,348.58,228.84,119.74,34.35,Credit Card
TXN-11380,2023-09-01,CUST-1526,Female,18,18-24 (Youth),Clothing,Winter Hooded Parka,1,138.28,138.28,0.05,6.91,131.37,78.12,53.25,40.53,Credit Card
TXN-12491,2023-09-02,CUST-1207,Female,45,36-50 (Middle-Aged),Books & Stationery,Data Science & ML Handbook,2,49.16,98.32,0.15,14.75,83.57,57.26,26.31,31.48,UPI / Digital Wallet
TXN-11047,2023-09-02,CUST-1254,Female,18,18-24 (Youth),Beauty & Personal Care,Shea Butter Moisturizing Cream,1,16.08,16.08,0.2,3.22,12.86,8.91,3.95,30.72,Credit Card
TXN-11376,2023-09-02,CUST-1447,Male,24,18-24 (Youth),Electronics,Noise-Cancelling Headphones,1,187.34,187.34,0.05,9.37,177.97,118.82,59.15,33.24,UPI / Digital Wallet
TXN-12420,2023-09-02,CUST-1056,Female,26,25-35 (Young Adults),Beauty & Personal Care,Daily Hydrating Facial Cleanser,1,17.39,17.39,0.15,2.61,14.78,9.76,5.02,33.96,UPI / Digital Wallet
TXN-10755,2023-09-02,CUST-1075,Male,49,36-50 (Middle-Aged),Books & Stationery,Artisan Sketching Pencil Kit,1,18.88,18.88,0.05,0.94,17.94,10.74,7.2,40.13,UPI / Digital Wallet
TXN-12228,2023-09-02,CUST-1017,Male,42,36-50 (Middle-Aged),Clothing,Classic Cotton Crewneck T-Shirt,1,22.21,22.21,0.2,4.44,17.77,14.0,3.77,21.22,Debit Card
TXN-10788,2023-09-02,CUST-1525,Male,18,18-24 (Youth),Electronics,Wireless Bluetooth Earbuds,1,71.39,71.39,0.0,0.0,71.39,47.19,24.2,33.9,Credit Card
TXN-10452,2023-09-04,CUST-1381,Male,29,25-35 (Young Adults),Electronics,Wireless Bluetooth Earbuds,3,75.11,225.33,0.05,11.27,214.06,136.09,77.97,36.42,Debit Card
TXN-10285,2023-09-04,CUST-1542,Female,45,36-50 (Middle-Aged),Electronics,Smart Fitness Watch,1,120.28,120.28,0.2,24.06,96.22,76.52,19.7,20.47,Credit Card
TXN-10170,2023-09-04,CUST-1519,Female,48,36-50 (Middle-Aged),Electronics,Smart Fitness Watch,2,116.97,233.94,0.1,23.39,210.55,134.38,76.17,36.18,Debit Card
TXN-10434,2023-09-05,CUST-1069,Female,28,25-35 (Young Adults),Home & Kitchen,Air Fryer Digital Oven,1,109.22,109.22,0.0,0.0,109.22,73.79,35.43,32.44,Credit Card
TXN-10715,2023-09-05,CUST-1580,Male,42,36-50 (Middle-Aged),Books & Stationery,Artisan Sketching Pencil Kit,1,19.58,19.58,0.05,0.98,18.6,11.76,6.84,36.77,Debit Card
TXN-11199,2023-09-05,CUST-1000,Female,44,36-50 (Middle-Aged),Electronics,Portable Bluetooth Speaker,2,55.63,111.26,0.05,5.56,105.7,67.88,37.82,35.78,Cash
TXN-10497,2023-09-05,CUST-1263,Female,23,18-24 (Youth),Beauty & Personal Care,Daily Hydrating Facial Cleanser,1,17.72,17.72,0.0,0.0,17.72,11.76,5.96,33.63,Debit Card
TXN-11427,2023-09-06,CUST-1594,Other,52,51+ (Seniors),Electronics,Portable Bluetooth Speaker,2,54.33,108.66,0.0,0.0,108.66,66.66,42.0,38.65,Debit Card
TXN-10654,2023-09-06,CUST-1245,Female,33,25-35 (Young Adults),Clothing,Formal Oxford Shirt,3,43.04,129.12,0.1,12.91,116.21,71.77,44.44,38.24,Credit Card
TXN-12438,2023-09-06,CUST-1120,Female,49,36-50 (Middle-Aged),Electronics,Smart Fitness Watch,1,121.5,121.5,0.0,0.0,121.5,68.32,53.18,43.77,Credit Card
TXN-11648,2023-09-06,CUST-1568,Male,18,18-24 (Youth),Electronics,Noise-Cancelling Headphones,1,174.26,174.26,0.05,8.71,165.55,119.87,45.68,27.59,Debit Card
TXN-11822,2023-09-07,CUST-1582,Female,46,36-50 (Middle-Aged),Beauty & Personal Care,Daily Hydrating Facial Cleanser,5,18.85,94.25,0.05,4.71,89.54,54.14,35.4,39.54,Credit Card
TXN-10757,2023-09-07,CUST-1524,Female,27,25-35 (Young Adults),Electronics,Noise-Cancelling Headphones,3,183.24,549.72,0.0,0.0,549.72,373.79,175.93,32.0,Credit Card
TXN-11358,2023-09-07,CUST-1445,Female,47,36-50 (Middle-Aged),Home & Kitchen,Espresso Coffee Machine,1,167.45,167.45,0.0,0.0,167.45,106.3,61.15,36.52,Debit Card
TXN-12160,2023-09-07,CUST-1566,Male,18,18-24 (Youth),Electronics,Wireless Bluetooth Earbuds,2,73.3,146.6,0.0,0.0,146.6,99.16,47.44,32.36,Cash
TXN-10211,2023-09-09,CUST-1548,Other,43,36-50 (Middle-Aged),Beauty & Personal Care,Daily Hydrating Facial Cleanser,1,18.58,18.58,0.05,0.93,17.65,10.28,7.37,41.76,Credit Card
TXN-12458,2023-09-10,CUST-1273,Female,38,36-50 (Middle-Aged),Beauty & Personal Care,Organic Botanical Shampoo,2,23.67,47.34,0.1,4.73,42.61,31.81,10.8,25.35,Credit Card
TXN-11001,2023-09-10,CUST-1440,Female,43,36-50 (Middle-Aged),Home & Kitchen,Espresso Coffee Machine,2,161.26,322.52,0.1,32.25,290.27,214.95,75.32,25.95,Credit Card
TXN-11952,2023-09-10,CUST-1243,Female,50,36-50 (Middle-Aged),Beauty & Personal Care,Anti-Aging Retinol Night Serum,3,43.04,129.12,0.1,12.91,116.21,78.38,37.83,32.55,Credit Card
TXN-10677,2023-09-10,CUST-1012,Female,41,36-50 (Middle-Aged),Beauty & Personal Care,Ionic Ceramic Hair Dryer,2,57.29,114.58,0.0,0.0,114.58,71.2,43.38,37.86,Cash
TXN-10580,2023-09-10,CUST-1179,Female,72,51+ (Seniors),Home & Kitchen,Espresso Coffee Machine,3,164.89,494.67,0.15,74.2,420.47,302.8,117.67,27.99,UPI / Digital Wallet
TXN-10240,2023-09-10,CUST-1458,Male,30,25-35 (Young Adults),Clothing,Winter Hooded Parka,1,133.73,133.73,0.0,0.0,133.73,79.81,53.92,40.32,Credit Card
TXN-12477,2023-09-10,CUST-1029,Male,33,25-35 (Young Adults),Beauty & Personal Care,Anti-Aging Retinol Night Serum,3,44.14,132.42,0.1,13.24,119.18,78.4,40.78,34.22,UPI / Digital Wallet
TXN-10787,2023-09-11,CUST-1331,Male,25,25-35 (Young Adults),Clothing,Winter Hooded Parka,2,139.07,278.14,0.0,0.0,278.14,173.62,104.52,37.58,UPI / Digital Wallet
TXN-11634,2023-09-11,CUST-1384,Male,27,25-35 (Young Adults),Beauty & Personal Care,Anti-Aging Retinol Night Serum,1,46.63,46.63,0.0,0.0,46.63,28.46,18.17,38.97,Credit Card
TXN-11232,2023-09-11,CUST-1086,Male,50,36-50 (Middle-Aged),Clothing,Casual Breathable Sneakers,2,67.22,134.44,0.05,6.72,127.72,80.47,47.25,36.99,UPI / Digital Wallet
TXN-10927,2023-09-12,CUST-1113,Female,72,51+ (Seniors),Clothing,Classic Cotton Crewneck T-Shirt,1,22.16,22.16,0.1,2.22,19.94,14.28,5.66,28.39,Credit Card
TXN-10494,2023-09-12,CUST-1235,Other,46,36-50 (Middle-Aged),Electronics,Portable Bluetooth Speaker,2,52.94,105.88,0.0,0.0,105.88,67.73,38.15,36.03,UPI / Digital Wallet
TXN-11714,2023-09-12,CUST-1451,Female,51,51+ (Seniors),Beauty & Personal Care,Anti-Aging Retinol Night Serum,1,42.92,42.92,0.1,4.29,38.63,25.25,13.38,34.64,UPI / Digital Wallet
TXN-10103,2023-09-12,CUST-1015,Male,30,25-35 (Young Adults),Electronics,4K Ultra HD Smart TV,1,636.04,636.04,0.0,0.0,636.04,425.11,210.93,33.16,Debit Card
TXN-10212,2023-09-13,CUST-1134,Male,25,25-35 (Young Adults),Electronics,Smart Fitness Watch,1,116.52,116.52,0.1,11.65,104.87,64.29,40.58,38.7,Credit Card
TXN-10445,2023-09-13,CUST-1352,Female,50,36-50 (Middle-Aged),Electronics,Smart Fitness Watch,2,118.84,237.68,0.1,23.77,213.91,135.03,78.88,36.88,Cash
TXN-10059,2023-09-13,CUST-1597,Female,24,18-24 (Youth),Beauty & Personal Care,Anti-Aging Retinol Night Serum,1,46.97,46.97,0.0,0.0,46.97,26.76,20.21,43.03,UPI / Digital Wallet
TXN-11697,2023-09-13,CUST-1584,Male,40,36-50 (Middle-Aged),Electronics,Noise-Cancelling Headphones,1,175.19,175.19,0.0,0.0,175.19,101.5,73.69,42.06,Credit Card
TXN-10388,2023-09-13,CUST-1221,Female,18,18-24 (Youth),Books & Stationery,Artisan Sketching Pencil Kit,1,19.9,19.9,0.05,1.0,18.9,11.97,6.93,36.67,Debit Card
TXN-11354,2023-09-14,CUST-1533,Male,21,18-24 (Youth),Beauty & Personal Care,Organic Botanical Shampoo,2,24.32,48.64,0.0,0.0,48.64,31.37,17.27,35.51,Credit Card
TXN-10692,2023-09-14,CUST-1489,Female,50,36-50 (Middle-Aged),Books & Stationery,Executive Hardcover Notebook,1,15.23,15.23,0.2,3.05,12.18,10.21,1.97,16.17,Debit Card
TXN-10680,2023-09-14,CUST-1188,Female,26,25-35 (Young Adults),Beauty & Personal Care,Ionic Ceramic Hair Dryer,1,58.24,58.24,0.1,5.82,52.42,40.18,12.24,23.35,Cash
TXN-11212,2023-09-14,CUST-1167,Male,64,51+ (Seniors),Electronics,Noise-Cancelling Headphones,3,172.09,516.27,0.1,51.63,464.64,286.79,177.85,38.28,Debit Card
TXN-11852,2023-09-14,CUST-1140,Female,41,36-50 (Middle-Aged),Clothing,Slim-Fit Denim Jeans,1,48.59,48.59,0.1,4.86,43.73,29.51,14.22,32.52,Credit Card
TXN-11485,2023-09-15,CUST-1389,Male,29,25-35 (Young Adults),Electronics,Noise-Cancelling Headphones,3,175.49,526.47,0.0,0.0,526.47,355.06,171.41,32.56,Debit Card
TXN-11848,2023-09-15,CUST-1210,Male,45,36-50 (Middle-Aged),Home & Kitchen,Espresso Coffee Machine,3,164.19,492.57,0.2,98.51,394.06,318.35,75.71,19.21,Debit Card
TXN-10515,2023-09-17,CUST-1081,Female,42,36-50 (Middle-Aged),Clothing,Slim-Fit Denim Jeans,1,49.55,49.55,0.1,4.96,44.59,30.26,14.33,32.14,Debit Card
TXN-10089,2023-09-17,CUST-1365,Female,32,25-35 (Young Adults),Electronics,4K Ultra HD Smart TV,1,669.73,669.73,0.2,133.95,535.78,410.32,125.46,23.42,Cash
TXN-10342,2023-09-17,CUST-1420,Other,66,51+ (Seniors),Electronics,Noise-Cancelling Headphones,1,179.46,179.46,0.0,0.0,179.46,107.18,72.28,40.28,UPI / Digital Wallet
TXN-11978,2023-09-18,CUST-1255,Male,31,25-35 (Young Adults),Clothing,Formal Oxford Shirt,1,43.7,43.7,0.1,4.37,39.33,24.13,15.2,38.65,Debit Card
TXN-12156,2023-09-19,CUST-1517,Male,24,18-24 (Youth),Beauty & Personal Care,Anti-Aging Retinol Night Serum,4,44.53,178.12,0.05,8.91,169.21,110.45,58.76,34.73,UPI / Digital Wallet
TXN-11539,2023-09-19,CUST-1151,Male,42,36-50 (Middle-Aged),Home & Kitchen,Non-Stick Ceramic Cookware Set,2,97.46,194.92,0.0,0.0,194.92,112.67,82.25,42.2,Credit Card
TXN-12121,2023-09-20,CUST-1405,Female,46,36-50 (Middle-Aged),Beauty & Personal Care,Ionic Ceramic Hair Dryer,4,56.19,224.76,0.05,11.24,213.52,124.48,89.04,41.7,Credit Card
TXN-10026,2023-09-20,CUST-1596,Male,34,25-35 (Young Adults),Home & Kitchen,Non-Stick Ceramic Cookware Set,2,94.32,188.64,0.1,18.86,169.78,131.8,37.98,22.37,Credit Card
TXN-11019,2023-09-20,CUST-1224,Female,31,25-35 (Young Adults),Books & Stationery,Executive Hardcover Notebook,2,14.77,29.54,0.1,2.95,26.59,18.09,8.5,31.97,Credit Card
TXN-12098,2023-09-20,CUST-1313,Female,49,36-50 (Middle-Aged),Beauty & Personal Care,Anti-Aging Retinol Night Serum,1,43.09,43.09,0.0,0.0,43.09,29.26,13.83,32.1,Debit Card
TXN-11518,2023-09-20,CUST-1132,Female,23,18-24 (Youth),Electronics,4K Ultra HD Smart TV,4,677.62,2710.48,0.0,0.0,2710.48,1789.85,920.63,33.97,UPI / Digital Wallet
TXN-10042,2023-09-20,CUST-1079,Female,18,18-24 (Youth),Home & Kitchen,Air Fryer Digital Oven,5,110.1,550.5,0.15,82.58,467.92,353.58,114.34,24.44,Credit Card
TXN-11255,2023-09-20,CUST-1149,Female,42,36-50 (Middle-Aged),Books & Stationery,Artisan Sketching Pencil Kit,2,18.71,37.42,0.05,1.87,35.55,25.28,10.27,28.89,UPI / Digital Wallet
TXN-12287,2023-09-21,CUST-1112,Female,38,36-50 (Middle-Aged),Home & Kitchen,Espresso Coffee Machine,1,167.32,167.32,0.0,0.0,167.32,103.66,63.66,38.05,Debit Card
TXN-10723,2023-09-21,CUST-1420,Other,66,51+ (Seniors),Clothing,Slim-Fit Denim Jeans,1,48.2,48.2,0.05,2.41,45.79,32.45,13.34,29.13,Credit Card
TXN-12488,2023-09-21,CUST-1598,Female,31,25-35 (Young Adults),Beauty & Personal Care,Ionic Ceramic Hair Dryer,2,57.42,114.84,0.0,0.0,114.84,68.57,46.27,40.29,Credit Card
TXN-10785,2023-09-22,CUST-1291,Female,31,25-35 (Young Adults),Beauty & Personal Care,Organic Botanical Shampoo,4,24.39,97.56,0.1,9.76,87.8,54.42,33.38,38.02,UPI / Digital Wallet
TXN-10808,2023-09-22,CUST-1018,Female,25,25-35 (Young Adults),Clothing,Classic Cotton Crewneck T-Shirt,1,22.65,22.65,0.15,3.4,19.25,14.74,4.51,23.43,UPI / Digital Wallet
TXN-10173,2023-09-22,CUST-1437,Male,18,18-24 (Youth),Clothing,Winter Hooded Parka,1,141.14,141.14,0.05,7.06,134.08,87.82,46.26,34.5,Debit Card
TXN-11916,2023-09-23,CUST-1527,Male,38,36-50 (Middle-Aged),Electronics,Wireless Bluetooth Earbuds,4,74.94,299.76,0.0,0.0,299.76,206.04,93.72,31.27,Credit Card
TXN-11787,2023-09-23,CUST-1042,Female,36,36-50 (Middle-Aged),Electronics,Wireless Bluetooth Earbuds,2,71.48,142.96,0.15,21.44,121.52,91.91,29.61,24.37,UPI / Digital Wallet
TXN-10792,2023-09-23,CUST-1317,Male,33,25-35 (Young Adults),Books & Stationery,Fine Fountain Pen Set,1,36.53,36.53,0.1,3.65,32.88,22.1,10.78,32.79,Credit Card
TXN-11904,2023-09-23,CUST-1354,Male,37,36-50 (Middle-Aged),Clothing,Slim-Fit Denim Jeans,2,50.35,100.7,0.0,0.0,100.7,63.03,37.67,37.41,Debit Card
TXN-11772,2023-09-23,CUST-1242,Male,45,36-50 (Middle-Aged),Home & Kitchen,Ergonomic Memory Foam Pillow,1,36.66,36.66,0.05,1.83,34.83,22.33,12.5,35.89,Debit Card
TXN-10202,2023-09-23,CUST-1078,Female,39,36-50 (Middle-Aged),Electronics,Wireless Bluetooth Earbuds,1,77.87,77.87,0.05,3.89,73.98,51.02,22.96,31.04,UPI / Digital Wallet
TXN-11784,2023-09-23,CUST-1226,Male,38,36-50 (Middle-Aged),Books & Stationery,Minimalist Wooden Desk Organizer,3,28.04,84.12,0.0,0.0,84.12,50.66,33.46,39.78,UPI / Digital Wallet
TXN-12496,2023-09-24,CUST-1325,Male,21,18-24 (Youth),Home & Kitchen,Espresso Coffee Machine,1,161.39,161.39,0.0,0.0,161.39,94.05,67.34,41.73,UPI / Digital Wallet
TXN-11614,2023-09-24,CUST-1110,Male,18,18-24 (Youth),Electronics,4K Ultra HD Smart TV,2,675.45,1350.9,0.05,67.54,1283.36,865.8,417.56,32.54,Credit Card
TXN-12375,2023-09-24,CUST-1001,Male,36,36-50 (Middle-Aged),Clothing,Casual Breathable Sneakers,1,71.03,71.03,0.1,7.1,63.93,39.99,23.94,37.45,Debit Card
TXN-11044,2023-09-24,CUST-1332,Male,39,36-50 (Middle-Aged),Home & Kitchen,Non-Stick Ceramic Cookware Set,2,98.05,196.1,0.05,9.8,186.3,112.4,73.9,39.67,Credit Card
TXN-12186,2023-09-24,CUST-1125,Female,68,51+ (Seniors),Home & Kitchen,Espresso Coffee Machine,2,156.73,313.46,0.0,0.0,313.46,181.97,131.49,41.95,Credit Card
TXN-10595,2023-09-24,CUST-1378,Male,68,51+ (Seniors),Home & Kitchen,Non-Stick Ceramic Cookware Set,2,97.41,194.82,0.05,9.74,185.08,129.06,56.02,30.27,UPI / Digital Wallet
TXN-10613,2023-09-25,CUST-1169,Female,27,25-35 (Young Adults),Home & Kitchen,Espresso Coffee Machine,1,165.08,165.08,0.2,33.02,132.06,114.26,17.8,13.48,Credit Card
TXN-10343,2023-09-25,CUST-1221,Female,18,18-24 (Youth),Clothing,Classic Cotton Crewneck T-Shirt,4,21.51,86.04,0.0,0.0,86.04,58.62,27.42,31.87,Cash
TXN-11382,2023-09-25,CUST-1137,Female,33,25-35 (Young Adults),Electronics,Noise-Cancelling Headphones,1,174.78,174.78,0.2,34.96,139.82,116.09,23.73,16.97,UPI / Digital Wallet
TXN-11686,2023-09-25,CUST-1011,Female,31,25-35 (Young Adults),Beauty & Personal Care,Anti-Aging Retinol Night Serum,2,44.15,88.3,0.1,8.83,79.47,53.13,26.34,33.14,UPI / Digital Wallet
TXN-10113,2023-09-25,CUST-1444,Male,19,18-24 (Youth),Clothing,Formal Oxford Shirt,4,42.92,171.68,0.1,17.17,154.51,116.64,37.87,24.51,Credit Card
TXN-10118,2023-09-25,CUST-1418,Female,54,51+ (Seniors),Clothing,Formal Oxford Shirt,3,41.58,124.74,0.15,18.71,106.03,72.65,33.38,31.48,Debit Card
TXN-12490,2023-09-26,CUST-1317,Male,33,25-35 (Young Adults),Books & Stationery,Fine Fountain Pen Set,3,38.06,114.18,0.1,11.42,102.76,64.16,38.6,37.56,Credit Card
TXN-10288,2023-09-26,CUST-1414,Female,42,36-50 (Middle-Aged),Clothing,Winter Hooded Parka,2,128.48,256.96,0.0,0.0,256.96,157.55,99.41,38.69,Debit Card
TXN-10731,2023-09-26,CUST-1267,Male,18,18-24 (Youth),Electronics,Wireless Bluetooth Earbuds,2,73.85,147.7,0.05,7.38,140.32,84.46,55.86,39.81,Credit Card
TXN-11436,2023-09-26,CUST-1561,Male,67,51+ (Seniors),Electronics,Portable Bluetooth Speaker,1,54.82,54.82,0.15,8.22,46.6,33.84,12.76,27.38,Credit Card
TXN-10223,2023-09-26,CUST-1324,Female,23,18-24 (Youth),Beauty & Personal Care,Ionic Ceramic Hair Dryer,1,56.29,56.29,0.05,2.81,53.48,31.11,22.37,41.83,UPI / Digital Wallet
TXN-11638,2023-09-26,CUST-1445,Female,47,36-50 (Middle-Aged),Clothing,Slim-Fit Denim Jeans,2,48.14,96.28,0.1,9.63,86.65,55.16,31.49,36.34,UPI / Digital Wallet
TXN-12351,2023-09-27,CUST-1586,Male,31,25-35 (Young Adults),Books & Stationery,Artisan Sketching Pencil Kit,1,19.01,19.01,0.05,0.95,18.06,11.99,6.07,33.61,Credit Card
TXN-12225,2023-09-27,CUST-1475,Female,34,25-35 (Young Adults),Clothing,Casual Breathable Sneakers,2,68.07,136.14,0.05,6.81,129.33,90.4,38.93,30.1,Credit Card
TXN-11333,2023-09-27,CUST-1594,Other,52,51+ (Seniors),Home & Kitchen,Non-Stick Ceramic Cookware Set,1,93.03,93.03,0.1,9.3,83.73,64.5,19.23,22.97,Credit Card
TXN-11732,2023-09-27,CUST-1479,Female,53,51+ (Seniors),Books & Stationery,Data Science & ML Handbook,1,49.32,49.32,0.0,0.0,49.32,29.71,19.61,39.76,Debit Card
TXN-12074,2023-09-27,CUST-1497,Female,35,25-35 (Young Adults),Home & Kitchen,Non-Stick Ceramic Cookware Set,2,98.12,196.24,0.2,39.25,156.99,121.04,35.95,22.9,Cash
TXN-10618,2023-09-27,CUST-1291,Female,31,25-35 (Young Adults),Electronics,Smart Fitness Watch,3,115.58,346.74,0.1,34.67,312.07,203.88,108.19,34.67,Debit Card
TXN-10387,2023-09-28,CUST-1561,Male,67,51+ (Seniors),Home & Kitchen,Espresso Coffee Machine,3,162.07,486.21,0.0,0.0,486.21,338.71,147.5,30.34,Debit Card
TXN-11322,2023-09-28,CUST-1379,Male,26,25-35 (Young Adults),Home & Kitchen,Ergonomic Memory Foam Pillow,2,36.71,73.42,0.1,7.34,66.08,41.68,24.4,36.92,Credit Card
TXN-12211,2023-09-28,CUST-1466,Male,46,36-50 (Middle-Aged),Home & Kitchen,Espresso Coffee Machine,1,152.44,152.44,0.15,22.87,129.57,98.47,31.1,24.0,Credit Card
TXN-10658,2023-09-28,CUST-1482,Female,18,18-24 (Youth),Beauty & Personal Care,Organic Botanical Shampoo,1,24.42,24.42,0.0,0.0,24.42,14.04,10.38,42.51,Debit Card
TXN-11133,2023-09-28,CUST-1356,Female,37,36-50 (Middle-Aged),Home & Kitchen,Non-Stick Ceramic Cookware Set,1,90.72,90.72,0.05,4.54,86.18,57.14,29.04,33.7,Credit Card
TXN-11045,2023-09-28,CUST-1510,Female,41,36-50 (Middle-Aged),Electronics,Noise-Cancelling Headphones,2,175.65,351.3,0.15,52.7,298.6,205.63,92.97,31.14,UPI / Digital Wallet
TXN-10095,2023-09-29,CUST-1065,Male,56,51+ (Seniors),Clothing,Casual Breathable Sneakers,1,71.27,71.27,0.1,7.13,64.14,49.8,14.34,22.36,Credit Card
TXN-12163,2023-09-29,CUST-1065,Male,56,51+ (Seniors),Home & Kitchen,Non-Stick Ceramic Cookware Set,2,99.27,198.54,0.0,0.0,198.54,114.01,84.53,42.58,Debit Card
TXN-10931,2023-09-29,CUST-1004,Male,34,25-35 (Young Adults),Clothing,Winter Hooded Parka,5,129.25,646.25,0.15,96.94,549.31,372.72,176.59,32.15,UPI / Digital Wallet
TXN-11460,2023-09-30,CUST-1421,Male,62,51+ (Seniors),Electronics,Smart Fitness Watch,2,122.19,244.38,0.15,36.66,207.72,145.12,62.6,30.14,Cash
TXN-12454,2023-09-30,CUST-1378,Male,68,51+ (Seniors),Books & Stationery,Fine Fountain Pen Set,2,37.58,75.16,0.0,0.0,75.16,48.01,27.15,36.12,Credit Card
TXN-10271,2023-09-30,CUST-1480,Female,36,36-50 (Middle-Aged),Electronics,Portable Bluetooth Speaker,3,56.96,170.88,0.2,34.18,136.7,103.36,33.34,24.39,Credit Card
TXN-10912,2023-09-30,CUST-1092,Male,28,25-35 (Young Adults),Electronics,Wireless Bluetooth Earbuds,1,72.54,72.54,0.0,0.0,72.54,42.84,29.7,40.94,UPI / Digital Wallet
TXN-10056,2023-09-30,CUST-1401,Female,29,25-35 (Young Adults),Electronics,4K Ultra HD Smart TV,2,641.94,1283.88,0.05,64.19,1219.69,737.66,482.03,39.52,Credit Card
TXN-10401,2023-09-30,CUST-1293,Female,49,36-50 (Middle-Aged),Clothing,Slim-Fit Denim Jeans,3,49.65,148.95,0.1,14.9,134.05,88.26,45.79,34.16,Credit Card
TXN-12353,2023-09-30,CUST-1372,Male,58,51+ (Seniors),Electronics,4K Ultra HD Smart TV,1,618.68,618.68,0.1,61.87,556.81,379.91,176.9,31.77,Credit Card
TXN-11826,2023-10-01,CUST-1409,Male,45,36-50 (Middle-Aged),Electronics,Portable Bluetooth Speaker,4,57.14,228.56,0.0,0.0,228.56,141.87,86.69,37.93,Debit Card
TXN-11891,2023-10-01,CUST-1350,Female,42,36-50 (Middle-Aged),Clothing,Formal Oxford Shirt,1,43.77,43.77,0.05,2.19,41.58,25.08,16.5,39.68,UPI / Digital Wallet
TXN-10640,2023-10-02,CUST-1508,Female,38,36-50 (Middle-Aged),Home & Kitchen,Stainless Steel Water Bottle,1,20.26,20.26,0.15,3.04,17.22,13.07,4.15,24.1,Credit Card
TXN-11156,2023-10-02,CUST-1491,Female,58,51+ (Seniors),Clothing,Casual Breathable Sneakers,2,72.76,145.52,0.0,0.0,145.52,100.39,45.13,31.01,Credit Card
TXN-10524,2023-10-02,CUST-1327,Male,49,36-50 (Middle-Aged),Home & Kitchen,Espresso Coffee Machine,2,152.32,304.64,0.05,15.23,289.41,191.22,98.19,33.93,Credit Card
TXN-10848,2023-10-02,CUST-1245,Female,33,25-35 (Young Adults),Home & Kitchen,Stainless Steel Water Bottle,1,19.07,19.07,0.0,0.0,19.07,12.8,6.27,32.88,UPI / Digital Wallet
TXN-12182,2023-10-02,CUST-1061,Female,35,25-35 (Young Adults),Electronics,Smart Fitness Watch,2,116.42,232.84,0.1,23.28,209.56,138.17,71.39,34.07,Credit Card
TXN-10100,2023-10-02,CUST-1283,Male,20,18-24 (Youth),Electronics,4K Ultra HD Smart TV,3,637.31,1911.93,0.0,0.0,1911.93,1301.86,610.07,31.91,Credit Card
TXN-10253,2023-10-03,CUST-1049,Male,18,18-24 (Youth),Electronics,Noise-Cancelling Headphones,1,172.35,172.35,0.05,8.62,163.73,120.27,43.46,26.54,Credit Card
TXN-11724,2023-10-03,CUST-1232,Female,38,36-50 (Middle-Aged),Clothing,Formal Oxford Shirt,1,40.77,40.77,0.1,4.08,36.69,24.2,12.49,34.04,Cash
TXN-10239,2023-10-03,CUST-1298,Other,49,36-50 (Middle-Aged),Books & Stationery,Data Science & ML Handbook,3,49.47,148.41,0.2,29.68,118.73,87.0,31.73,26.72,Credit Card
TXN-11582,2023-10-04,CUST-1201,Female,45,36-50 (Middle-Aged),Clothing,Casual Breathable Sneakers,1,69.53,69.53,0.05,3.48,66.05,44.1,21.95,33.23,Credit Card
TXN-12320,2023-10-04,CUST-1194,Male,40,36-50 (Middle-Aged),Electronics,4K Ultra HD Smart TV,2,666.74,1333.48,0.0,0.0,1333.48,737.74,595.74,44.68,Debit Card
TXN-11673,2023-10-04,CUST-1442,Male,18,18-24 (Youth),Home & Kitchen,Air Fryer Digital Oven,1,114.83,114.83,0.2,22.97,91.86,65.01,26.85,29.23,Cash
TXN-11342,2023-10-04,CUST-1532,Female,37,36-50 (Middle-Aged),Home & Kitchen,Espresso Coffee Machine,3,163.4,490.2,0.05,24.51,465.69,275.15,190.54,40.92,Cash
TXN-11702,2023-10-04,CUST-1332,Male,39,36-50 (Middle-Aged),Electronics,Noise-Cancelling Headphones,1,180.83,180.83,0.1,18.08,162.75,112.79,49.96,30.7,UPI / Digital Wallet
TXN-10022,2023-10-04,CUST-1219,Female,39,36-50 (Middle-Aged),Electronics,4K Ultra HD Smart TV,1,659.53,659.53,0.05,32.98,626.55,452.36,174.19,27.8,UPI / Digital Wallet
TXN-11024,2023-10-04,CUST-1423,Female,51,51+ (Seniors),Electronics,Noise-Cancelling Headphones,3,175.49,526.47,0.1,52.65,473.82,295.32,178.5,37.67,UPI / Digital Wallet
TXN-10477,2023-10-04,CUST-1535,Male,38,36-50 (Middle-Aged),Beauty & Personal Care,Ionic Ceramic Hair Dryer,1,57.53,57.53,0.0,0.0,57.53,37.83,19.7,34.24,Credit Card
TXN-12150,2023-10-04,CUST-1596,Male,34,25-35 (Young Adults),Home & Kitchen,Stainless Steel Water Bottle,1,20.35,20.35,0.05,1.02,19.33,12.52,6.81,35.23,Credit Card
TXN-10833,2023-10-04,CUST-1390,Male,25,25-35 (Young Adults),Electronics,Wireless Bluetooth Earbuds,1,74.43,74.43,0.0,0.0,74.43,51.79,22.64,30.42,Credit Card
TXN-10083,2023-10-04,CUST-1531,Male,18,18-24 (Youth),Home & Kitchen,Ergonomic Memory Foam Pillow,1,35.9,35.9,0.0,0.0,35.9,24.47,11.43,31.84,UPI / Digital Wallet
TXN-10093,2023-10-04,CUST-1155,Male,27,25-35 (Young Adults),Beauty & Personal Care,Anti-Aging Retinol Night Serum,1,43.83,43.83,0.0,0.0,43.83,27.07,16.76,38.24,UPI / Digital Wallet
TXN-11591,2023-10-05,CUST-1015,Male,30,25-35 (Young Adults),Home & Kitchen,Ergonomic Memory Foam Pillow,2,34.8,69.6,0.05,3.48,66.12,40.96,25.16,38.05,UPI / Digital Wallet
TXN-11821,2023-10-06,CUST-1489,Female,50,36-50 (Middle-Aged),Electronics,Wireless Bluetooth Earbuds,3,75.88,227.64,0.1,22.76,204.88,158.08,46.8,22.84,Debit Card
TXN-10094,2023-10-06,CUST-1175,Male,49,36-50 (Middle-Aged),Home & Kitchen,Air Fryer Digital Oven,1,113.76,113.76,0.2,22.75,91.01,73.39,17.62,19.36,Credit Card
TXN-11433,2023-10-06,CUST-1282,Female,60,51+ (Seniors),Beauty & Personal Care,Anti-Aging Retinol Night Serum,1,43.56,43.56,0.0,0.0,43.56,27.35,16.21,37.21,Debit Card
TXN-11185,2023-10-06,CUST-1001,Male,36,36-50 (Middle-Aged),Books & Stationery,Data Science & ML Handbook,1,47.51,47.51,0.05,2.38,45.13,31.86,13.27,29.4,UPI / Digital Wallet
TXN-11941,2023-10-07,CUST-1151,Male,42,36-50 (Middle-Aged),Home & Kitchen,Stainless Steel Water Bottle,2,19.37,38.74,0.05,1.94,36.8,23.94,12.86,34.95,UPI / Digital Wallet
TXN-10144,2023-10-08,CUST-1030,Male,29,25-35 (Young Adults),Beauty & Personal Care,Daily Hydrating Facial Cleanser,2,18.15,36.3,0.0,0.0,36.3,23.68,12.62,34.77,Credit Card
TXN-12390,2023-10-08,CUST-1406,Male,23,18-24 (Youth),Clothing,Classic Cotton Crewneck T-Shirt,4,23.09,92.36,0.1,9.24,83.12,58.53,24.59,29.58,Debit Card
TXN-10099,2023-10-08,CUST-1423,Female,51,51+ (Seniors),Home & Kitchen,Non-Stick Ceramic Cookware Set,1,99.43,99.43,0.1,9.94,89.49,69.19,20.3,22.68,UPI / Digital Wallet
TXN-10575,2023-10-08,CUST-1322,Male,26,25-35 (Young Adults),Clothing,Classic Cotton Crewneck T-Shirt,2,21.59,43.18,0.05,2.16,41.02,26.89,14.13,34.45,UPI / Digital Wallet
TXN-10448,2023-10-08,CUST-1214,Male,33,25-35 (Young Adults),Clothing,Casual Breathable Sneakers,2,70.9,141.8,0.15,21.27,120.53,93.75,26.78,22.22,Debit Card
TXN-11946,2023-10-08,CUST-1082,Male,58,51+ (Seniors),Electronics,Portable Bluetooth Speaker,3,56.05,168.15,0.05,8.41,159.74,111.95,47.79,29.92,UPI / Digital Wallet
TXN-11943,2023-10-08,CUST-1348,Male,27,25-35 (Young Adults),Home & Kitchen,Non-Stick Ceramic Cookware Set,1,95.9,95.9,0.0,0.0,95.9,60.73,35.17,36.67,Cash
TXN-12142,2023-10-08,CUST-1350,Female,42,36-50 (Middle-Aged),Home & Kitchen,Air Fryer Digital Oven,2,111.61,223.22,0.0,0.0,223.22,142.88,80.34,35.99,UPI / Digital Wallet
TXN-10423,2023-10-09,CUST-1577,Male,48,36-50 (Middle-Aged),Electronics,Portable Bluetooth Speaker,3,55.9,167.7,0.05,8.38,159.32,96.09,63.23,39.69,UPI / Digital Wallet
TXN-10441,2023-10-09,CUST-1087,Female,42,36-50 (Middle-Aged),Clothing,Casual Breathable Sneakers,1,72.11,72.11,0.05,3.61,68.5,41.74,26.76,39.07,UPI / Digital Wallet
TXN-10435,2023-10-10,CUST-1585,Female,41,36-50 (Middle-Aged),Clothing,Casual Breathable Sneakers,5,69.15,345.75,0.05,17.29,328.46,231.23,97.23,29.6,Credit Card
TXN-11500,2023-10-10,CUST-1286,Male,35,25-35 (Young Adults),Electronics,Noise-Cancelling Headphones,2,177.3,354.6,0.05,17.73,336.87,202.97,133.9,39.75,UPI / Digital Wallet
TXN-11694,2023-10-10,CUST-1053,Female,46,36-50 (Middle-Aged),Clothing,Classic Cotton Crewneck T-Shirt,1,21.27,21.27,0.0,0.0,21.27,12.41,8.86,41.65,Credit Card
TXN-10060,2023-10-10,CUST-1561,Male,67,51+ (Seniors),Electronics,Wireless Bluetooth Earbuds,1,72.38,72.38,0.05,3.62,68.76,48.04,20.72,30.13,UPI / Digital Wallet
TXN-12411,2023-10-11,CUST-1485,Male,18,18-24 (Youth),Beauty & Personal Care,Anti-Aging Retinol Night Serum,1,43.39,43.39,0.1,4.34,39.05,24.63,14.42,36.93,Credit Card
TXN-10203,2023-10-11,CUST-1448,Female,30,25-35 (Young Adults),Electronics,Smart Fitness Watch,1,125.24,125.24,0.2,25.05,100.19,73.02,27.17,27.12,UPI / Digital Wallet
TXN-10620,2023-10-12,CUST-1386,Female,42,36-50 (Middle-Aged),Electronics,Wireless Bluetooth Earbuds,1,77.27,77.27,0.0,0.0,77.27,45.79,31.48,40.74,Debit Card
TXN-10962,2023-10-13,CUST-1377,Male,40,36-50 (Middle-Aged),Electronics,Noise-Cancelling Headphones,1,175.35,175.35,0.0,0.0,175.35,116.76,58.59,33.41,Credit Card
TXN-11343,2023-10-14,CUST-1448,Female,30,25-35 (Young Adults),Books & Stationery,Executive Hardcover Notebook,1,15.07,15.07,0.1,1.51,13.56,10.11,3.45,25.44,Debit Card
TXN-12348,2023-10-14,CUST-1368,Female,39,36-50 (Middle-Aged),Electronics,Noise-Cancelling Headphones,2,173.88,347.76,0.0,0.0,347.76,202.28,145.48,41.83,Debit Card
TXN-11083,2023-10-14,CUST-1168,Female,34,25-35 (Young Adults),Beauty & Personal Care,Ionic Ceramic Hair Dryer,3,58.42,175.26,0.05,8.76,166.5,121.24,45.26,27.18,Credit Card
TXN-10554,2023-10-15,CUST-1337,Male,33,25-35 (Young Adults),Electronics,Portable Bluetooth Speaker,2,56.11,112.22,0.2,22.44,89.78,66.18,23.6,26.29,UPI / Digital Wallet
TXN-10946,2023-10-16,CUST-1542,Female,45,36-50 (Middle-Aged),Electronics,Noise-Cancelling Headphones,2,171.35,342.7,0.05,17.14,325.56,230.29,95.27,29.26,Cash
TXN-10664,2023-10-16,CUST-1385,Female,40,36-50 (Middle-Aged),Electronics,4K Ultra HD Smart TV,1,643.76,643.76,0.0,0.0,643.76,381.47,262.29,40.74,Debit Card
TXN-10221,2023-10-16,CUST-1480,Female,36,36-50 (Middle-Aged),Home & Kitchen,Non-Stick Ceramic Cookware Set,2,94.16,188.32,0.0,0.0,188.32,112.83,75.49,40.09,Debit Card
TXN-11139,2023-10-16,CUST-1139,Female,20,18-24 (Youth),Home & Kitchen,Stainless Steel Water Bottle,1,20.63,20.63,0.2,4.13,16.5,14.29,2.21,13.39,Credit Card
TXN-12409,2023-10-16,CUST-1204,Female,18,18-24 (Youth),Clothing,Slim-Fit Denim Jeans,2,49.96,99.92,0.0,0.0,99.92,68.65,31.27,31.3,UPI / Digital Wallet
TXN-10963,2023-10-17,CUST-1060,Male,31,25-35 (Young Adults),Clothing,Classic Cotton Crewneck T-Shirt,1,20.95,20.95,0.0,0.0,20.95,14.22,6.73,32.12,Debit Card
TXN-11975,2023-10-17,CUST-1553,Female,41,36-50 (Middle-Aged),Home & Kitchen,Stainless Steel Water Bottle,1,19.34,19.34,0.1,1.93,17.41,11.27,6.14,35.27,Credit Card
TXN-11425,2023-10-17,CUST-1296,Female,50,36-50 (Middle-Aged),Electronics,Wireless Bluetooth Earbuds,3,71.46,214.38,0.15,32.16,182.22,149.18,33.04,18.13,Credit Card
TXN-11924,2023-10-17,CUST-1395,Other,31,25-35 (Young Adults),Home & Kitchen,Espresso Coffee Machine,1,159.3,159.3,0.15,23.9,135.4,97.91,37.49,27.69,Credit Card
TXN-11963,2023-10-18,CUST-1135,Female,59,51+ (Seniors),Electronics,4K Ultra HD Smart TV,1,677.61,677.61,0.0,0.0,677.61,462.29,215.32,31.78,UPI / Digital Wallet
TXN-12132,2023-10-19,CUST-1334,Male,51,51+ (Seniors),Home & Kitchen,Espresso Coffee Machine,1,153.25,153.25,0.05,7.66,145.59,101.43,44.16,30.33,Credit Card
TXN-10341,2023-10-19,CUST-1282,Female,60,51+ (Seniors),Home & Kitchen,Air Fryer Digital Oven,1,108.86,108.86,0.0,0.0,108.86,62.35,46.51,42.72,Debit Card
TXN-11353,2023-10-20,CUST-1145,Female,48,36-50 (Middle-Aged),Home & Kitchen,Non-Stick Ceramic Cookware Set,1,92.5,92.5,0.1,9.25,83.25,59.54,23.71,28.48,Credit Card
TXN-11077,2023-10-20,CUST-1464,Male,36,36-50 (Middle-Aged),Clothing,Winter Hooded Parka,1,139.09,139.09,0.1,13.91,125.18,89.56,35.62,28.46,Credit Card
TXN-10804,2023-10-20,CUST-1292,Female,29,25-35 (Young Adults),Home & Kitchen,Espresso Coffee Machine,4,164.76,659.04,0.2,131.81,527.23,363.53,163.7,31.05,Debit Card
TXN-12234,2023-10-20,CUST-1149,Female,42,36-50 (Middle-Aged),Electronics,Smart Fitness Watch,3,116.86,350.58,0.1,35.06,315.52,223.36,92.16,29.21,UPI / Digital Wallet
TXN-11320,2023-10-21,CUST-1440,Female,43,36-50 (Middle-Aged),Electronics,Noise-Cancelling Headphones,1,184.56,184.56,0.1,18.46,166.1,122.15,43.95,26.46,Credit Card
TXN-12060,2023-10-21,CUST-1476,Female,46,36-50 (Middle-Aged),Beauty & Personal Care,Shea Butter Moisturizing Cream,3,15.82,47.46,0.05,2.37,45.09,27.56,17.53,38.88,Credit Card
TXN-11244,2023-10-21,CUST-1551,Male,35,25-35 (Young Adults),Home & Kitchen,Stainless Steel Water Bottle,1,20.95,20.95,0.0,0.0,20.95,13.88,7.07,33.75,Debit Card
TXN-12255,2023-10-21,CUST-1094,Female,32,25-35 (Young Adults),Electronics,Wireless Bluetooth Earbuds,1,75.16,75.16,0.15,11.27,63.89,49.98,13.91,21.77,UPI / Digital Wallet
TXN-11172,2023-10-22,CUST-1119,Female,48,36-50 (Middle-Aged),Clothing,Slim-Fit Denim Jeans,3,47.62,142.86,0.05,7.14,135.72,82.68,53.04,39.08,Debit Card
TXN-10984,2023-10-23,CUST-1397,Female,56,51+ (Seniors),Books & Stationery,Artisan Sketching Pencil Kit,1,18.83,18.83,0.15,2.82,16.01,10.47,5.54,34.6,Debit Card
TXN-10459,2023-10-23,CUST-1170,Female,25,25-35 (Young Adults),Electronics,Smart Fitness Watch,1,120.74,120.74,0.1,12.07,108.67,76.7,31.97,29.42,UPI / Digital Wallet
TXN-12257,2023-10-23,CUST-1536,Male,25,25-35 (Young Adults),Books & Stationery,Artisan Sketching Pencil Kit,2,19.9,39.8,0.05,1.99,37.81,25.91,11.9,31.47,Credit Card
TXN-12294,2023-10-23,CUST-1178,Female,34,25-35 (Young Adults),Home & Kitchen,Stainless Steel Water Bottle,1,19.84,19.84,0.0,0.0,19.84,11.85,7.99,40.27,Credit Card
TXN-11173,2023-10-24,CUST-1009,Male,45,36-50 (Middle-Aged),Electronics,Smart Fitness Watch,3,115.19,345.57,0.1,34.56,311.01,194.62,116.39,37.42,UPI / Digital Wallet
TXN-11506,2023-10-24,CUST-1499,Female,18,18-24 (Youth),Home & Kitchen,Air Fryer Digital Oven,2,106.03,212.06,0.1,21.21,190.85,133.74,57.11,29.92,Credit Card
TXN-11291,2023-10-26,CUST-1033,Female,23,18-24 (Youth),Home & Kitchen,Air Fryer Digital Oven,1,112.1,112.1,0.1,11.21,100.89,77.39,23.5,23.29,UPI / Digital Wallet
TXN-10274,2023-10-26,CUST-1057,Female,33,25-35 (Young Adults),Clothing,Classic Cotton Crewneck T-Shirt,2,22.48,44.96,0.1,4.5,40.46,31.41,9.05,22.37,Credit Card
TXN-12103,2023-10-27,CUST-1108,Male,41,36-50 (Middle-Aged),Beauty & Personal Care,Ionic Ceramic Hair Dryer,2,55.33,110.66,0.0,0.0,110.66,72.85,37.81,34.17,UPI / Digital Wallet
TXN-10311,2023-10-27,CUST-1588,Male,49,36-50 (Middle-Aged),Books & Stationery,Fine Fountain Pen Set,1,38.02,38.02,0.0,0.0,38.02,22.92,15.1,39.72,UPI / Digital Wallet
TXN-10707,2023-10-27,CUST-1231,Male,41,36-50 (Middle-Aged),Clothing,Casual Breathable Sneakers,1,69.23,69.23,0.05,3.46,65.77,41.89,23.88,36.31,Credit Card
TXN-11099,2023-10-27,CUST-1425,Female,57,51+ (Seniors),Clothing,Classic Cotton Crewneck T-Shirt,3,22.01,66.03,0.1,6.6,59.43,43.47,15.96,26.86,Credit Card
TXN-11529,2023-10-28,CUST-1305,Female,39,36-50 (Middle-Aged),Beauty & Personal Care,Shea Butter Moisturizing Cream,1,15.62,15.62,0.0,0.0,15.62,9.91,5.71,36.56,Credit Card
TXN-11153,2023-10-28,CUST-1306,Female,55,51+ (Seniors),Clothing,Winter Hooded Parka,2,135.59,271.18,0.0,0.0,271.18,169.57,101.61,37.47,Debit Card
TXN-11258,2023-10-28,CUST-1066,Female,36,36-50 (Middle-Aged),Electronics,Noise-Cancelling Headphones,2,188.3,376.6,0.0,0.0,376.6,233.89,142.71,37.89,Debit Card
TXN-11105,2023-10-28,CUST-1552,Male,54,51+ (Seniors),Electronics,Wireless Bluetooth Earbuds,1,72.97,72.97,0.05,3.65,69.32,42.93,26.39,38.07,Debit Card
TXN-11522,2023-10-28,CUST-1089,Male,45,36-50 (Middle-Aged),Beauty & Personal Care,Ionic Ceramic Hair Dryer,4,56.24,224.96,0.05,11.25,213.71,146.4,67.31,31.5,Credit Card
TXN-12120,2023-10-29,CUST-1124,Female,46,36-50 (Middle-Aged),Beauty & Personal Care,Daily Hydrating Facial Cleanser,1,18.39,18.39,0.0,0.0,18.39,12.87,5.52,30.02,Debit Card
TXN-10063,2023-10-29,CUST-1230,Male,27,25-35 (Young Adults),Home & Kitchen,Non-Stick Ceramic Cookware Set,2,93.63,187.26,0.05,9.36,177.9,103.14,74.76,42.02,UPI / Digital Wallet
TXN-10097,2023-10-29,CUST-1459,Female,21,18-24 (Youth),Electronics,4K Ultra HD Smart TV,2,668.75,1337.5,0.0,0.0,1337.5,917.63,419.87,31.39,UPI / Digital Wallet
TXN-11393,2023-10-29,CUST-1515,Female,48,36-50 (Middle-Aged),Electronics,Portable Bluetooth Speaker,1,57.38,57.38,0.0,0.0,57.38,35.51,21.87,38.11,Credit Card
TXN-10138,2023-10-30,CUST-1162,Female,54,51+ (Seniors),Books & Stationery,Fine Fountain Pen Set,1,39.25,39.25,0.0,0.0,39.25,25.93,13.32,33.94,UPI / Digital Wallet
TXN-11713,2023-10-31,CUST-1304,Male,37,36-50 (Middle-Aged),Beauty & Personal Care,Organic Botanical Shampoo,2,24.74,49.48,0.05,2.47,47.01,28.03,18.98,40.37,UPI / Digital Wallet
TXN-10955,2023-10-31,CUST-1578,Female,18,18-24 (Youth),Electronics,Smart Fitness Watch,1,118.15,118.15,0.05,5.91,112.24,70.9,41.34,36.83,Credit Card
TXN-11155,2023-11-01,CUST-1232,Female,38,36-50 (Middle-Aged),Beauty & Personal Care,Shea Butter Moisturizing Cream,1,15.24,15.24,0.15,2.29,12.95,9.01,3.94,30.42,Credit Card
TXN-11329,2023-11-01,CUST-1352,Female,50,36-50 (Middle-Aged),Electronics,Portable Bluetooth Speaker,3,55.86,167.58,0.05,8.38,159.2,114.15,45.05,28.3,Credit Card
TXN-11126,2023-11-01,CUST-1578,Female,18,18-24 (Youth),Home & Kitchen,Non-Stick Ceramic Cookware Set,1,93.64,93.64,0.1,9.36,84.28,64.99,19.29,22.89,Credit Card
TXN-10354,2023-11-02,CUST-1493,Female,25,25-35 (Young Adults),Clothing,Slim-Fit Denim Jeans,1,46.4,46.4,0.1,4.64,41.76,30.59,11.17,26.75,Credit Card
TXN-10687,2023-11-02,CUST-1394,Male,54,51+ (Seniors),Clothing,Slim-Fit Denim Jeans,1,45.84,45.84,0.1,4.58,41.26,28.27,12.99,31.48,Credit Card
TXN-10314,2023-11-02,CUST-1224,Female,31,25-35 (Young Adults),Clothing,Slim-Fit Denim Jeans,2,48.73,97.46,0.1,9.75,87.71,62.41,25.3,28.85,Debit Card
TXN-12282,2023-11-02,CUST-1548,Other,43,36-50 (Middle-Aged),Books & Stationery,Artisan Sketching Pencil Kit,2,18.62,37.24,0.05,1.86,35.38,21.76,13.62,38.5,Debit Card
TXN-12183,2023-11-02,CUST-1295,Female,28,25-35 (Young Adults),Electronics,4K Ultra HD Smart TV,2,637.31,1274.62,0.1,127.46,1147.16,851.82,295.34,25.75,Cash
TXN-10447,2023-11-03,CUST-1398,Male,36,36-50 (Middle-Aged),Electronics,Wireless Bluetooth Earbuds,1,73.07,73.07,0.2,14.61,58.46,50.26,8.2,14.03,Credit Card
TXN-10577,2023-11-04,CUST-1008,Female,31,25-35 (Young Adults),Clothing,Slim-Fit Denim Jeans,2,49.07,98.14,0.1,9.81,88.33,54.41,33.92,38.4,Debit Card
TXN-11123,2023-11-04,CUST-1333,Female,28,25-35 (Young Adults),Home & Kitchen,Air Fryer Digital Oven,1,110.67,110.67,0.05,5.53,105.14,72.32,32.82,31.22,UPI / Digital Wallet
TXN-10566,2023-11-05,CUST-1474,Male,61,51+ (Seniors),Books & Stationery,Executive Hardcover Notebook,1,15.45,15.45,0.05,0.77,14.68,9.36,5.32,36.24,Credit Card
TXN-11581,2023-11-05,CUST-1211,Female,53,51+ (Seniors),Home & Kitchen,Stainless Steel Water Bottle,2,20.35,40.7,0.05,2.04,38.66,22.79,15.87,41.05,Credit Card
TXN-11351,2023-11-05,CUST-1588,Male,49,36-50 (Middle-Aged),Electronics,Portable Bluetooth Speaker,3,54.69,164.07,0.1,16.41,147.66,97.43,50.23,34.02,Debit Card
TXN-12146,2023-11-05,CUST-1552,Male,54,51+ (Seniors),Electronics,Smart Fitness Watch,2,123.57,247.14,0.0,0.0,247.14,144.7,102.44,41.45,Debit Card
TXN-10840,2023-11-05,CUST-1180,Male,46,36-50 (Middle-Aged),Home & Kitchen,Ergonomic Memory Foam Pillow,1,34.95,34.95,0.15,5.24,29.71,23.94,5.77,19.42,Debit Card
TXN-11753,2023-11-06,CUST-1595,Female,30,25-35 (Young Adults),Beauty & Personal Care,Daily Hydrating Facial Cleanser,1,18.8,18.8,0.05,0.94,17.86,10.41,7.45,41.71,UPI / Digital Wallet
TXN-10324,2023-11-06,CUST-1108,Male,41,36-50 (Middle-Aged),Beauty & Personal Care,Ionic Ceramic Hair Dryer,3,56.83,170.49,0.0,0.0,170.49,102.02,68.47,40.16,Debit Card
TXN-10262,2023-11-06,CUST-1071,Other,59,51+ (Seniors),Clothing,Winter Hooded Parka,2,130.16,260.32,0.0,0.0,260.32,154.06,106.26,40.82,Credit Card
TXN-10283,2023-11-07,CUST-1442,Male,18,18-24 (Youth),Books & Stationery,Artisan Sketching Pencil Kit,3,18.48,55.44,0.1,5.54,49.9,36.31,13.59,27.23,Debit Card
TXN-11345,2023-11-07,CUST-1497,Female,35,25-35 (Young Adults),Clothing,Slim-Fit Denim Jeans,3,49.8,149.4,0.0,0.0,149.4,102.03,47.37,31.71,Credit Card
TXN-11069,2023-11-07,CUST-1176,Female,38,36-50 (Middle-Aged),Clothing,Slim-Fit Denim Jeans,1,49.35,49.35,0.0,0.0,49.35,31.27,18.08,36.64,UPI / Digital Wallet
TXN-10031,2023-11-07,CUST-1445,Female,47,36-50 (Middle-Aged),Clothing,Casual Breathable Sneakers,2,68.93,137.86,0.1,13.79,124.07,95.0,29.07,23.43,Credit Card
TXN-12316,2023-11-07,CUST-1270,Female,58,51+ (Seniors),Home & Kitchen,Stainless Steel Water Bottle,1,19.65,19.65,0.0,0.0,19.65,13.36,6.29,32.01,Debit Card
TXN-11880,2023-11-07,CUST-1444,Male,19,18-24 (Youth),Clothing,Classic Cotton Crewneck T-Shirt,1,21.22,21.22,0.1,2.12,19.1,11.89,7.21,37.75,Debit Card
TXN-10796,2023-11-07,CUST-1248,Male,62,51+ (Seniors),Electronics,Portable Bluetooth Speaker,1,57.73,57.73,0.0,0.0,57.73,33.84,23.89,41.38,Cash
TXN-11677,2023-11-07,CUST-1078,Female,39,36-50 (Middle-Aged),Home & Kitchen,Stainless Steel Water Bottle,1,20.5,20.5,0.05,1.03,19.47,12.52,6.95,35.7,UPI / Digital Wallet
TXN-11233,2023-11-07,CUST-1216,Female,27,25-35 (Young Adults),Home & Kitchen,Stainless Steel Water Bottle,1,19.78,19.78,0.1,1.98,17.8,12.11,5.69,31.97,Credit Card
TXN-11004,2023-11-08,CUST-1033,Female,23,18-24 (Youth),Clothing,Classic Cotton Crewneck T-Shirt,4,22.15,88.6,0.05,4.43,84.17,53.43,30.74,36.52,UPI / Digital Wallet
TXN-11109,2023-11-08,CUST-1016,Female,23,18-24 (Youth),Clothing,Slim-Fit Denim Jeans,1,46.54,46.54,0.1,4.65,41.89,31.5,10.39,24.8,Debit Card
TXN-11927,2023-11-08,CUST-1461,Female,38,36-50 (Middle-Aged),Clothing,Casual Breathable Sneakers,2,73.09,146.18,0.15,21.93,124.25,102.29,21.96,17.67,Credit Card
TXN-11842,2023-11-08,CUST-1133,Female,44,36-50 (Middle-Aged),Books & Stationery,Minimalist Wooden Desk Organizer,2,27.96,55.92,0.0,0.0,55.92,33.48,22.44,40.13,Credit Card
TXN-10889,2023-11-09,CUST-1320,Female,39,36-50 (Middle-Aged),Clothing,Formal Oxford Shirt,2,41.7,83.4,0.0,0.0,83.4,54.88,28.52,34.2,Debit Card
TXN-11729,2023-11-10,CUST-1383,Female,30,25-35 (Young Adults),Electronics,Portable Bluetooth Speaker,1,53.72,53.72,0.15,8.06,45.66,34.23,11.43,25.03,UPI / Digital Wallet
TXN-11553,2023-11-10,CUST-1179,Female,72,51+ (Seniors),Clothing,Classic Cotton Crewneck T-Shirt,2,20.99,41.98,0.0,0.0,41.98,26.61,15.37,36.61,Cash
TXN-10041,2023-11-11,CUST-1252,Female,67,51+ (Seniors),Home & Kitchen,Air Fryer Digital Oven,1,109.23,109.23,0.0,0.0,109.23,72.9,36.33,33.26,Credit Card
TXN-11995,2023-11-11,CUST-1070,Female,43,36-50 (Middle-Aged),Electronics,Noise-Cancelling Headphones,2,175.36,350.72,0.0,0.0,350.72,210.2,140.52,40.07,Debit Card
TXN-11292,2023-11-11,CUST-1009,Male,45,36-50 (Middle-Aged),Clothing,Slim-Fit Denim Jeans,3,48.08,144.24,0.1,14.42,129.82,83.42,46.4,35.74,Credit Card
TXN-12240,2023-11-12,CUST-1114,Male,35,25-35 (Young Adults),Clothing,Casual Breathable Sneakers,5,67.7,338.5,0.05,16.92,321.58,228.83,92.75,28.84,Credit Card
TXN-12072,2023-11-12,CUST-1365,Female,32,25-35 (Young Adults),Clothing,Casual Breathable Sneakers,5,67.74,338.7,0.1,33.87,304.83,207.05,97.78,32.08,UPI / Digital Wallet
TXN-12407,2023-11-12,CUST-1572,Other,42,36-50 (Middle-Aged),Home & Kitchen,Stainless Steel Water Bottle,1,19.98,19.98,0.1,2.0,17.98,13.53,4.45,24.75,Credit Card
TXN-10632,2023-11-13,CUST-1342,Female,41,36-50 (Middle-Aged),Books & Stationery,Minimalist Wooden Desk Organizer,2,29.01,58.02,0.05,2.9,55.12,34.81,20.31,36.85,Credit Card
TXN-10734,2023-11-13,CUST-1560,Female,42,36-50 (Middle-Aged),Clothing,Classic Cotton Crewneck T-Shirt,1,22.61,22.61,0.15,3.39,19.22,14.37,4.85,25.23,UPI / Digital Wallet
TXN-12305,2023-11-13,CUST-1344,Male,31,25-35 (Young Adults),Home & Kitchen,Non-Stick Ceramic Cookware Set,1,92.65,92.65,0.0,0.0,92.65,54.34,38.31,41.35,Credit Card
TXN-10985,2023-11-14,CUST-1419,Male,38,36-50 (Middle-Aged),Home & Kitchen,Air Fryer Digital Oven,1,104.72,104.72,0.05,5.24,99.48,57.83,41.65,41.87,Credit Card
TXN-12079,2023-11-14,CUST-1562,Female,50,36-50 (Middle-Aged),Electronics,Smart Fitness Watch,1,118.6,118.6,0.1,11.86,106.74,78.35,28.39,26.6,UPI / Digital Wallet
TXN-10593,2023-11-14,CUST-1117,Female,21,18-24 (Youth),Home & Kitchen,Espresso Coffee Machine,2,155.69,311.38,0.2,62.28,249.1,203.54,45.56,18.29,UPI / Digital Wallet
TXN-11843,2023-11-15,CUST-1452,Other,24,18-24 (Youth),Electronics,4K Ultra HD Smart TV,4,630.98,2523.92,0.1,252.39,2271.53,1407.4,864.13,38.04,Credit Card
TXN-11259,2023-11-16,CUST-1159,Female,47,36-50 (Middle-Aged),Home & Kitchen,Stainless Steel Water Bottle,1,20.85,20.85,0.15,3.13,17.72,12.14,5.58,31.49,Credit Card
TXN-11954,2023-11-16,CUST-1084,Male,26,25-35 (Young Adults),Home & Kitchen,Ergonomic Memory Foam Pillow,1,34.48,34.48,0.05,1.72,32.76,19.15,13.61,41.54,Cash
TXN-11160,2023-11-16,CUST-1136,Male,27,25-35 (Young Adults),Electronics,4K Ultra HD Smart TV,1,644.16,644.16,0.0,0.0,644.16,358.05,286.11,44.42,UPI / Digital Wallet
TXN-12478,2023-11-16,CUST-1366,Male,41,36-50 (Middle-Aged),Clothing,Slim-Fit Denim Jeans,3,48.01,144.03,0.1,14.4,129.63,79.66,49.97,38.55,Debit Card
TXN-11959,2023-11-17,CUST-1327,Male,49,36-50 (Middle-Aged),Home & Kitchen,Non-Stick Ceramic Cookware Set,4,90.85,363.4,0.2,72.68,290.72,205.05,85.67,29.47,Credit Card
TXN-12475,2023-11-18,CUST-1561,Male,67,51+ (Seniors),Electronics,4K Ultra HD Smart TV,1,666.2,666.2,0.1,66.62,599.58,437.96,161.62,26.96,Debit Card
TXN-10663,2023-11-18,CUST-1208,Male,45,36-50 (Middle-Aged),Clothing,Formal Oxford Shirt,4,42.11,168.44,0.05,8.42,160.02,105.03,54.99,34.36,Credit Card
TXN-12492,2023-11-19,CUST-1346,Male,18,18-24 (Youth),Books & Stationery,Data Science & ML Handbook,1,49.14,49.14,0.0,0.0,49.14,31.3,17.84,36.3,UPI / Digital Wallet
TXN-11768,2023-11-19,CUST-1583,Male,69,51+ (Seniors),Clothing,Classic Cotton Crewneck T-Shirt,3,21.94,65.82,0.05,3.29,62.53,36.82,25.71,41.12,UPI / Digital Wallet
TXN-11534,2023-11-19,CUST-1511,Female,37,36-50 (Middle-Aged),Clothing,Formal Oxford Shirt,1,41.2,41.2,0.05,2.06,39.14,25.3,13.84,35.36,Debit Card
TXN-10596,2023-11-19,CUST-1498,Female,25,25-35 (Young Adults),Clothing,Classic Cotton Crewneck T-Shirt,3,21.98,65.94,0.0,0.0,65.94,39.01,26.93,40.84,Credit Card
TXN-12013,2023-11-19,CUST-1263,Female,23,18-24 (Youth),Electronics,Smart Fitness Watch,1,123.38,123.38,0.0,0.0,123.38,73.99,49.39,40.03,Debit Card
TXN-12391,2023-11-20,CUST-1361,Female,59,51+ (Seniors),Clothing,Slim-Fit Denim Jeans,1,46.18,46.18,0.15,6.93,39.25,31.66,7.59,19.34,Debit Card
TXN-12136,2023-11-21,CUST-1018,Female,25,25-35 (Young Adults),Home & Kitchen,Espresso Coffee Machine,3,153.8,461.4,0.05,23.07,438.33,263.89,174.44,39.8,Credit Card
TXN-11515,2023-11-21,CUST-1203,Male,52,51+ (Seniors),Beauty & Personal Care,Daily Hydrating Facial Cleanser,3,17.17,51.51,0.1,5.15,46.36,32.38,13.98,30.16,Cash
TXN-10328,2023-11-22,CUST-1111,Female,37,36-50 (Middle-Aged),Electronics,Wireless Bluetooth Earbuds,2,76.79,153.58,0.0,0.0,153.58,97.66,55.92,36.41,Credit Card
TXN-10563,2023-11-22,CUST-1261,Male,37,36-50 (Middle-Aged),Electronics,Portable Bluetooth Speaker,1,52.81,52.81,0.2,10.56,42.25,29.06,13.19,31.22,Debit Card
TXN-11980,2023-11-23,CUST-1522,Male,28,25-35 (Young Adults),Clothing,Casual Breathable Sneakers,2,73.04,146.08,0.0,0.0,146.08,102.23,43.85,30.02,UPI / Digital Wallet
TXN-11930,2023-11-24,CUST-1249,Female,43,36-50 (Middle-Aged),Home & Kitchen,Ergonomic Memory Foam Pillow,1,35.96,35.96,0.0,0.0,35.96,23.1,12.86,35.76,Credit Card
TXN-11013,2023-11-24,CUST-1510,Female,41,36-50 (Middle-Aged),Home & Kitchen,Stainless Steel Water Bottle,2,20.79,41.58,0.1,4.16,37.42,22.9,14.52,38.8,Cash
TXN-11205,2023-11-24,CUST-1392,Female,19,18-24 (Youth),Clothing,Casual Breathable Sneakers,1,71.64,71.64,0.0,0.0,71.64,48.69,22.95,32.04,UPI / Digital Wallet
TXN-11048,2023-11-25,CUST-1415,Male,27,25-35 (Young Adults),Clothing,Casual Breathable Sneakers,2,72.61,145.22,0.05,7.26,137.96,81.81,56.15,40.7,UPI / Digital Wallet
TXN-11174,2023-11-25,CUST-1377,Male,40,36-50 (Middle-Aged),Clothing,Winter Hooded Parka,1,137.76,137.76,0.2,27.55,110.21,86.72,23.49,21.31,UPI / Digital Wallet
TXN-10949,2023-11-25,CUST-1162,Female,54,51+ (Seniors),Electronics,4K Ultra HD Smart TV,1,617.68,617.68,0.05,30.88,586.8,398.8,188.0,32.04,Credit Card
TXN-11217,2023-11-25,CUST-1355,Female,23,18-24 (Youth),Books & Stationery,Data Science & ML Handbook,3,47.86,143.58,0.0,0.0,143.58,89.24,54.34,37.85,Credit Card
TXN-11964,2023-11-25,CUST-1173,Male,42,36-50 (Middle-Aged),Electronics,4K Ultra HD Smart TV,1,674.52,674.52,0.0,0.0,674.52,392.08,282.44,41.87,Credit Card
TXN-10685,2023-11-25,CUST-1059,Female,51,51+ (Seniors),Electronics,Noise-Cancelling Headphones,4,184.57,738.28,0.1,73.83,664.45,408.54,255.91,38.51,Debit Card
TXN-11402,2023-11-26,CUST-1016,Female,23,18-24 (Youth),Clothing,Casual Breathable Sneakers,2,72.64,145.28,0.1,14.53,130.75,95.89,34.86,26.66,Credit Card
TXN-12474,2023-11-26,CUST-1208,Male,45,36-50 (Middle-Aged),Beauty & Personal Care,Ionic Ceramic Hair Dryer,1,60.2,60.2,0.1,6.02,54.18,35.13,19.05,35.16,UPI / Digital Wallet
TXN-11639,2023-11-26,CUST-1160,Female,24,18-24 (Youth),Clothing,Classic Cotton Crewneck T-Shirt,1,21.29,21.29,0.05,1.06,20.23,12.11,8.12,40.14,Credit Card
TXN-11201,2023-11-26,CUST-1172,Male,36,36-50 (Middle-Aged),Electronics,Noise-Cancelling Headphones,1,184.72,184.72,0.0,0.0,184.72,106.27,78.45,42.47,Debit Card
TXN-12302,2023-11-27,CUST-1338,Male,43,36-50 (Middle-Aged),Beauty & Personal Care,Daily Hydrating Facial Cleanser,3,17.36,52.08,0.15,7.81,44.27,28.8,15.47,34.94,Credit Card
TXN-10303,2023-11-27,CUST-1529,Male,25,25-35 (Young Adults),Beauty & Personal Care,Ionic Ceramic Hair Dryer,1,58.48,58.48,0.1,5.85,52.63,34.85,17.78,33.78,Credit Card
TXN-10844,2023-11-27,CUST-1520,Female,18,18-24 (Youth),Clothing,Slim-Fit Denim Jeans,1,48.75,48.75,0.1,4.88,43.87,33.11,10.76,24.53,Credit Card
TXN-10653,2023-11-28,CUST-1254,Female,18,18-24 (Youth),Clothing,Slim-Fit Denim Jeans,1,49.68,49.68,0.0,0.0,49.68,27.89,21.79,43.86,Debit Card
TXN-11701,2023-11-28,CUST-1476,Female,46,36-50 (Middle-Aged),Electronics,4K Ultra HD Smart TV,2,642.21,1284.42,0.1,128.44,1155.98,849.43,306.55,26.52,UPI / Digital Wallet
TXN-11400,2023-11-29,CUST-1367,Male,38,36-50 (Middle-Aged),Beauty & Personal Care,Shea Butter Moisturizing Cream,1,16.14,16.14,0.1,1.61,14.53,10.22,4.31,29.66,UPI / Digital Wallet
TXN-11703,2023-11-29,CUST-1506,Male,29,25-35 (Young Adults),Clothing,Slim-Fit Denim Jeans,1,50.14,50.14,0.0,0.0,50.14,28.18,21.96,43.8,Cash
TXN-10111,2023-11-29,CUST-1343,Female,30,25-35 (Young Adults),Electronics,4K Ultra HD Smart TV,1,670.68,670.68,0.15,100.6,570.08,426.7,143.38,25.15,Credit Card
TXN-10633,2023-11-29,CUST-1591,Male,31,25-35 (Young Adults),Electronics,Smart Fitness Watch,1,125.54,125.54,0.0,0.0,125.54,78.97,46.57,37.1,Credit Card
TXN-12028,2023-11-29,CUST-1458,Male,30,25-35 (Young Adults),Beauty & Personal Care,Shea Butter Moisturizing Cream,2,15.46,30.92,0.0,0.0,30.92,17.02,13.9,44.95,UPI / Digital Wallet
TXN-11563,2023-11-29,CUST-1440,Female,43,36-50 (Middle-Aged),Electronics,Wireless Bluetooth Earbuds,4,74.29,297.16,0.05,14.86,282.3,183.89,98.41,34.86,Cash
TXN-10604,2023-11-29,CUST-1051,Female,32,25-35 (Young Adults),Electronics,4K Ultra HD Smart TV,1,663.85,663.85,0.0,0.0,663.85,440.29,223.56,33.68,Cash
TXN-10508,2023-11-29,CUST-1055,Female,51,51+ (Seniors),Electronics,Smart Fitness Watch,1,115.73,115.73,0.05,5.79,109.94,77.46,32.48,29.54,Credit Card
TXN-10421,2023-11-30,CUST-1089,Male,45,36-50 (Middle-Aged),Home & Kitchen,Air Fryer Digital Oven,1,112.73,112.73,0.0,0.0,112.73,78.36,34.37,30.49,UPI / Digital Wallet
TXN-11368,2023-11-30,CUST-1354,Male,37,36-50 (Middle-Aged),Books & Stationery,Fine Fountain Pen Set,1,36.72,36.72,0.0,0.0,36.72,22.74,13.98,38.07,Credit Card
TXN-10863,2023-11-30,CUST-1053,Female,46,36-50 (Middle-Aged),Beauty & Personal Care,Organic Botanical Shampoo,2,23.72,47.44,0.05,2.37,45.07,31.33,13.74,30.49,Credit Card
TXN-10670,2023-12-01,CUST-1104,Female,35,25-35 (Young Adults),Electronics,Portable Bluetooth Speaker,2,54.54,109.08,0.15,16.36,92.72,66.67,26.05,28.1,Credit Card
TXN-11846,2023-12-01,CUST-1589,Female,26,25-35 (Young Adults),Clothing,Classic Cotton Crewneck T-Shirt,1,21.84,21.84,0.2,4.37,17.47,14.07,3.4,19.46,Credit Card
TXN-11931,2023-12-01,CUST-1160,Female,24,18-24 (Youth),Home & Kitchen,Stainless Steel Water Bottle,1,20.74,20.74,0.05,1.04,19.7,11.58,8.12,41.22,Credit Card
TXN-10619,2023-12-02,CUST-1320,Female,39,36-50 (Middle-Aged),Electronics,Wireless Bluetooth Earbuds,1,71.38,71.38,0.05,3.57,67.81,43.55,24.26,35.78,Credit Card
TXN-12087,2023-12-02,CUST-1441,Male,37,36-50 (Middle-Aged),Beauty & Personal Care,Organic Botanical Shampoo,2,24.15,48.3,0.05,2.42,45.88,30.37,15.51,33.81,Credit Card
TXN-11489,2023-12-02,CUST-1227,Male,22,18-24 (Youth),Beauty & Personal Care,Organic Botanical Shampoo,1,24.49,24.49,0.05,1.22,23.27,15.35,7.92,34.04,Debit Card
TXN-10841,2023-12-02,CUST-1254,Female,18,18-24 (Youth),Electronics,Wireless Bluetooth Earbuds,1,78.74,78.74,0.0,0.0,78.74,51.09,27.65,35.12,Credit Card
TXN-10086,2023-12-03,CUST-1585,Female,41,36-50 (Middle-Aged),Electronics,Smart Fitness Watch,2,123.51,247.02,0.1,24.7,222.32,165.43,56.89,25.59,Credit Card
TXN-11268,2023-12-04,CUST-1066,Female,36,36-50 (Middle-Aged),Clothing,Casual Breathable Sneakers,2,67.08,134.16,0.0,0.0,134.16,86.16,48.0,35.78,Cash
TXN-10208,2023-12-04,CUST-1502,Female,18,18-24 (Youth),Beauty & Personal Care,Ionic Ceramic Hair Dryer,1,57.96,57.96,0.1,5.8,52.16,35.33,16.83,32.27,Debit Card
TXN-10491,2023-12-04,CUST-1446,Female,43,36-50 (Middle-Aged),Electronics,Smart Fitness Watch,3,125.79,377.37,0.05,18.87,358.5,209.81,148.69,41.48,Credit Card
TXN-12459,2023-12-05,CUST-1056,Female,26,25-35 (Young Adults),Books & Stationery,Data Science & ML Handbook,1,49.98,49.98,0.0,0.0,49.98,32.04,17.94,35.89,UPI / Digital Wallet
TXN-10813,2023-12-05,CUST-1491,Female,58,51+ (Seniors),Home & Kitchen,Stainless Steel Water Bottle,1,20.61,20.61,0.1,2.06,18.55,12.77,5.78,31.16,Cash
TXN-11849,2023-12-06,CUST-1162,Female,54,51+ (Seniors),Clothing,Slim-Fit Denim Jeans,1,50.36,50.36,0.0,0.0,50.36,29.12,21.24,42.18,UPI / Digital Wallet
TXN-11862,2023-12-06,CUST-1208,Male,45,36-50 (Middle-Aged),Electronics,4K Ultra HD Smart TV,1,645.67,645.67,0.0,0.0,645.67,363.82,281.85,43.65,UPI / Digital Wallet
TXN-12192,2023-12-06,CUST-1537,Male,32,25-35 (Young Adults),Books & Stationery,Artisan Sketching Pencil Kit,1,19.2,19.2,0.1,1.92,17.28,10.76,6.52,37.73,Credit Card
TXN-11907,2023-12-06,CUST-1240,Female,26,25-35 (Young Adults),Home & Kitchen,Ergonomic Memory Foam Pillow,1,33.68,33.68,0.0,0.0,33.68,22.96,10.72,31.83,UPI / Digital Wallet
TXN-10236,2023-12-06,CUST-1339,Male,30,25-35 (Young Adults),Clothing,Casual Breathable Sneakers,1,68.02,68.02,0.0,0.0,68.02,41.65,26.37,38.77,UPI / Digital Wallet
TXN-11286,2023-12-07,CUST-1473,Male,57,51+ (Seniors),Electronics,Wireless Bluetooth Earbuds,2,76.45,152.9,0.0,0.0,152.9,101.25,51.65,33.78,Credit Card
TXN-12057,2023-12-07,CUST-1258,Female,44,36-50 (Middle-Aged),Beauty & Personal Care,Organic Botanical Shampoo,2,24.44,48.88,0.05,2.44,46.44,33.34,13.1,28.21,Debit Card
TXN-10415,2023-12-07,CUST-1151,Male,42,36-50 (Middle-Aged),Electronics,4K Ultra HD Smart TV,1,630.2,630.2,0.15,94.53,535.67,377.6,158.07,29.51,Credit Card
TXN-10812,2023-12-07,CUST-1491,Female,58,51+ (Seniors),Electronics,Smart Fitness Watch,2,115.57,231.14,0.0,0.0,231.14,142.42,88.72,38.38,Credit Card
TXN-10393,2023-12-08,CUST-1277,Male,29,25-35 (Young Adults),Beauty & Personal Care,Shea Butter Moisturizing Cream,1,15.39,15.39,0.1,1.54,13.85,10.61,3.24,23.39,Debit Card
TXN-10017,2023-12-09,CUST-1497,Female,35,25-35 (Young Adults),Home & Kitchen,Espresso Coffee Machine,1,152.29,152.29,0.0,0.0,152.29,98.55,53.74,35.29,UPI / Digital Wallet
TXN-10363,2023-12-09,CUST-1351,Female,58,51+ (Seniors),Clothing,Winter Hooded Parka,1,132.97,132.97,0.1,13.3,119.67,77.1,42.57,35.57,Credit Card
TXN-10004,2023-12-09,CUST-1283,Male,20,18-24 (Youth),Electronics,Portable Bluetooth Speaker,1,54.21,54.21,0.1,5.42,48.79,35.55,13.24,27.14,Debit Card
TXN-10599,2023-12-10,CUST-1395,Other,31,25-35 (Young Adults),Electronics,Wireless Bluetooth Earbuds,1,75.06,75.06,0.15,11.26,63.8,49.47,14.33,22.46,Cash
TXN-10467,2023-12-10,CUST-1278,Other,38,36-50 (Middle-Aged),Clothing,Casual Breathable Sneakers,1,68.18,68.18,0.0,0.0,68.18,42.75,25.43,37.3,UPI / Digital Wallet
TXN-11955,2023-12-11,CUST-1540,Male,49,36-50 (Middle-Aged),Electronics,Wireless Bluetooth Earbuds,1,76.58,76.58,0.15,11.49,65.09,51.43,13.66,20.99,Credit Card
TXN-10641,2023-12-11,CUST-1537,Male,32,25-35 (Young Adults),Electronics,Smart Fitness Watch,1,117.64,117.64,0.0,0.0,117.64,74.9,42.74,36.33,Cash
TXN-10261,2023-12-11,CUST-1487,Female,22,18-24 (Youth),Electronics,4K Ultra HD Smart TV,1,670.66,670.66,0.1,67.07,603.59,420.46,183.13,30.34,UPI / Digital Wallet
TXN-11295,2023-12-11,CUST-1142,Male,18,18-24 (Youth),Home & Kitchen,Espresso Coffee Machine,4,167.52,670.08,0.1,67.01,603.07,433.22,169.85,28.16,UPI / Digital Wallet
TXN-11081,2023-12-11,CUST-1077,Male,33,25-35 (Young Adults),Clothing,Casual Breathable Sneakers,2,73.24,146.48,0.15,21.97,124.51,92.1,32.41,26.03,Credit Card
TXN-11473,2023-12-11,CUST-1267,Male,18,18-24 (Youth),Books & Stationery,Fine Fountain Pen Set,2,36.44,72.88,0.05,3.64,69.24,48.72,20.52,29.64,UPI / Digital Wallet
TXN-11367,2023-12-12,CUST-1398,Male,36,36-50 (Middle-Aged),Clothing,Formal Oxford Shirt,1,39.92,39.92,0.2,7.98,31.94,26.12,5.82,18.22,Credit Card
TXN-12469,2023-12-12,CUST-1236,Male,18,18-24 (Youth),Electronics,Wireless Bluetooth Earbuds,2,77.75,155.5,0.15,23.32,132.18,92.81,39.37,29.79,Credit Card
TXN-12486,2023-12-12,CUST-1247,Other,28,25-35 (Young Adults),Home & Kitchen,Ergonomic Memory Foam Pillow,1,35.67,35.67,0.0,0.0,35.67,20.12,15.55,43.59,UPI / Digital Wallet
TXN-11497,2023-12-12,CUST-1113,Female,72,51+ (Seniors),Clothing,Winter Hooded Parka,1,140.75,140.75,0.0,0.0,140.75,97.65,43.1,30.62,Credit Card
TXN-11812,2023-12-13,CUST-1566,Male,18,18-24 (Youth),Electronics,Wireless Bluetooth Earbuds,1,71.78,71.78,0.05,3.59,68.19,48.17,20.02,29.36,Debit Card
TXN-12101,2023-12-13,CUST-1238,Male,28,25-35 (Young Adults),Electronics,Portable Bluetooth Speaker,1,56.46,56.46,0.0,0.0,56.46,38.84,17.62,31.21,UPI / Digital Wallet
TXN-10032,2023-12-14,CUST-1516,Male,45,36-50 (Middle-Aged),Home & Kitchen,Ergonomic Memory Foam Pillow,2,34.1,68.2,0.0,0.0,68.2,40.14,28.06,41.14,UPI / Digital Wallet
TXN-12382,2023-12-14,CUST-1340,Female,26,25-35 (Young Adults),Home & Kitchen,Non-Stick Ceramic Cookware Set,3,93.99,281.97,0.0,0.0,281.97,188.16,93.81,33.27,Credit Card
TXN-11120,2023-12-14,CUST-1223,Female,18,18-24 (Youth),Electronics,Smart Fitness Watch,4,114.39,457.56,0.2,91.51,366.05,262.82,103.23,28.2,Credit Card
TXN-10264,2023-12-15,CUST-1307,Male,29,25-35 (Young Adults),Home & Kitchen,Air Fryer Digital Oven,1,107.28,107.28,0.05,5.36,101.92,68.48,33.44,32.81,UPI / Digital Wallet
TXN-10926,2023-12-15,CUST-1356,Female,37,36-50 (Middle-Aged),Home & Kitchen,Air Fryer Digital Oven,3,114.78,344.34,0.1,34.43,309.91,220.86,89.05,28.73,Debit Card
TXN-10795,2023-12-15,CUST-1539,Male,29,25-35 (Young Adults),Beauty & Personal Care,Ionic Ceramic Hair Dryer,2,56.83,113.66,0.0,0.0,113.66,66.54,47.12,41.46,UPI / Digital Wallet
TXN-11150,2023-12-15,CUST-1309,Female,35,25-35 (Young Adults),Electronics,Smart Fitness Watch,1,114.46,114.46,0.15,17.17,97.29,68.0,29.29,30.11,Credit Card
TXN-12244,2023-12-15,CUST-1474,Male,61,51+ (Seniors),Home & Kitchen,Air Fryer Digital Oven,1,105.62,105.62,0.0,0.0,105.62,58.81,46.81,44.32,Debit Card
TXN-11932,2023-12-16,CUST-1122,Female,57,51+ (Seniors),Clothing,Slim-Fit Denim Jeans,2,47.66,95.32,0.05,4.77,90.55,54.84,35.71,39.44,Credit Card
TXN-10516,2023-12-16,CUST-1254,Female,18,18-24 (Youth),Electronics,4K Ultra HD Smart TV,1,669.86,669.86,0.05,33.49,636.37,436.64,199.73,31.39,Credit Card
TXN-11305,2023-12-16,CUST-1268,Male,31,25-35 (Young Adults),Home & Kitchen,Air Fryer Digital Oven,1,109.67,109.67,0.1,10.97,98.7,67.19,31.51,31.93,Debit Card
TXN-12134,2023-12-17,CUST-1132,Female,23,18-24 (Youth),Home & Kitchen,Stainless Steel Water Bottle,1,20.31,20.31,0.0,0.0,20.31,13.95,6.36,31.31,Debit Card
TXN-11182,2023-12-17,CUST-1225,Male,53,51+ (Seniors),Clothing,Classic Cotton Crewneck T-Shirt,4,22.16,88.64,0.1,8.86,79.78,57.92,21.86,27.4,Cash
TXN-10674,2023-12-17,CUST-1479,Female,53,51+ (Seniors),Home & Kitchen,Stainless Steel Water Bottle,1,19.15,19.15,0.1,1.92,17.23,11.22,6.01,34.88,Credit Card
TXN-11834,2023-12-18,CUST-1316,Male,47,36-50 (Middle-Aged),Clothing,Slim-Fit Denim Jeans,2,50.35,100.7,0.0,0.0,100.7,64.3,36.4,36.15,Debit Card
TXN-11327,2023-12-18,CUST-1354,Male,37,36-50 (Middle-Aged),Home & Kitchen,Non-Stick Ceramic Cookware Set,4,99.41,397.64,0.05,19.88,377.76,262.49,115.27,30.51,Cash
TXN-12281,2023-12-18,CUST-1269,Male,39,36-50 (Middle-Aged),Electronics,Portable Bluetooth Speaker,3,57.09,171.27,0.15,25.69,145.58,107.33,38.25,26.27,Debit Card
TXN-11847,2023-12-18,CUST-1100,Male,18,18-24 (Youth),Electronics,Wireless Bluetooth Earbuds,4,74.5,298.0,0.05,14.9,283.1,181.81,101.29,35.78,UPI / Digital Wallet
TXN-11440,2023-12-18,CUST-1244,Male,21,18-24 (Youth),Electronics,Smart Fitness Watch,4,125.37,501.48,0.2,100.3,401.18,336.57,64.61,16.1,Credit Card
TXN-10481,2023-12-19,CUST-1335,Female,35,25-35 (Young Adults),Home & Kitchen,Espresso Coffee Machine,1,159.59,159.59,0.05,7.98,151.61,109.06,42.55,28.07,Debit Card
TXN-10091,2023-12-19,CUST-1381,Male,29,25-35 (Young Adults),Clothing,Winter Hooded Parka,3,130.78,392.34,0.15,58.85,333.49,247.61,85.88,25.75,UPI / Digital Wallet
TXN-11738,2023-12-19,CUST-1597,Female,24,18-24 (Youth),Clothing,Casual Breathable Sneakers,3,67.69,203.07,0.0,0.0,203.07,129.91,73.16,36.03,Credit Card
TXN-12443,2023-12-19,CUST-1467,Male,48,36-50 (Middle-Aged),Electronics,Portable Bluetooth Speaker,1,56.75,56.75,0.2,11.35,45.4,37.25,8.15,17.95,UPI / Digital Wallet
TXN-10856,2023-12-19,CUST-1155,Male,27,25-35 (Young Adults),Clothing,Slim-Fit Denim Jeans,1,47.41,47.41,0.15,7.11,40.3,29.03,11.27,27.97,Debit Card
TXN-10146,2023-12-20,CUST-1560,Female,42,36-50 (Middle-Aged),Clothing,Slim-Fit Denim Jeans,1,48.05,48.05,0.0,0.0,48.05,31.52,16.53,34.4,Credit Card
TXN-11588,2023-12-20,CUST-1484,Female,27,25-35 (Young Adults),Clothing,Slim-Fit Denim Jeans,1,49.16,49.16,0.0,0.0,49.16,34.34,14.82,30.15,Credit Card
TXN-11461,2023-12-20,CUST-1514,Female,29,25-35 (Young Adults),Home & Kitchen,Non-Stick Ceramic Cookware Set,1,99.4,99.4,0.0,0.0,99.4,66.8,32.6,32.8,Debit Card
TXN-10275,2023-12-21,CUST-1209,Female,72,51+ (Seniors),Books & Stationery,Executive Hardcover Notebook,1,15.65,15.65,0.05,0.78,14.87,10.79,4.08,27.44,Credit Card
TXN-12385,2023-12-21,CUST-1138,Male,49,36-50 (Middle-Aged),Electronics,Portable Bluetooth Speaker,1,55.39,55.39,0.1,5.54,49.85,33.78,16.07,32.24,Credit Card
TXN-11496,2023-12-21,CUST-1461,Female,38,36-50 (Middle-Aged),Electronics,Portable Bluetooth Speaker,1,55.36,55.36,0.15,8.3,47.06,36.81,10.25,21.78,UPI / Digital Wallet
TXN-12068,2023-12-21,CUST-1079,Female,18,18-24 (Youth),Clothing,Winter Hooded Parka,1,140.53,140.53,0.05,7.03,133.5,97.43,36.07,27.02,Debit Card
TXN-12000,2023-12-22,CUST-1362,Female,36,36-50 (Middle-Aged),Books & Stationery,Fine Fountain Pen Set,1,38.95,38.95,0.05,1.95,37.0,22.5,14.5,39.19,Credit Card
TXN-12116,2023-12-22,CUST-1228,Male,27,25-35 (Young Adults),Beauty & Personal Care,Daily Hydrating Facial Cleanser,1,17.18,17.18,0.15,2.58,14.6,10.32,4.28,29.32,Credit Card
TXN-10425,2023-12-22,CUST-1179,Female,72,51+ (Seniors),Beauty & Personal Care,Shea Butter Moisturizing Cream,1,15.83,15.83,0.15,2.37,13.46,9.51,3.95,29.35,UPI / Digital Wallet
TXN-11853,2023-12-22,CUST-1363,Male,43,36-50 (Middle-Aged),Electronics,Smart Fitness Watch,4,120.45,481.8,0.05,24.09,457.71,335.21,122.5,26.76,Credit Card
TXN-10598,2023-12-23,CUST-1010,Male,31,25-35 (Young Adults),Electronics,Wireless Bluetooth Earbuds,2,77.31,154.62,0.15,23.19,131.43,104.86,26.57,20.22,UPI / Digital Wallet
TXN-11579,2023-12-24,CUST-1059,Female,51,51+ (Seniors),Electronics,Smart Fitness Watch,2,116.28,232.56,0.0,0.0,232.56,138.09,94.47,40.62,Debit Card
TXN-10142,2023-12-24,CUST-1473,Male,57,51+ (Seniors),Clothing,Casual Breathable Sneakers,1,72.54,72.54,0.0,0.0,72.54,41.55,30.99,42.72,Credit Card
TXN-12442,2023-12-24,CUST-1343,Female,30,25-35 (Young Adults),Clothing,Winter Hooded Parka,2,128.85,257.7,0.1,25.77,231.93,148.16,83.77,36.12,Credit Card
TXN-11854,2023-12-25,CUST-1590,Male,39,36-50 (Middle-Aged),Books & Stationery,Data Science & ML Handbook,2,48.4,96.8,0.1,9.68,87.12,64.29,22.83,26.21,UPI / Digital Wallet
TXN-11330,2023-12-26,CUST-1164,Female,51,51+ (Seniors),Clothing,Formal Oxford Shirt,1,41.72,41.72,0.2,8.34,33.38,24.57,8.81,26.39,Credit Card
TXN-11764,2023-12-26,CUST-1363,Male,43,36-50 (Middle-Aged),Electronics,Wireless Bluetooth Earbuds,2,77.81,155.62,0.05,7.78,147.84,104.65,43.19,29.21,UPI / Digital Wallet
TXN-12354,2023-12-26,CUST-1479,Female,53,51+ (Seniors),Clothing,Winter Hooded Parka,1,135.09,135.09,0.0,0.0,135.09,74.72,60.37,44.69,Credit Card
TXN-11386,2023-12-26,CUST-1230,Male,27,25-35 (Young Adults),Clothing,Slim-Fit Denim Jeans,1,46.91,46.91,0.0,0.0,46.91,32.77,14.14,30.14,Debit Card
TXN-10197,2023-12-27,CUST-1217,Male,34,25-35 (Young Adults),Clothing,Classic Cotton Crewneck T-Shirt,5,21.29,106.45,0.0,0.0,106.45,64.99,41.46,38.95,UPI / Digital Wallet
TXN-12421,2023-12-27,CUST-1379,Male,26,25-35 (Young Adults),Books & Stationery,Minimalist Wooden Desk Organizer,1,28.61,28.61,0.05,1.43,27.18,18.33,8.85,32.56,Credit Card
TXN-10778,2023-12-27,CUST-1161,Male,49,36-50 (Middle-Aged),Beauty & Personal Care,Shea Butter Moisturizing Cream,3,16.44,49.32,0.0,0.0,49.32,31.65,17.67,35.83,Credit Card
TXN-10317,2023-12-27,CUST-1302,Female,48,36-50 (Middle-Aged),Electronics,Portable Bluetooth Speaker,3,55.58,166.74,0.0,0.0,166.74,110.07,56.67,33.99,Credit Card
TXN-11034,2023-12-28,CUST-1168,Female,34,25-35 (Young Adults),Home & Kitchen,Stainless Steel Water Bottle,5,20.26,101.3,0.0,0.0,101.3,57.52,43.78,43.22,Debit Card
TXN-11728,2023-12-28,CUST-1067,Male,52,51+ (Seniors),Home & Kitchen,Ergonomic Memory Foam Pillow,1,34.61,34.61,0.15,5.19,29.42,21.51,7.91,26.89,Cash
TXN-10839,2023-12-29,CUST-1276,Male,40,36-50 (Middle-Aged),Electronics,Noise-Cancelling Headphones,1,183.23,183.23,0.05,9.16,174.07,122.0,52.07,29.91,UPI / Digital Wallet
TXN-12388,2023-12-29,CUST-1184,Female,34,25-35 (Young Adults),Electronics,Smart Fitness Watch,5,125.74,628.7,0.1,62.87,565.83,383.91,181.92,32.15,Debit Card
TXN-10877,2023-12-29,CUST-1388,Female,51,51+ (Seniors),Books & Stationery,Fine Fountain Pen Set,1,36.53,36.53,0.0,0.0,36.53,22.14,14.39,39.39,Credit Card
TXN-12472,2023-12-30,CUST-1350,Female,42,36-50 (Middle-Aged),Beauty & Personal Care,Shea Butter Moisturizing Cream,5,16.59,82.95,0.2,16.59,66.36,49.67,16.69,25.15,Debit Card
TXN-11364,2023-12-30,CUST-1550,Female,39,36-50 (Middle-Aged),Electronics,Portable Bluetooth Speaker,2,53.77,107.54,0.0,0.0,107.54,62.28,45.26,42.09,Cash
TXN-11875,2023-12-30,CUST-1553,Female,41,36-50 (Middle-Aged),Clothing,Slim-Fit Denim Jeans,1,46.28,46.28,0.05,2.31,43.97,32.29,11.68,26.56,Credit Card
TXN-10869,2023-12-30,CUST-1455,Female,26,25-35 (Young Adults),Beauty & Personal Care,Shea Butter Moisturizing Cream,1,16.04,16.04,0.1,1.6,14.44,10.28,4.16,28.81,Credit Card
TXN-10905,2023-12-31,CUST-1580,Male,42,36-50 (Middle-Aged),Clothing,Casual Breathable Sneakers,1,73.1,73.1,0.05,3.66,69.44,45.26,24.18,34.82,Credit Card
TXN-11860,2023-12-31,CUST-1360,Male,45,36-50 (Middle-Aged),Clothing,Slim-Fit Denim Jeans,2,47.48,94.96,0.0,0.0,94.96,59.38,35.58,37.47,Debit Card
TXN-10468,2023-12-31,CUST-1320,Female,39,36-50 (Middle-Aged),Electronics,Portable Bluetooth Speaker,1,55.02,55.02,0.0,0.0,55.02,35.61,19.41,35.28,Debit Card
TXN-11725,2024-01-01,CUST-1350,Female,42,36-50 (Middle-Aged),Home & Kitchen,Non-Stick Ceramic Cookware Set,1,99.22,99.22,0.05,4.96,94.26,57.43,36.83,39.07,UPI / Digital Wallet
TXN-11527,2024-01-01,CUST-1081,Female,42,36-50 (Middle-Aged),Beauty & Personal Care,Daily Hydrating Facial Cleanser,3,17.21,51.63,0.2,10.33,41.3,34.72,6.58,15.93,UPI / Digital Wallet
TXN-10693,2024-01-01,CUST-1419,Male,38,36-50 (Middle-Aged),Clothing,Slim-Fit Denim Jeans,3,45.79,137.37,0.15,20.61,116.76,81.69,35.07,30.04,UPI / Digital Wallet
TXN-11234,2024-01-01,CUST-1287,Female,46,36-50 (Middle-Aged),Electronics,Portable Bluetooth Speaker,4,56.98,227.92,0.15,34.19,193.73,136.78,56.95,29.4,Credit Card
TXN-12014,2024-01-01,CUST-1238,Male,28,25-35 (Young Adults),Clothing,Slim-Fit Denim Jeans,1,45.64,45.64,0.05,2.28,43.36,29.0,14.36,33.12,UPI / Digital Wallet
TXN-10005,2024-01-02,CUST-1250,Male,20,18-24 (Youth),Electronics,Noise-Cancelling Headphones,1,188.76,188.76,0.0,0.0,188.76,105.28,83.48,44.23,Debit Card
TXN-10336,2024-01-02,CUST-1312,Other,49,36-50 (Middle-Aged),Clothing,Formal Oxford Shirt,1,41.33,41.33,0.0,0.0,41.33,26.81,14.52,35.13,Cash
TXN-11224,2024-01-02,CUST-1287,Female,46,36-50 (Middle-Aged),Books & Stationery,Minimalist Wooden Desk Organizer,1,28.18,28.18,0.05,1.41,26.77,17.01,9.76,36.46,UPI / Digital Wallet
TXN-11503,2024-01-02,CUST-1499,Female,18,18-24 (Youth),Beauty & Personal Care,Daily Hydrating Facial Cleanser,1,17.37,17.37,0.05,0.87,16.5,11.71,4.79,29.03,Debit Card
TXN-11840,2024-01-03,CUST-1422,Male,34,25-35 (Young Adults),Beauty & Personal Care,Ionic Ceramic Hair Dryer,1,55.33,55.33,0.0,0.0,55.33,33.36,21.97,39.71,Credit Card
TXN-12141,2024-01-03,CUST-1101,Male,32,25-35 (Young Adults),Clothing,Casual Breathable Sneakers,3,69.37,208.11,0.05,10.41,197.7,116.45,81.25,41.1,Credit Card
TXN-10761,2024-01-03,CUST-1435,Female,39,36-50 (Middle-Aged),Electronics,4K Ultra HD Smart TV,1,620.41,620.41,0.05,31.02,589.39,392.37,197.02,33.43,UPI / Digital Wallet
TXN-12270,2024-01-03,CUST-1589,Female,26,25-35 (Young Adults),Clothing,Classic Cotton Crewneck T-Shirt,5,22.75,113.75,0.05,5.69,108.06,70.3,37.76,34.94,UPI / Digital Wallet
TXN-12250,2024-01-03,CUST-1116,Male,37,36-50 (Middle-Aged),Electronics,Portable Bluetooth Speaker,1,54.25,54.25,0.15,8.14,46.11,34.98,11.13,24.14,Credit Card
TXN-12236,2024-01-03,CUST-1491,Female,58,51+ (Seniors),Beauty & Personal Care,Organic Botanical Shampoo,4,24.92,99.68,0.15,14.95,84.73,67.24,17.49,20.64,Credit Card
TXN-11347,2024-01-03,CUST-1075,Male,49,36-50 (Middle-Aged),Clothing,Classic Cotton Crewneck T-Shirt,1,22.58,22.58,0.15,3.39,19.19,13.69,5.5,28.66,Debit Card
TXN-10127,2024-01-04,CUST-1076,Female,39,36-50 (Middle-Aged),Home & Kitchen,Ergonomic Memory Foam Pillow,5,33.36,166.8,0.1,16.68,150.12,116.26,33.86,22.56,Debit Card
TXN-11163,2024-01-04,CUST-1241,Male,36,36-50 (Middle-Aged),Electronics,Portable Bluetooth Speaker,2,52.36,104.72,0.1,10.47,94.25,59.93,34.32,36.41,UPI / Digital Wallet
TXN-10609,2024-01-04,CUST-1559,Male,32,25-35 (Young Adults),Books & Stationery,Minimalist Wooden Desk Organizer,4,27.31,109.24,0.05,5.46,103.78,68.82,34.96,33.69,Debit Card
TXN-12117,2024-01-05,CUST-1435,Female,39,36-50 (Middle-Aged),Books & Stationery,Data Science & ML Handbook,1,46.52,46.52,0.05,2.33,44.19,26.53,17.66,39.96,Debit Card
TXN-10358,2024-01-05,CUST-1174,Male,41,36-50 (Middle-Aged),Books & Stationery,Artisan Sketching Pencil Kit,1,18.58,18.58,0.1,1.86,16.72,12.99,3.73,22.31,Credit Card
TXN-10585,2024-01-06,CUST-1098,Female,38,36-50 (Middle-Aged),Beauty & Personal Care,Ionic Ceramic Hair Dryer,1,60.85,60.85,0.15,9.13,51.72,37.36,14.36,27.76,Debit Card
TXN-11685,2024-01-06,CUST-1304,Male,37,36-50 (Middle-Aged),Electronics,Portable Bluetooth Speaker,3,55.66,166.98,0.0,0.0,166.98,109.36,57.62,34.51,Credit Card
TXN-11674,2024-01-06,CUST-1196,Male,25,25-35 (Young Adults),Electronics,Portable Bluetooth Speaker,2,56.61,113.22,0.05,5.66,107.56,62.85,44.71,41.57,Debit Card
TXN-11565,2024-01-06,CUST-1164,Female,51,51+ (Seniors),Beauty & Personal Care,Ionic Ceramic Hair Dryer,4,57.34,229.36,0.15,34.4,194.96,144.16,50.8,26.06,Debit Card
TXN-10234,2024-01-06,CUST-1317,Male,33,25-35 (Young Adults),Beauty & Personal Care,Anti-Aging Retinol Night Serum,4,43.94,175.76,0.1,17.58,158.18,105.22,52.96,33.48,Credit Card
TXN-10821,2024-01-06,CUST-1111,Female,37,36-50 (Middle-Aged),Home & Kitchen,Espresso Coffee Machine,3,156.41,469.23,0.05,23.46,445.77,280.39,165.38,37.1,UPI / Digital Wallet
TXN-11125,2024-01-06,CUST-1082,Male,58,51+ (Seniors),Beauty & Personal Care,Ionic Ceramic Hair Dryer,1,58.19,58.19,0.05,2.91,55.28,34.75,20.53,37.14,Credit Card
TXN-10461,2024-01-07,CUST-1485,Male,18,18-24 (Youth),Electronics,Smart Fitness Watch,1,117.15,117.15,0.0,0.0,117.15,81.16,35.99,30.72,UPI / Digital Wallet
TXN-11128,2024-01-07,CUST-1112,Female,38,36-50 (Middle-Aged),Clothing,Formal Oxford Shirt,3,40.04,120.12,0.05,6.01,114.11,67.75,46.36,40.63,UPI / Digital Wallet
TXN-11219,2024-01-07,CUST-1069,Female,28,25-35 (Young Adults),Books & Stationery,Minimalist Wooden Desk Organizer,1,27.05,27.05,0.05,1.35,25.7,17.19,8.51,33.11,Credit Card
TXN-11181,2024-01-07,CUST-1582,Female,46,36-50 (Middle-Aged),Beauty & Personal Care,Shea Butter Moisturizing Cream,2,16.53,33.06,0.05,1.65,31.41,20.95,10.46,33.3,Debit Card
TXN-12006,2024-01-08,CUST-1467,Male,48,36-50 (Middle-Aged),Electronics,Smart Fitness Watch,5,123.82,619.1,0.0,0.0,619.1,369.79,249.31,40.27,UPI / Digital Wallet
TXN-12204,2024-01-08,CUST-1443,Female,36,36-50 (Middle-Aged),Electronics,Wireless Bluetooth Earbuds,3,75.91,227.73,0.1,22.77,204.96,139.73,65.23,31.83,Credit Card
TXN-11712,2024-01-09,CUST-1234,Female,68,51+ (Seniors),Electronics,Portable Bluetooth Speaker,4,53.61,214.44,0.0,0.0,214.44,131.73,82.71,38.57,UPI / Digital Wallet
TXN-12335,2024-01-09,CUST-1552,Male,54,51+ (Seniors),Books & Stationery,Data Science & ML Handbook,1,47.11,47.11,0.2,9.42,37.69,30.84,6.85,18.17,Debit Card
TXN-12229,2024-01-09,CUST-1177,Male,58,51+ (Seniors),Electronics,4K Ultra HD Smart TV,2,623.6,1247.2,0.0,0.0,1247.2,758.31,488.89,39.2,Debit Card
TXN-11449,2024-01-10,CUST-1111,Female,37,36-50 (Middle-Aged),Home & Kitchen,Stainless Steel Water Bottle,2,20.93,41.86,0.15,6.28,35.58,28.1,7.48,21.02,UPI / Digital Wallet
TXN-11392,2024-01-10,CUST-1591,Male,31,25-35 (Young Adults),Clothing,Classic Cotton Crewneck T-Shirt,1,22.04,22.04,0.05,1.1,20.94,14.88,6.06,28.94,Debit Card
TXN-10964,2024-01-10,CUST-1026,Male,21,18-24 (Youth),Books & Stationery,Executive Hardcover Notebook,1,15.31,15.31,0.0,0.0,15.31,10.54,4.77,31.16,Debit Card
TXN-11989,2024-01-10,CUST-1058,Female,42,36-50 (Middle-Aged),Clothing,Slim-Fit Denim Jeans,1,50.19,50.19,0.05,2.51,47.68,28.47,19.21,40.29,Debit Card
TXN-10678,2024-01-11,CUST-1081,Female,42,36-50 (Middle-Aged),Electronics,Noise-Cancelling Headphones,5,176.84,884.2,0.0,0.0,884.2,528.06,356.14,40.28,Debit Card
TXN-10256,2024-01-11,CUST-1470,Female,34,25-35 (Young Adults),Electronics,Wireless Bluetooth Earbuds,3,75.48,226.44,0.0,0.0,226.44,144.27,82.17,36.29,Debit Card
TXN-11005,2024-01-11,CUST-1586,Male,31,25-35 (Young Adults),Home & Kitchen,Stainless Steel Water Bottle,2,20.6,41.2,0.2,8.24,32.96,27.52,5.44,16.5,UPI / Digital Wallet
TXN-11225,2024-01-11,CUST-1088,Female,30,25-35 (Young Adults),Books & Stationery,Executive Hardcover Notebook,1,15.31,15.31,0.05,0.77,14.54,10.69,3.85,26.48,Debit Card
TXN-10333,2024-01-11,CUST-1262,Female,18,18-24 (Youth),Home & Kitchen,Stainless Steel Water Bottle,2,20.99,41.98,0.1,4.2,37.78,25.21,12.57,33.27,Cash
TXN-11262,2024-01-11,CUST-1559,Male,32,25-35 (Young Adults),Beauty & Personal Care,Ionic Ceramic Hair Dryer,1,59.05,59.05,0.1,5.9,53.15,36.77,16.38,30.82,Credit Card
TXN-10092,2024-01-12,CUST-1394,Male,54,51+ (Seniors),Books & Stationery,Minimalist Wooden Desk Organizer,1,27.89,27.89,0.05,1.39,26.5,18.8,7.7,29.06,Credit Card
TXN-10539,2024-01-12,CUST-1129,Male,30,25-35 (Young Adults),Home & Kitchen,Espresso Coffee Machine,2,166.92,333.84,0.15,50.08,283.76,184.28,99.48,35.06,Debit Card
TXN-12115,2024-01-12,CUST-1496,Male,23,18-24 (Youth),Beauty & Personal Care,Ionic Ceramic Hair Dryer,1,57.43,57.43,0.0,0.0,57.43,39.99,17.44,30.37,Credit Card
TXN-11031,2024-01-13,CUST-1586,Male,31,25-35 (Young Adults),Home & Kitchen,Non-Stick Ceramic Cookware Set,1,96.7,96.7,0.05,4.84,91.86,58.64,33.22,36.16,Debit Card
TXN-10460,2024-01-13,CUST-1265,Male,20,18-24 (Youth),Clothing,Slim-Fit Denim Jeans,1,49.89,49.89,0.1,4.99,44.9,34.38,10.52,23.43,Cash
TXN-11470,2024-01-14,CUST-1446,Female,43,36-50 (Middle-Aged),Beauty & Personal Care,Anti-Aging Retinol Night Serum,1,45.68,45.68,0.1,4.57,41.11,25.4,15.71,38.21,UPI / Digital Wallet
TXN-10966,2024-01-14,CUST-1323,Female,67,51+ (Seniors),Clothing,Winter Hooded Parka,2,139.64,279.28,0.0,0.0,279.28,191.87,87.41,31.3,Credit Card
TXN-10888,2024-01-14,CUST-1200,Male,43,36-50 (Middle-Aged),Home & Kitchen,Stainless Steel Water Bottle,2,20.11,40.22,0.05,2.01,38.21,26.56,11.65,30.49,Debit Card
TXN-11453,2024-01-15,CUST-1365,Female,32,25-35 (Young Adults),Electronics,Smart Fitness Watch,1,119.62,119.62,0.0,0.0,119.62,78.13,41.49,34.68,Cash
TXN-11956,2024-01-15,CUST-1167,Male,64,51+ (Seniors),Beauty & Personal Care,Daily Hydrating Facial Cleanser,3,17.16,51.48,0.0,0.0,51.48,35.18,16.3,31.66,UPI / Digital Wallet
TXN-12298,2024-01-15,CUST-1154,Female,42,36-50 (Middle-Aged),Electronics,4K Ultra HD Smart TV,1,671.16,671.16,0.0,0.0,671.16,399.34,271.82,40.5,Debit Card
TXN-10921,2024-01-15,CUST-1276,Male,40,36-50 (Middle-Aged),Clothing,Classic Cotton Crewneck T-Shirt,2,22.43,44.86,0.1,4.49,40.37,27.99,12.38,30.67,UPI / Digital Wallet
TXN-11851,2024-01-15,CUST-1236,Male,18,18-24 (Youth),Clothing,Winter Hooded Parka,1,141.18,141.18,0.1,14.12,127.06,96.25,30.81,24.25,Debit Card
TXN-12370,2024-01-15,CUST-1312,Other,49,36-50 (Middle-Aged),Clothing,Formal Oxford Shirt,1,43.55,43.55,0.1,4.35,39.2,25.88,13.32,33.98,Credit Card
TXN-11690,2024-01-16,CUST-1086,Male,50,36-50 (Middle-Aged),Books & Stationery,Data Science & ML Handbook,1,45.92,45.92,0.05,2.3,43.62,29.42,14.2,32.55,Credit Card
TXN-11617,2024-01-16,CUST-1555,Male,32,25-35 (Young Adults),Books & Stationery,Executive Hardcover Notebook,1,15.69,15.69,0.0,0.0,15.69,8.98,6.71,42.77,Credit Card
TXN-10587,2024-01-16,CUST-1575,Male,18,18-24 (Youth),Beauty & Personal Care,Shea Butter Moisturizing Cream,4,16.13,64.52,0.1,6.45,58.07,40.54,17.53,30.19,Credit Card
TXN-10822,2024-01-16,CUST-1013,Male,18,18-24 (Youth),Clothing,Casual Breathable Sneakers,1,72.46,72.46,0.0,0.0,72.46,39.87,32.59,44.98,Debit Card
TXN-10625,2024-01-16,CUST-1577,Male,48,36-50 (Middle-Aged),Beauty & Personal Care,Organic Botanical Shampoo,1,22.81,22.81,0.05,1.14,21.67,13.08,8.59,39.64,UPI / Digital Wallet
TXN-11132,2024-01-17,CUST-1480,Female,36,36-50 (Middle-Aged),Books & Stationery,Artisan Sketching Pencil Kit,1,18.76,18.76,0.0,0.0,18.76,11.08,7.68,40.94,UPI / Digital Wallet
TXN-10957,2024-01-17,CUST-1065,Male,56,51+ (Seniors),Electronics,4K Ultra HD Smart TV,1,624.45,624.45,0.1,62.45,562.0,398.41,163.59,29.11,UPI / Digital Wallet
TXN-10184,2024-01-17,CUST-1495,Male,45,36-50 (Middle-Aged),Books & Stationery,Minimalist Wooden Desk Organizer,2,29.36,58.72,0.05,2.94,55.78,37.5,18.28,32.77,UPI / Digital Wallet
TXN-11289,2024-01-18,CUST-1047,Female,52,51+ (Seniors),Home & Kitchen,Espresso Coffee Machine,1,162.2,162.2,0.05,8.11,154.09,93.83,60.26,39.11,Credit Card
TXN-11707,2024-01-18,CUST-1597,Female,24,18-24 (Youth),Books & Stationery,Artisan Sketching Pencil Kit,1,19.46,19.46,0.1,1.95,17.51,11.85,5.66,32.32,Cash
TXN-12015,2024-01-18,CUST-1369,Male,27,25-35 (Young Adults),Electronics,Portable Bluetooth Speaker,1,56.28,56.28,0.2,11.26,45.02,35.54,9.48,21.06,Credit Card
TXN-11373,2024-01-19,CUST-1106,Female,64,51+ (Seniors),Electronics,Portable Bluetooth Speaker,1,53.8,53.8,0.0,0.0,53.8,30.5,23.3,43.31,UPI / Digital Wallet
TXN-10290,2024-01-19,CUST-1555,Male,32,25-35 (Young Adults),Electronics,Wireless Bluetooth Earbuds,1,77.05,77.05,0.1,7.7,69.35,49.87,19.48,28.09,Credit Card
TXN-11770,2024-01-19,CUST-1226,Male,38,36-50 (Middle-Aged),Home & Kitchen,Air Fryer Digital Oven,1,105.73,105.73,0.1,10.57,95.16,71.41,23.75,24.96,Debit Card
TXN-12206,2024-01-19,CUST-1010,Male,31,25-35 (Young Adults),Beauty & Personal Care,Shea Butter Moisturizing Cream,1,16.68,16.68,0.0,0.0,16.68,9.62,7.06,42.33,UPI / Digital Wallet
TXN-12039,2024-01-20,CUST-1447,Male,24,18-24 (Youth),Clothing,Casual Breathable Sneakers,2,71.24,142.48,0.1,14.25,128.23,96.08,32.15,25.07,UPI / Digital Wallet
TXN-10636,2024-01-22,CUST-1264,Male,34,25-35 (Young Adults),Beauty & Personal Care,Organic Botanical Shampoo,5,24.05,120.25,0.2,24.05,96.2,70.02,26.18,27.21,UPI / Digital Wallet
TXN-10156,2024-01-22,CUST-1110,Male,18,18-24 (Youth),Clothing,Casual Breathable Sneakers,1,70.67,70.67,0.05,3.53,67.14,49.08,18.06,26.9,Debit Card
TXN-11971,2024-01-22,CUST-1255,Male,31,25-35 (Young Adults),Electronics,Smart Fitness Watch,1,116.0,116.0,0.0,0.0,116.0,74.11,41.89,36.11,Credit Card
TXN-11090,2024-01-22,CUST-1016,Female,23,18-24 (Youth),Books & Stationery,Artisan Sketching Pencil Kit,1,19.63,19.63,0.1,1.96,17.67,11.07,6.6,37.35,Debit Card
TXN-11845,2024-01-22,CUST-1357,Female,33,25-35 (Young Adults),Electronics,Wireless Bluetooth Earbuds,5,74.67,373.35,0.1,37.34,336.01,249.39,86.62,25.78,Credit Card
TXN-12176,2024-01-23,CUST-1570,Female,38,36-50 (Middle-Aged),Clothing,Formal Oxford Shirt,2,43.88,87.76,0.1,8.78,78.98,49.45,29.53,37.39,Debit Card
TXN-11263,2024-01-23,CUST-1084,Male,26,25-35 (Young Adults),Beauty & Personal Care,Ionic Ceramic Hair Dryer,1,58.6,58.6,0.15,8.79,49.81,40.35,9.46,18.99,Debit Card
TXN-10803,2024-01-23,CUST-1085,Female,30,25-35 (Young Adults),Electronics,4K Ultra HD Smart TV,2,638.82,1277.64,0.1,127.76,1149.88,789.57,360.31,31.33,UPI / Digital Wallet
TXN-12127,2024-01-23,CUST-1097,Female,41,36-50 (Middle-Aged),Home & Kitchen,Non-Stick Ceramic Cookware Set,3,99.46,298.38,0.0,0.0,298.38,196.32,102.06,34.2,Credit Card
TXN-10513,2024-01-24,CUST-1336,Female,26,25-35 (Young Adults),Electronics,Noise-Cancelling Headphones,4,187.93,751.72,0.0,0.0,751.72,483.82,267.9,35.64,Debit Card
TXN-11550,2024-01-24,CUST-1415,Male,27,25-35 (Young Adults),Books & Stationery,Executive Hardcover Notebook,2,14.81,29.62,0.05,1.48,28.14,20.01,8.13,28.89,UPI / Digital Wallet
TXN-11017,2024-01-24,CUST-1182,Female,23,18-24 (Youth),Home & Kitchen,Espresso Coffee Machine,2,154.37,308.74,0.1,30.87,277.87,204.64,73.23,26.35,Debit Card
TXN-10169,2024-01-25,CUST-1259,Male,48,36-50 (Middle-Aged),Beauty & Personal Care,Shea Butter Moisturizing Cream,4,16.65,66.6,0.2,13.32,53.28,41.84,11.44,21.47,Cash
TXN-11766,2024-01-25,CUST-1217,Male,34,25-35 (Young Adults),Clothing,Winter Hooded Parka,1,132.31,132.31,0.05,6.62,125.69,87.41,38.28,30.46,Credit Card
TXN-12347,2024-01-25,CUST-1496,Male,23,18-24 (Youth),Electronics,4K Ultra HD Smart TV,1,641.89,641.89,0.0,0.0,641.89,424.45,217.44,33.87,Credit Card
TXN-10147,2024-01-25,CUST-1324,Female,23,18-24 (Youth),Books & Stationery,Artisan Sketching Pencil Kit,3,19.82,59.46,0.0,0.0,59.46,37.74,21.72,36.53,UPI / Digital Wallet
TXN-11141,2024-01-25,CUST-1576,Female,41,36-50 (Middle-Aged),Beauty & Personal Care,Ionic Ceramic Hair Dryer,2,56.98,113.96,0.05,5.7,108.26,65.45,42.81,39.54,Credit Card
TXN-10344,2024-01-25,CUST-1581,Female,32,25-35 (Young Adults),Home & Kitchen,Espresso Coffee Machine,2,160.26,320.52,0.2,64.1,256.42,208.61,47.81,18.65,Debit Card
TXN-11733,2024-01-26,CUST-1142,Male,18,18-24 (Youth),Electronics,Smart Fitness Watch,1,125.94,125.94,0.2,25.19,100.75,74.73,26.02,25.83,UPI / Digital Wallet
TXN-10182,2024-01-26,CUST-1084,Male,26,25-35 (Young Adults),Clothing,Winter Hooded Parka,1,140.17,140.17,0.0,0.0,140.17,83.61,56.56,40.35,UPI / Digital Wallet
TXN-12149,2024-01-26,CUST-1449,Male,23,18-24 (Youth),Electronics,Portable Bluetooth Speaker,1,57.66,57.66,0.0,0.0,57.66,36.22,21.44,37.18,Debit Card
TXN-10875,2024-01-27,CUST-1118,Male,53,51+ (Seniors),Clothing,Casual Breathable Sneakers,1,67.23,67.23,0.0,0.0,67.23,45.4,21.83,32.47,UPI / Digital Wallet
TXN-11913,2024-01-27,CUST-1181,Female,25,25-35 (Young Adults),Clothing,Casual Breathable Sneakers,1,69.38,69.38,0.1,6.94,62.44,46.95,15.49,24.81,Credit Card
TXN-10622,2024-01-28,CUST-1533,Male,21,18-24 (Youth),Clothing,Slim-Fit Denim Jeans,1,49.43,49.43,0.0,0.0,49.43,28.87,20.56,41.59,Credit Card
TXN-11670,2024-01-28,CUST-1008,Female,31,25-35 (Young Adults),Clothing,Winter Hooded Parka,1,132.33,132.33,0.15,19.85,112.48,72.85,39.63,35.23,Credit Card
TXN-11577,2024-01-28,CUST-1142,Male,18,18-24 (Youth),Clothing,Classic Cotton Crewneck T-Shirt,1,21.86,21.86,0.2,4.37,17.49,15.04,2.45,14.01,UPI / Digital Wallet
TXN-10849,2024-01-29,CUST-1474,Male,61,51+ (Seniors),Home & Kitchen,Non-Stick Ceramic Cookware Set,1,98.11,98.11,0.0,0.0,98.11,57.86,40.25,41.03,Debit Card
TXN-10594,2024-01-29,CUST-1511,Female,37,36-50 (Middle-Aged),Electronics,Smart Fitness Watch,1,118.28,118.28,0.2,23.66,94.62,77.94,16.68,17.63,Credit Card
TXN-10627,2024-01-29,CUST-1041,Female,40,36-50 (Middle-Aged),Home & Kitchen,Ergonomic Memory Foam Pillow,5,35.87,179.35,0.1,17.93,161.42,101.71,59.71,36.99,Debit Card
TXN-11716,2024-01-29,CUST-1049,Male,18,18-24 (Youth),Electronics,4K Ultra HD Smart TV,3,641.95,1925.85,0.2,385.17,1540.68,1185.03,355.65,23.08,Debit Card
TXN-11012,2024-01-30,CUST-1119,Female,48,36-50 (Middle-Aged),Electronics,Portable Bluetooth Speaker,1,52.8,52.8,0.0,0.0,52.8,29.27,23.53,44.56,UPI / Digital Wallet
TXN-10556,2024-01-31,CUST-1526,Female,18,18-24 (Youth),Clothing,Formal Oxford Shirt,3,40.74,122.22,0.0,0.0,122.22,72.97,49.25,40.3,Debit Card
TXN-11054,2024-01-31,CUST-1521,Female,45,36-50 (Middle-Aged),Electronics,4K Ultra HD Smart TV,1,640.02,640.02,0.15,96.0,544.02,365.71,178.31,32.78,Credit Card
TXN-10644,2024-01-31,CUST-1556,Female,31,25-35 (Young Adults),Beauty & Personal Care,Ionic Ceramic Hair Dryer,1,58.06,58.06,0.15,8.71,49.35,40.03,9.32,18.89,Credit Card
TXN-10152,2024-02-01,CUST-1099,Female,34,25-35 (Young Adults),Beauty & Personal Care,Anti-Aging Retinol Night Serum,1,45.71,45.71,0.15,6.86,38.85,26.62,12.23,31.48,UPI / Digital Wallet
TXN-12381,2024-02-01,CUST-1565,Female,32,25-35 (Young Adults),Electronics,Wireless Bluetooth Earbuds,1,75.76,75.76,0.15,11.36,64.4,50.32,14.08,21.86,Credit Card
TXN-10918,2024-02-01,CUST-1354,Male,37,36-50 (Middle-Aged),Home & Kitchen,Espresso Coffee Machine,1,157.27,157.27,0.15,23.59,133.68,106.47,27.21,20.35,Credit Card
TXN-11106,2024-02-02,CUST-1264,Male,34,25-35 (Young Adults),Home & Kitchen,Stainless Steel Water Bottle,1,20.54,20.54,0.05,1.03,19.51,13.76,5.75,29.47,Debit Card
TXN-10052,2024-02-03,CUST-1210,Male,45,36-50 (Middle-Aged),Home & Kitchen,Ergonomic Memory Foam Pillow,1,34.49,34.49,0.05,1.72,32.77,23.27,9.5,28.99,Credit Card
TXN-11227,2024-02-03,CUST-1127,Male,30,25-35 (Young Adults),Home & Kitchen,Air Fryer Digital Oven,2,105.82,211.64,0.0,0.0,211.64,131.36,80.28,37.93,Credit Card
TXN-12352,2024-02-03,CUST-1031,Male,63,51+ (Seniors),Home & Kitchen,Espresso Coffee Machine,1,155.52,155.52,0.0,0.0,155.52,107.08,48.44,31.15,Credit Card
TXN-10879,2024-02-03,CUST-1259,Male,48,36-50 (Middle-Aged),Electronics,Smart Fitness Watch,1,118.75,118.75,0.15,17.81,100.94,70.62,30.32,30.04,Debit Card
TXN-11762,2024-02-03,CUST-1187,Female,36,36-50 (Middle-Aged),Beauty & Personal Care,Organic Botanical Shampoo,3,23.63,70.89,0.05,3.54,67.35,45.47,21.88,32.49,Debit Card
TXN-12017,2024-02-03,CUST-1073,Male,59,51+ (Seniors),Books & Stationery,Executive Hardcover Notebook,1,14.73,14.73,0.0,0.0,14.73,8.79,5.94,40.33,UPI / Digital Wallet
TXN-12403,2024-02-03,CUST-1596,Male,34,25-35 (Young Adults),Electronics,Smart Fitness Watch,1,114.5,114.5,0.0,0.0,114.5,72.38,42.12,36.79,Credit Card
TXN-11287,2024-02-03,CUST-1261,Male,37,36-50 (Middle-Aged),Home & Kitchen,Air Fryer Digital Oven,3,104.67,314.01,0.15,47.1,266.91,204.82,62.09,23.26,Debit Card
TXN-10176,2024-02-05,CUST-1277,Male,29,25-35 (Young Adults),Beauty & Personal Care,Shea Butter Moisturizing Cream,1,15.56,15.56,0.1,1.56,14.0,9.87,4.13,29.5,Debit Card
TXN-10855,2024-02-05,CUST-1305,Female,39,36-50 (Middle-Aged),Home & Kitchen,Ergonomic Memory Foam Pillow,1,35.52,35.52,0.1,3.55,31.97,22.33,9.64,30.15,Credit Card
TXN-11695,2024-02-05,CUST-1448,Female,30,25-35 (Young Adults),Electronics,Portable Bluetooth Speaker,1,54.17,54.17,0.05,2.71,51.46,30.87,20.59,40.01,Credit Card
TXN-12185,2024-02-06,CUST-1174,Male,41,36-50 (Middle-Aged),Beauty & Personal Care,Daily Hydrating Facial Cleanser,1,18.81,18.81,0.1,1.88,16.93,11.96,4.97,29.36,Credit Card
TXN-10437,2024-02-06,CUST-1087,Female,42,36-50 (Middle-Aged),Home & Kitchen,Ergonomic Memory Foam Pillow,1,34.06,34.06,0.2,6.81,27.25,23.17,4.08,14.97,Debit Card
TXN-11876,2024-02-06,CUST-1585,Female,41,36-50 (Middle-Aged),Electronics,Smart Fitness Watch,1,125.71,125.71,0.0,0.0,125.71,71.92,53.79,42.79,Credit Card
TXN-10660,2024-02-06,CUST-1190,Male,31,25-35 (Young Adults),Beauty & Personal Care,Shea Butter Moisturizing Cream,1,16.17,16.17,0.0,0.0,16.17,11.28,4.89,30.24,Credit Card
TXN-10470,2024-02-06,CUST-1507,Female,25,25-35 (Young Adults),Clothing,Slim-Fit Denim Jeans,1,49.76,49.76,0.2,9.95,39.81,34.52,5.29,13.29,Credit Card
TXN-12414,2024-02-07,CUST-1350,Female,42,36-50 (Middle-Aged),Electronics,Smart Fitness Watch,1,116.82,116.82,0.1,11.68,105.14,77.25,27.89,26.53,UPI / Digital Wallet
TXN-12314,2024-02-07,CUST-1392,Female,19,18-24 (Youth),Home & Kitchen,Espresso Coffee Machine,1,159.96,159.96,0.1,16.0,143.96,89.03,54.93,38.16,Credit Card
TXN-10789,2024-02-07,CUST-1408,Female,39,36-50 (Middle-Aged),Beauty & Personal Care,Shea Butter Moisturizing Cream,5,16.29,81.45,0.0,0.0,81.45,48.93,32.52,39.93,Credit Card
TXN-12143,2024-02-07,CUST-1341,Male,41,36-50 (Middle-Aged),Clothing,Casual Breathable Sneakers,1,70.28,70.28,0.0,0.0,70.28,44.99,25.29,35.98,UPI / Digital Wallet
TXN-12376,2024-02-07,CUST-1512,Female,34,25-35 (Young Adults),Beauty & Personal Care,Organic Botanical Shampoo,1,24.6,24.6,0.05,1.23,23.37,14.57,8.8,37.66,Cash
TXN-12027,2024-02-07,CUST-1123,Female,18,18-24 (Youth),Home & Kitchen,Stainless Steel Water Bottle,1,19.71,19.71,0.1,1.97,17.74,12.15,5.59,31.51,UPI / Digital Wallet
TXN-11414,2024-02-07,CUST-1191,Female,49,36-50 (Middle-Aged),Clothing,Formal Oxford Shirt,2,42.68,85.36,0.15,12.8,72.56,47.38,25.18,34.7,Credit Card
TXN-12128,2024-02-08,CUST-1531,Male,18,18-24 (Youth),Electronics,Noise-Cancelling Headphones,1,175.22,175.22,0.0,0.0,175.22,118.93,56.29,32.13,Credit Card
TXN-10174,2024-02-08,CUST-1358,Male,42,36-50 (Middle-Aged),Home & Kitchen,Air Fryer Digital Oven,1,113.16,113.16,0.05,5.66,107.5,68.32,39.18,36.45,Debit Card
TXN-11399,2024-02-08,CUST-1567,Male,23,18-24 (Youth),Home & Kitchen,Non-Stick Ceramic Cookware Set,1,92.7,92.7,0.05,4.64,88.06,56.16,31.9,36.23,Credit Card
TXN-10830,2024-02-08,CUST-1231,Male,41,36-50 (Middle-Aged),Home & Kitchen,Non-Stick Ceramic Cookware Set,2,95.21,190.42,0.0,0.0,190.42,115.93,74.49,39.12,Debit Card
TXN-10302,2024-02-09,CUST-1213,Male,47,36-50 (Middle-Aged),Books & Stationery,Executive Hardcover Notebook,3,14.6,43.8,0.2,8.76,35.04,26.85,8.19,23.37,Credit Card
TXN-10066,2024-02-09,CUST-1201,Female,45,36-50 (Middle-Aged),Home & Kitchen,Ergonomic Memory Foam Pillow,1,33.88,33.88,0.05,1.69,32.19,23.08,9.11,28.3,Debit Card
TXN-11807,2024-02-09,CUST-1303,Male,46,36-50 (Middle-Aged),Home & Kitchen,Non-Stick Ceramic Cookware Set,1,91.26,91.26,0.05,4.56,86.7,50.59,36.11,41.65,Debit Card
TXN-11280,2024-02-09,CUST-1513,Female,25,25-35 (Young Adults),Electronics,Smart Fitness Watch,2,117.27,234.54,0.1,23.45,211.09,152.03,59.06,27.98,Credit Card
TXN-10951,2024-02-09,CUST-1593,Female,42,36-50 (Middle-Aged),Books & Stationery,Minimalist Wooden Desk Organizer,4,28.13,112.52,0.0,0.0,112.52,62.32,50.2,44.61,Credit Card
TXN-12177,2024-02-09,CUST-1336,Female,26,25-35 (Young Adults),Beauty & Personal Care,Ionic Ceramic Hair Dryer,1,60.78,60.78,0.0,0.0,60.78,42.52,18.26,30.04,UPI / Digital Wallet
TXN-12392,2024-02-10,CUST-1133,Female,44,36-50 (Middle-Aged),Home & Kitchen,Air Fryer Digital Oven,1,107.31,107.31,0.15,16.1,91.21,71.27,19.94,21.86,Credit Card
TXN-12066,2024-02-10,CUST-1029,Male,33,25-35 (Young Adults),Electronics,Portable Bluetooth Speaker,4,57.59,230.36,0.05,11.52,218.84,161.08,57.76,26.39,UPI / Digital Wallet
TXN-11434,2024-02-11,CUST-1508,Female,38,36-50 (Middle-Aged),Home & Kitchen,Stainless Steel Water Bottle,1,19.33,19.33,0.0,0.0,19.33,11.46,7.87,40.71,Cash
TXN-12102,2024-02-11,CUST-1161,Male,49,36-50 (Middle-Aged),Electronics,Portable Bluetooth Speaker,1,57.07,57.07,0.05,2.85,54.22,33.71,20.51,37.83,Credit Card
TXN-11022,2024-02-11,CUST-1312,Other,49,36-50 (Middle-Aged),Electronics,Smart Fitness Watch,1,116.67,116.67,0.05,5.83,110.84,69.76,41.08,37.06,Credit Card
TXN-12427,2024-02-11,CUST-1157,Male,44,36-50 (Middle-Aged),Clothing,Winter Hooded Parka,2,140.37,280.74,0.05,14.04,266.7,184.43,82.27,30.85,Debit Card
TXN-10098,2024-02-11,CUST-1442,Male,18,18-24 (Youth),Electronics,Smart Fitness Watch,1,118.58,118.58,0.05,5.93,112.65,79.49,33.16,29.44,Debit Card
TXN-10720,2024-02-12,CUST-1456,Female,36,36-50 (Middle-Aged),Home & Kitchen,Stainless Steel Water Bottle,1,19.24,19.24,0.05,0.96,18.28,13.01,5.27,28.83,UPI / Digital Wallet
TXN-10119,2024-02-12,CUST-1504,Male,28,25-35 (Young Adults),Electronics,Portable Bluetooth Speaker,1,56.06,56.06,0.1,5.61,50.45,33.15,17.3,34.29,Credit Card
TXN-11544,2024-02-12,CUST-1157,Male,44,36-50 (Middle-Aged),Electronics,4K Ultra HD Smart TV,1,633.98,633.98,0.0,0.0,633.98,421.72,212.26,33.48,UPI / Digital Wallet
TXN-10568,2024-02-13,CUST-1006,Female,60,51+ (Seniors),Clothing,Formal Oxford Shirt,1,42.23,42.23,0.05,2.11,40.12,28.57,11.55,28.79,Debit Card
TXN-10205,2024-02-13,CUST-1366,Male,41,36-50 (Middle-Aged),Electronics,Portable Bluetooth Speaker,1,55.07,55.07,0.2,11.01,44.06,32.18,11.88,26.96,Debit Card
TXN-10679,2024-02-13,CUST-1322,Male,26,25-35 (Young Adults),Home & Kitchen,Air Fryer Digital Oven,1,106.09,106.09,0.15,15.91,90.18,60.15,30.03,33.3,UPI / Digital Wallet
TXN-10920,2024-02-13,CUST-1361,Female,59,51+ (Seniors),Electronics,Smart Fitness Watch,1,125.14,125.14,0.1,12.51,112.63,75.72,36.91,32.77,Credit Card
TXN-11043,2024-02-13,CUST-1076,Female,39,36-50 (Middle-Aged),Books & Stationery,Artisan Sketching Pencil Kit,4,18.36,73.44,0.1,7.34,66.1,41.05,25.05,37.9,Debit Card
TXN-12451,2024-02-14,CUST-1079,Female,18,18-24 (Youth),Clothing,Formal Oxford Shirt,1,43.1,43.1,0.2,8.62,34.48,27.73,6.75,19.58,Credit Card
TXN-10361,2024-02-14,CUST-1126,Female,24,18-24 (Youth),Clothing,Formal Oxford Shirt,2,42.5,85.0,0.0,0.0,85.0,54.82,30.18,35.51,UPI / Digital Wallet
TXN-10649,2024-02-14,CUST-1105,Male,43,36-50 (Middle-Aged),Electronics,Smart Fitness Watch,1,115.91,115.91,0.05,5.8,110.11,64.61,45.5,41.32,Debit Card
TXN-12029,2024-02-15,CUST-1051,Female,32,25-35 (Young Adults),Home & Kitchen,Ergonomic Memory Foam Pillow,1,36.36,36.36,0.0,0.0,36.36,25.0,11.36,31.24,Credit Card
TXN-11546,2024-02-15,CUST-1139,Female,20,18-24 (Youth),Electronics,Portable Bluetooth Speaker,1,57.14,57.14,0.05,2.86,54.28,39.04,15.24,28.08,Debit Card
TXN-10890,2024-02-16,CUST-1172,Male,36,36-50 (Middle-Aged),Beauty & Personal Care,Anti-Aging Retinol Night Serum,1,46.23,46.23,0.1,4.62,41.61,28.02,13.59,32.66,UPI / Digital Wallet
TXN-10349,2024-02-16,CUST-1223,Female,18,18-24 (Youth),Electronics,4K Ultra HD Smart TV,1,654.65,654.65,0.0,0.0,654.65,419.4,235.25,35.94,UPI / Digital Wallet
TXN-10145,2024-02-16,CUST-1052,Male,28,25-35 (Young Adults),Beauty & Personal Care,Organic Botanical Shampoo,2,23.14,46.28,0.0,0.0,46.28,28.9,17.38,37.55,Credit Card
TXN-11653,2024-02-16,CUST-1113,Female,72,51+ (Seniors),Home & Kitchen,Espresso Coffee Machine,3,167.75,503.25,0.2,100.65,402.6,336.33,66.27,16.46,Debit Card
TXN-11629,2024-02-16,CUST-1518,Male,39,36-50 (Middle-Aged),Home & Kitchen,Non-Stick Ceramic Cookware Set,3,90.73,272.19,0.0,0.0,272.19,172.3,99.89,36.7,Debit Card
TXN-11970,2024-02-17,CUST-1568,Male,18,18-24 (Youth),Beauty & Personal Care,Shea Butter Moisturizing Cream,2,15.56,31.12,0.2,6.22,24.9,17.23,7.67,30.8,UPI / Digital Wallet
TXN-10901,2024-02-17,CUST-1426,Female,24,18-24 (Youth),Clothing,Classic Cotton Crewneck T-Shirt,2,22.63,45.26,0.1,4.53,40.73,26.28,14.45,35.48,Credit Card
TXN-11462,2024-02-17,CUST-1379,Male,26,25-35 (Young Adults),Clothing,Winter Hooded Parka,1,140.69,140.69,0.15,21.1,119.59,82.25,37.34,31.22,UPI / Digital Wallet
TXN-11313,2024-02-17,CUST-1245,Female,33,25-35 (Young Adults),Beauty & Personal Care,Shea Butter Moisturizing Cream,2,15.45,30.9,0.1,3.09,27.81,20.98,6.83,24.56,Cash
TXN-12119,2024-02-18,CUST-1258,Female,44,36-50 (Middle-Aged),Books & Stationery,Data Science & ML Handbook,2,47.69,95.38,0.05,4.77,90.61,57.58,33.03,36.45,Credit Card
TXN-11811,2024-02-19,CUST-1393,Female,63,51+ (Seniors),Electronics,4K Ultra HD Smart TV,1,637.79,637.79,0.05,31.89,605.9,387.02,218.88,36.12,Debit Card
TXN-10386,2024-02-19,CUST-1094,Female,32,25-35 (Young Adults),Beauty & Personal Care,Organic Botanical Shampoo,1,23.07,23.07,0.15,3.46,19.61,12.85,6.76,34.47,Cash
TXN-11671,2024-02-19,CUST-1325,Male,21,18-24 (Youth),Beauty & Personal Care,Shea Butter Moisturizing Cream,1,16.69,16.69,0.0,0.0,16.69,11.44,5.25,31.46,Credit Card
TXN-11325,2024-02-19,CUST-1220,Male,70,51+ (Seniors),Electronics,4K Ultra HD Smart TV,1,668.1,668.1,0.05,33.4,634.7,375.81,258.89,40.79,UPI / Digital Wallet
TXN-11147,2024-02-19,CUST-1483,Male,40,36-50 (Middle-Aged),Beauty & Personal Care,Daily Hydrating Facial Cleanser,5,18.31,91.55,0.0,0.0,91.55,59.52,32.03,34.99,Credit Card
TXN-10241,2024-02-19,CUST-1461,Female,38,36-50 (Middle-Aged),Books & Stationery,Executive Hardcover Notebook,1,15.39,15.39,0.15,2.31,13.08,9.89,3.19,24.39,Debit Card
TXN-12090,2024-02-21,CUST-1392,Female,19,18-24 (Youth),Home & Kitchen,Air Fryer Digital Oven,5,108.93,544.65,0.0,0.0,544.65,311.44,233.21,42.82,UPI / Digital Wallet
TXN-11547,2024-02-21,CUST-1189,Female,18,18-24 (Youth),Beauty & Personal Care,Ionic Ceramic Hair Dryer,1,58.9,58.9,0.15,8.83,50.07,39.28,10.79,21.55,Credit Card
TXN-10815,2024-02-21,CUST-1030,Male,29,25-35 (Young Adults),Electronics,Smart Fitness Watch,1,124.46,124.46,0.05,6.22,118.24,86.42,31.82,26.91,UPI / Digital Wallet
TXN-11576,2024-02-21,CUST-1284,Male,67,51+ (Seniors),Electronics,Noise-Cancelling Headphones,1,183.35,183.35,0.15,27.5,155.85,106.35,49.5,31.76,Debit Card
TXN-11979,2024-02-22,CUST-1051,Female,32,25-35 (Young Adults),Electronics,Noise-Cancelling Headphones,2,178.55,357.1,0.05,17.86,339.24,235.37,103.87,30.62,Debit Card
TXN-10188,2024-02-22,CUST-1476,Female,46,36-50 (Middle-Aged),Electronics,Smart Fitness Watch,3,125.74,377.22,0.1,37.72,339.5,248.61,90.89,26.77,Debit Card
TXN-11254,2024-02-22,CUST-1291,Female,31,25-35 (Young Adults),Beauty & Personal Care,Ionic Ceramic Hair Dryer,1,57.57,57.57,0.0,0.0,57.57,37.9,19.67,34.17,Credit Card
TXN-10645,2024-02-22,CUST-1309,Female,35,25-35 (Young Adults),Electronics,Noise-Cancelling Headphones,1,185.43,185.43,0.05,9.27,176.16,120.92,55.24,31.36,UPI / Digital Wallet
TXN-11391,2024-02-22,CUST-1241,Male,36,36-50 (Middle-Aged),Books & Stationery,Data Science & ML Handbook,1,48.24,48.24,0.0,0.0,48.24,28.12,20.12,41.71,Cash
TXN-12130,2024-02-22,CUST-1274,Male,24,18-24 (Youth),Electronics,Wireless Bluetooth Earbuds,1,73.65,73.65,0.2,14.73,58.92,45.27,13.65,23.17,UPI / Digital Wallet
TXN-11628,2024-02-23,CUST-1110,Male,18,18-24 (Youth),Home & Kitchen,Non-Stick Ceramic Cookware Set,3,91.88,275.64,0.0,0.0,275.64,161.24,114.4,41.5,UPI / Digital Wallet
TXN-12122,2024-02-23,CUST-1142,Male,18,18-24 (Youth),Home & Kitchen,Ergonomic Memory Foam Pillow,1,35.37,35.37,0.2,7.07,28.3,22.38,5.92,20.92,UPI / Digital Wallet
TXN-10642,2024-02-23,CUST-1084,Male,26,25-35 (Young Adults),Clothing,Classic Cotton Crewneck T-Shirt,1,22.78,22.78,0.0,0.0,22.78,13.18,9.6,42.14,UPI / Digital Wallet
TXN-11135,2024-02-23,CUST-1206,Female,45,36-50 (Middle-Aged),Clothing,Slim-Fit Denim Jeans,1,47.43,47.43,0.05,2.37,45.06,31.56,13.5,29.96,Credit Card
TXN-11275,2024-02-23,CUST-1547,Female,35,25-35 (Young Adults),Home & Kitchen,Ergonomic Memory Foam Pillow,2,34.27,68.54,0.1,6.85,61.69,40.7,20.99,34.02,Credit Card
TXN-11249,2024-02-23,CUST-1449,Male,23,18-24 (Youth),Electronics,Wireless Bluetooth Earbuds,1,78.23,78.23,0.0,0.0,78.23,54.49,23.74,30.35,UPI / Digital Wallet
TXN-10746,2024-02-24,CUST-1248,Male,62,51+ (Seniors),Clothing,Casual Breathable Sneakers,1,67.4,67.4,0.0,0.0,67.4,44.64,22.76,33.77,Credit Card
TXN-10043,2024-02-24,CUST-1123,Female,18,18-24 (Youth),Beauty & Personal Care,Daily Hydrating Facial Cleanser,3,17.34,52.02,0.05,2.6,49.42,30.13,19.29,39.03,Credit Card
TXN-10661,2024-02-24,CUST-1521,Female,45,36-50 (Middle-Aged),Electronics,4K Ultra HD Smart TV,3,647.02,1941.06,0.15,291.16,1649.9,1357.81,292.09,17.7,Credit Card
TXN-11493,2024-02-24,CUST-1566,Male,18,18-24 (Youth),Beauty & Personal Care,Anti-Aging Retinol Night Serum,3,46.95,140.85,0.0,0.0,140.85,89.86,50.99,36.2,Credit Card
TXN-10183,2024-02-24,CUST-1168,Female,34,25-35 (Young Adults),Beauty & Personal Care,Daily Hydrating Facial Cleanser,1,17.65,17.65,0.1,1.76,15.89,11.87,4.02,25.3,Credit Card
TXN-11486,2024-02-24,CUST-1279,Female,32,25-35 (Young Adults),Home & Kitchen,Air Fryer Digital Oven,2,104.99,209.98,0.0,0.0,209.98,130.21,79.77,37.99,Credit Card
TXN-11504,2024-02-24,CUST-1560,Female,42,36-50 (Middle-Aged),Home & Kitchen,Espresso Coffee Machine,1,167.18,167.18,0.15,25.08,142.1,99.58,42.52,29.92,Debit Card
TXN-12301,2024-02-24,CUST-1376,Male,50,36-50 (Middle-Aged),Clothing,Classic Cotton Crewneck T-Shirt,1,22.02,22.02,0.1,2.2,19.82,12.91,6.91,34.86,UPI / Digital Wallet
TXN-12481,2024-02-25,CUST-1060,Male,31,25-35 (Young Adults),Books & Stationery,Artisan Sketching Pencil Kit,1,19.38,19.38,0.05,0.97,18.41,12.38,6.03,32.75,UPI / Digital Wallet
TXN-12410,2024-02-25,CUST-1048,Male,42,36-50 (Middle-Aged),Home & Kitchen,Non-Stick Ceramic Cookware Set,1,94.32,94.32,0.1,9.43,84.89,63.29,21.6,25.44,Cash
TXN-11186,2024-02-25,CUST-1112,Female,38,36-50 (Middle-Aged),Clothing,Formal Oxford Shirt,3,42.03,126.09,0.1,12.61,113.48,76.31,37.17,32.75,Credit Card
TXN-11479,2024-02-25,CUST-1445,Female,47,36-50 (Middle-Aged),Home & Kitchen,Air Fryer Digital Oven,2,108.73,217.46,0.05,10.87,206.59,126.89,79.7,38.58,UPI / Digital Wallet
TXN-10334,2024-02-25,CUST-1045,Female,27,25-35 (Young Adults),Home & Kitchen,Air Fryer Digital Oven,3,115.23,345.69,0.0,0.0,345.69,240.25,105.44,30.5,Debit Card
TXN-10338,2024-02-26,CUST-1319,Female,36,36-50 (Middle-Aged),Beauty & Personal Care,Daily Hydrating Facial Cleanser,1,18.41,18.41,0.0,0.0,18.41,10.62,7.79,42.31,Credit Card
TXN-12235,2024-02-27,CUST-1393,Female,63,51+ (Seniors),Beauty & Personal Care,Shea Butter Moisturizing Cream,1,16.46,16.46,0.0,0.0,16.46,9.99,6.47,39.31,Credit Card
TXN-11410,2024-02-27,CUST-1490,Female,37,36-50 (Middle-Aged),Electronics,Noise-Cancelling Headphones,1,185.99,185.99,0.0,0.0,185.99,129.93,56.06,30.14,Credit Card
TXN-10713,2024-02-27,CUST-1416,Female,59,51+ (Seniors),Clothing,Formal Oxford Shirt,3,40.06,120.18,0.05,6.01,114.17,73.28,40.89,35.82,Debit Card
TXN-11524,2024-02-27,CUST-1422,Male,34,25-35 (Young Adults),Beauty & Personal Care,Anti-Aging Retinol Night Serum,2,44.34,88.68,0.05,4.43,84.25,57.49,26.76,31.76,Credit Card
TXN-10771,2024-02-27,CUST-1132,Female,23,18-24 (Youth),Electronics,Portable Bluetooth Speaker,3,54.56,163.68,0.2,32.74,130.94,105.66,25.28,19.31,Credit Card
TXN-10858,2024-02-28,CUST-1363,Male,43,36-50 (Middle-Aged),Clothing,Classic Cotton Crewneck T-Shirt,2,22.73,45.46,0.15,6.82,38.64,25.44,13.2,34.16,Credit Card
TXN-12365,2024-02-28,CUST-1208,Male,45,36-50 (Middle-Aged),Clothing,Formal Oxford Shirt,1,42.88,42.88,0.05,2.14,40.74,29.64,11.1,27.25,Credit Card
TXN-12456,2024-02-28,CUST-1173,Male,42,36-50 (Middle-Aged),Clothing,Formal Oxford Shirt,1,44.05,44.05,0.05,2.2,41.85,29.38,12.47,29.8,Cash
TXN-10217,2024-02-29,CUST-1260,Female,25,25-35 (Young Adults),Home & Kitchen,Air Fryer Digital Oven,1,108.29,108.29,0.05,5.41,102.88,59.77,43.11,41.9,Credit Card
TXN-10488,2024-03-01,CUST-1558,Other,43,36-50 (Middle-Aged),Electronics,Portable Bluetooth Speaker,2,57.44,114.88,0.15,17.23,97.65,75.42,22.23,22.76,Credit Card
TXN-11623,2024-03-01,CUST-1531,Male,18,18-24 (Youth),Home & Kitchen,Espresso Coffee Machine,1,164.04,164.04,0.05,8.2,155.84,100.24,55.6,35.68,Debit Card
TXN-11350,2024-03-01,CUST-1380,Female,26,25-35 (Young Adults),Books & Stationery,Executive Hardcover Notebook,1,15.26,15.26,0.1,1.53,13.73,9.0,4.73,34.45,Credit Card
TXN-12078,2024-03-02,CUST-1239,Male,49,36-50 (Middle-Aged),Home & Kitchen,Stainless Steel Water Bottle,1,19.26,19.26,0.1,1.93,17.33,11.91,5.42,31.28,Debit Card
TXN-11187,2024-03-02,CUST-1503,Female,45,36-50 (Middle-Aged),Home & Kitchen,Air Fryer Digital Oven,1,106.7,106.7,0.0,0.0,106.7,71.22,35.48,33.25,Credit Card
TXN-10340,2024-03-02,CUST-1501,Other,64,51+ (Seniors),Electronics,4K Ultra HD Smart TV,1,620.23,620.23,0.0,0.0,620.23,351.96,268.27,43.25,Credit Card
TXN-11457,2024-03-02,CUST-1220,Male,70,51+ (Seniors),Clothing,Winter Hooded Parka,2,138.02,276.04,0.1,27.6,248.44,162.47,85.97,34.6,Debit Card
TXN-10123,2024-03-02,CUST-1478,Male,72,51+ (Seniors),Beauty & Personal Care,Ionic Ceramic Hair Dryer,2,56.91,113.82,0.1,11.38,102.44,68.83,33.61,32.81,Credit Card
TXN-11835,2024-03-03,CUST-1559,Male,32,25-35 (Young Adults),Books & Stationery,Executive Hardcover Notebook,1,15.09,15.09,0.2,3.02,12.07,9.99,2.08,17.23,UPI / Digital Wallet
TXN-11633,2024-03-03,CUST-1351,Female,58,51+ (Seniors),Books & Stationery,Executive Hardcover Notebook,2,14.57,29.14,0.05,1.46,27.68,18.36,9.32,33.67,Debit Card
TXN-11987,2024-03-03,CUST-1424,Male,47,36-50 (Middle-Aged),Clothing,Casual Breathable Sneakers,2,72.32,144.64,0.1,14.46,130.18,93.63,36.55,28.08,Credit Card
TXN-11038,2024-03-03,CUST-1106,Female,64,51+ (Seniors),Clothing,Slim-Fit Denim Jeans,1,50.24,50.24,0.1,5.02,45.22,35.05,10.17,22.49,Credit Card
TXN-10008,2024-03-03,CUST-1293,Female,49,36-50 (Middle-Aged),Electronics,Portable Bluetooth Speaker,4,53.04,212.16,0.1,21.22,190.94,121.86,69.08,36.18,Credit Card
TXN-10226,2024-03-04,CUST-1138,Male,49,36-50 (Middle-Aged),Electronics,4K Ultra HD Smart TV,3,669.73,2009.19,0.0,0.0,2009.19,1125.24,883.95,44.0,UPI / Digital Wallet
TXN-10766,2024-03-04,CUST-1234,Female,68,51+ (Seniors),Home & Kitchen,Air Fryer Digital Oven,5,109.3,546.5,0.0,0.0,546.5,326.48,220.02,40.26,Credit Card
TXN-10908,2024-03-05,CUST-1307,Male,29,25-35 (Young Adults),Electronics,Smart Fitness Watch,2,120.63,241.26,0.0,0.0,241.26,150.11,91.15,37.78,Debit Card
TXN-11783,2024-03-05,CUST-1181,Female,25,25-35 (Young Adults),Electronics,4K Ultra HD Smart TV,1,673.6,673.6,0.05,33.68,639.92,393.55,246.37,38.5,Credit Card
TXN-12261,2024-03-05,CUST-1003,Male,59,51+ (Seniors),Home & Kitchen,Stainless Steel Water Bottle,1,19.57,19.57,0.05,0.98,18.59,13.09,5.5,29.59,Credit Card
TXN-10307,2024-03-06,CUST-1435,Female,39,36-50 (Middle-Aged),Electronics,Noise-Cancelling Headphones,1,174.75,174.75,0.15,26.21,148.54,110.46,38.08,25.64,UPI / Digital Wallet
TXN-12137,2024-03-06,CUST-1206,Female,45,36-50 (Middle-Aged),Home & Kitchen,Stainless Steel Water Bottle,2,20.07,40.14,0.05,2.01,38.13,27.27,10.86,28.48,UPI / Digital Wallet
TXN-11028,2024-03-07,CUST-1051,Female,32,25-35 (Young Adults),Clothing,Casual Breathable Sneakers,1,69.42,69.42,0.0,0.0,69.42,47.57,21.85,31.48,UPI / Digital Wallet
TXN-12041,2024-03-07,CUST-1390,Male,25,25-35 (Young Adults),Electronics,Wireless Bluetooth Earbuds,3,78.4,235.2,0.05,11.76,223.44,152.18,71.26,31.89,UPI / Digital Wallet
TXN-11065,2024-03-07,CUST-1499,Female,18,18-24 (Youth),Home & Kitchen,Air Fryer Digital Oven,2,112.14,224.28,0.0,0.0,224.28,125.02,99.26,44.26,UPI / Digital Wallet
TXN-11599,2024-03-08,CUST-1480,Female,36,36-50 (Middle-Aged),Clothing,Casual Breathable Sneakers,2,68.08,136.16,0.0,0.0,136.16,93.92,42.24,31.02,Debit Card
TXN-10416,2024-03-08,CUST-1156,Other,64,51+ (Seniors),Clothing,Classic Cotton Crewneck T-Shirt,2,22.0,44.0,0.05,2.2,41.8,24.56,17.24,41.24,Credit Card
TXN-12289,2024-03-09,CUST-1053,Female,46,36-50 (Middle-Aged),Beauty & Personal Care,Ionic Ceramic Hair Dryer,1,56.02,56.02,0.2,11.2,44.82,38.87,5.95,13.28,Debit Card
TXN-10247,2024-03-09,CUST-1111,Female,37,36-50 (Middle-Aged),Electronics,Wireless Bluetooth Earbuds,3,76.5,229.5,0.15,34.42,195.08,159.3,35.78,18.34,Debit Card
TXN-10891,2024-03-10,CUST-1372,Male,58,51+ (Seniors),Home & Kitchen,Air Fryer Digital Oven,2,111.57,223.14,0.05,11.16,211.98,143.64,68.34,32.24,Credit Card
TXN-12129,2024-03-10,CUST-1045,Female,27,25-35 (Young Adults),Clothing,Winter Hooded Parka,2,130.84,261.68,0.0,0.0,261.68,157.01,104.67,40.0,UPI / Digital Wallet
TXN-10872,2024-03-10,CUST-1331,Male,25,25-35 (Young Adults),Home & Kitchen,Non-Stick Ceramic Cookware Set,1,99.21,99.21,0.05,4.96,94.25,63.26,30.99,32.88,Cash
TXN-11799,2024-03-10,CUST-1232,Female,38,36-50 (Middle-Aged),Clothing,Formal Oxford Shirt,3,42.12,126.36,0.0,0.0,126.36,79.49,46.87,37.09,Credit Card
TXN-10672,2024-03-10,CUST-1441,Male,37,36-50 (Middle-Aged),Electronics,4K Ultra HD Smart TV,1,622.08,622.08,0.0,0.0,622.08,430.34,191.74,30.82,Credit Card
TXN-11447,2024-03-10,CUST-1272,Male,54,51+ (Seniors),Home & Kitchen,Espresso Coffee Machine,1,155.45,155.45,0.0,0.0,155.45,103.42,52.03,33.47,Debit Card
TXN-10463,2024-03-11,CUST-1108,Male,41,36-50 (Middle-Aged),Beauty & Personal Care,Ionic Ceramic Hair Dryer,1,56.6,56.6,0.1,5.66,50.94,36.44,14.5,28.46,Cash
TXN-10730,2024-03-12,CUST-1367,Male,38,36-50 (Middle-Aged),Books & Stationery,Data Science & ML Handbook,2,45.79,91.58,0.0,0.0,91.58,63.09,28.49,31.11,Cash
TXN-10101,2024-03-12,CUST-1464,Male,36,36-50 (Middle-Aged),Electronics,4K Ultra HD Smart TV,1,647.97,647.97,0.05,32.4,615.57,385.27,230.3,37.41,Credit Card
TXN-11901,2024-03-12,CUST-1402,Male,38,36-50 (Middle-Aged),Electronics,Noise-Cancelling Headphones,3,171.88,515.64,0.0,0.0,515.64,328.09,187.55,36.37,Credit Card
TXN-12199,2024-03-13,CUST-1583,Male,69,51+ (Seniors),Clothing,Winter Hooded Parka,1,135.6,135.6,0.05,6.78,128.82,92.65,36.17,28.08,Credit Card
TXN-10432,2024-03-13,CUST-1235,Other,46,36-50 (Middle-Aged),Clothing,Casual Breathable Sneakers,1,72.96,72.96,0.0,0.0,72.96,48.2,24.76,33.94,Credit Card
TXN-12275,2024-03-13,CUST-1321,Female,46,36-50 (Middle-Aged),Home & Kitchen,Non-Stick Ceramic Cookware Set,2,91.05,182.1,0.1,18.21,163.89,107.85,56.04,34.19,Credit Card
TXN-10154,2024-03-13,CUST-1064,Female,49,36-50 (Middle-Aged),Beauty & Personal Care,Organic Botanical Shampoo,2,22.9,45.8,0.15,6.87,38.93,30.56,8.37,21.5,Debit Card
TXN-12164,2024-03-13,CUST-1242,Male,45,36-50 (Middle-Aged),Clothing,Slim-Fit Denim Jeans,1,47.1,47.1,0.15,7.06,40.04,26.24,13.8,34.47,UPI / Digital Wallet
TXN-12457,2024-03-13,CUST-1271,Female,18,18-24 (Youth),Electronics,Wireless Bluetooth Earbuds,3,71.96,215.88,0.05,10.79,205.09,120.03,85.06,41.47,UPI / Digital Wallet
TXN-11914,2024-03-13,CUST-1045,Female,27,25-35 (Young Adults),Electronics,Smart Fitness Watch,2,118.44,236.88,0.0,0.0,236.88,150.7,86.18,36.38,Credit Card
TXN-10331,2024-03-15,CUST-1210,Male,45,36-50 (Middle-Aged),Beauty & Personal Care,Ionic Ceramic Hair Dryer,1,58.5,58.5,0.0,0.0,58.5,37.77,20.73,35.44,UPI / Digital Wallet
TXN-10776,2024-03-15,CUST-1275,Male,44,36-50 (Middle-Aged),Electronics,Wireless Bluetooth Earbuds,2,71.67,143.34,0.15,21.5,121.84,87.41,34.43,28.26,Debit Card
TXN-11299,2024-03-16,CUST-1196,Male,25,25-35 (Young Adults),Clothing,Casual Breathable Sneakers,1,71.4,71.4,0.1,7.14,64.26,49.09,15.17,23.61,Credit Card
TXN-12471,2024-03-16,CUST-1473,Male,57,51+ (Seniors),Books & Stationery,Minimalist Wooden Desk Organizer,1,27.35,27.35,0.15,4.1,23.25,18.14,5.11,21.98,Debit Card
TXN-11072,2024-03-16,CUST-1420,Other,66,51+ (Seniors),Beauty & Personal Care,Organic Botanical Shampoo,2,24.27,48.54,0.1,4.85,43.69,33.29,10.4,23.8,Credit Card
TXN-10935,2024-03-17,CUST-1024,Male,30,25-35 (Young Adults),Clothing,Casual Breathable Sneakers,3,66.99,200.97,0.15,30.15,170.82,117.93,52.89,30.96,Debit Card
TXN-11198,2024-03-17,CUST-1557,Other,31,25-35 (Young Adults),Electronics,Noise-Cancelling Headphones,1,179.74,179.74,0.05,8.99,170.75,123.9,46.85,27.44,UPI / Digital Wallet
TXN-10990,2024-03-17,CUST-1171,Male,26,25-35 (Young Adults),Clothing,Slim-Fit Denim Jeans,1,48.77,48.77,0.15,7.32,41.45,28.01,13.44,32.42,Cash
TXN-11598,2024-03-17,CUST-1000,Female,44,36-50 (Middle-Aged),Electronics,Portable Bluetooth Speaker,1,53.57,53.57,0.1,5.36,48.21,29.7,18.51,38.39,Debit Card
TXN-11152,2024-03-17,CUST-1199,Female,21,18-24 (Youth),Books & Stationery,Artisan Sketching Pencil Kit,1,19.26,19.26,0.0,0.0,19.26,12.49,6.77,35.15,UPI / Digital Wallet
TXN-10480,2024-03-17,CUST-1395,Other,31,25-35 (Young Adults),Home & Kitchen,Ergonomic Memory Foam Pillow,1,36.23,36.23,0.0,0.0,36.23,23.02,13.21,36.46,Debit Card
TXN-11549,2024-03-17,CUST-1289,Male,29,25-35 (Young Adults),Clothing,Classic Cotton Crewneck T-Shirt,2,22.99,45.98,0.05,2.3,43.68,29.71,13.97,31.98,Credit Card
TXN-11715,2024-03-17,CUST-1037,Male,18,18-24 (Youth),Clothing,Classic Cotton Crewneck T-Shirt,3,22.57,67.71,0.1,6.77,60.94,40.84,20.1,32.98,Cash
TXN-11308,2024-03-18,CUST-1519,Female,48,36-50 (Middle-Aged),Electronics,Wireless Bluetooth Earbuds,1,75.03,75.03,0.05,3.75,71.28,42.38,28.9,40.54,Debit Card
TXN-11861,2024-03-18,CUST-1262,Female,18,18-24 (Youth),Home & Kitchen,Non-Stick Ceramic Cookware Set,1,96.1,96.1,0.05,4.8,91.3,55.74,35.56,38.95,Debit Card
TXN-10783,2024-03-18,CUST-1048,Male,42,36-50 (Middle-Aged),Beauty & Personal Care,Organic Botanical Shampoo,1,24.17,24.17,0.05,1.21,22.96,15.95,7.01,30.53,UPI / Digital Wallet
TXN-11752,2024-03-19,CUST-1112,Female,38,36-50 (Middle-Aged),Electronics,4K Ultra HD Smart TV,1,641.85,641.85,0.05,32.09,609.76,416.03,193.73,31.77,Credit Card
TXN-10573,2024-03-19,CUST-1005,Male,34,25-35 (Young Adults),Electronics,Portable Bluetooth Speaker,2,55.34,110.68,0.1,11.07,99.61,64.32,35.29,35.43,Debit Card
TXN-11366,2024-03-19,CUST-1433,Other,48,36-50 (Middle-Aged),Books & Stationery,Fine Fountain Pen Set,2,37.13,74.26,0.0,0.0,74.26,44.81,29.45,39.66,Credit Card
TXN-11167,2024-03-19,CUST-1078,Female,39,36-50 (Middle-Aged),Beauty & Personal Care,Daily Hydrating Facial Cleanser,1,18.48,18.48,0.1,1.85,16.63,11.19,5.44,32.71,Credit Card
TXN-11837,2024-03-19,CUST-1029,Male,33,25-35 (Young Adults),Home & Kitchen,Stainless Steel Water Bottle,2,20.24,40.48,0.1,4.05,36.43,26.32,10.11,27.75,Credit Card
TXN-11803,2024-03-20,CUST-1073,Male,59,51+ (Seniors),Electronics,Portable Bluetooth Speaker,1,53.8,53.8,0.0,0.0,53.8,32.09,21.71,40.35,Debit Card
TXN-10079,2024-03-20,CUST-1424,Male,47,36-50 (Middle-Aged),Electronics,Portable Bluetooth Speaker,1,53.49,53.49,0.15,8.02,45.47,33.92,11.55,25.4,Debit Card
TXN-12179,2024-03-20,CUST-1352,Female,50,36-50 (Middle-Aged),Clothing,Winter Hooded Parka,1,133.54,133.54,0.0,0.0,133.54,89.35,44.19,33.09,UPI / Digital Wallet
TXN-10747,2024-03-20,CUST-1017,Male,42,36-50 (Middle-Aged),Beauty & Personal Care,Organic Botanical Shampoo,1,22.83,22.83,0.05,1.14,21.69,15.76,5.93,27.34,UPI / Digital Wallet
TXN-11750,2024-03-22,CUST-1573,Female,34,25-35 (Young Adults),Books & Stationery,Fine Fountain Pen Set,1,38.95,38.95,0.0,0.0,38.95,23.86,15.09,38.74,UPI / Digital Wallet
TXN-12283,2024-03-22,CUST-1064,Female,49,36-50 (Middle-Aged),Beauty & Personal Care,Daily Hydrating Facial Cleanser,1,18.83,18.83,0.15,2.82,16.01,11.42,4.59,28.67,Credit Card
TXN-11238,2024-03-22,CUST-1536,Male,25,25-35 (Young Adults),Home & Kitchen,Espresso Coffee Machine,1,158.9,158.9,0.0,0.0,158.9,103.97,54.93,34.57,UPI / Digital Wallet
TXN-11858,2024-03-22,CUST-1067,Male,52,51+ (Seniors),Beauty & Personal Care,Ionic Ceramic Hair Dryer,3,58.91,176.73,0.1,17.67,159.06,98.92,60.14,37.81,Credit Card
TXN-11910,2024-03-22,CUST-1088,Female,30,25-35 (Young Adults),Beauty & Personal Care,Daily Hydrating Facial Cleanser,1,17.62,17.62,0.0,0.0,17.62,10.55,7.07,40.12,Credit Card
TXN-12218,2024-03-22,CUST-1300,Female,26,25-35 (Young Adults),Clothing,Classic Cotton Crewneck T-Shirt,2,21.67,43.34,0.0,0.0,43.34,27.42,15.92,36.73,Cash
TXN-12465,2024-03-22,CUST-1343,Female,30,25-35 (Young Adults),Home & Kitchen,Non-Stick Ceramic Cookware Set,3,93.12,279.36,0.1,27.94,251.42,172.64,78.78,31.33,Credit Card
TXN-10040,2024-03-22,CUST-1389,Male,29,25-35 (Young Adults),Electronics,Wireless Bluetooth Earbuds,2,75.9,151.8,0.0,0.0,151.8,84.89,66.91,44.08,UPI / Digital Wallet
TXN-10799,2024-03-23,CUST-1512,Female,34,25-35 (Young Adults),Electronics,Noise-Cancelling Headphones,3,186.75,560.25,0.2,112.05,448.2,386.0,62.2,13.88,UPI / Digital Wallet
TXN-10610,2024-03-23,CUST-1202,Female,53,51+ (Seniors),Clothing,Classic Cotton Crewneck T-Shirt,1,21.16,21.16,0.05,1.06,20.1,14.61,5.49,27.31,Credit Card
TXN-12214,2024-03-23,CUST-1542,Female,45,36-50 (Middle-Aged),Clothing,Slim-Fit Denim Jeans,3,49.51,148.53,0.1,14.85,133.68,92.42,41.26,30.86,Cash
TXN-10979,2024-03-23,CUST-1274,Male,24,18-24 (Youth),Home & Kitchen,Espresso Coffee Machine,1,152.29,152.29,0.1,15.23,137.06,83.97,53.09,38.73,Credit Card
TXN-10109,2024-03-24,CUST-1440,Female,43,36-50 (Middle-Aged),Clothing,Slim-Fit Denim Jeans,1,48.59,48.59,0.05,2.43,46.16,30.18,15.98,34.62,Debit Card
TXN-11592,2024-03-24,CUST-1432,Female,34,25-35 (Young Adults),Electronics,Wireless Bluetooth Earbuds,1,78.68,78.68,0.0,0.0,78.68,43.65,35.03,44.52,UPI / Digital Wallet
TXN-10034,2024-03-24,CUST-1179,Female,72,51+ (Seniors),Electronics,Noise-Cancelling Headphones,1,181.81,181.81,0.15,27.27,154.54,113.55,40.99,26.52,Cash
TXN-10504,2024-03-24,CUST-1535,Male,38,36-50 (Middle-Aged),Electronics,Wireless Bluetooth Earbuds,1,78.57,78.57,0.0,0.0,78.57,52.1,26.47,33.69,Credit Card
TXN-10348,2024-03-25,CUST-1171,Male,26,25-35 (Young Adults),Books & Stationery,Fine Fountain Pen Set,2,39.08,78.16,0.05,3.91,74.25,54.22,20.03,26.98,Debit Card
TXN-12371,2024-03-26,CUST-1470,Female,34,25-35 (Young Adults),Beauty & Personal Care,Daily Hydrating Facial Cleanser,1,17.13,17.13,0.0,0.0,17.13,9.92,7.21,42.09,UPI / Digital Wallet
TXN-10148,2024-03-27,CUST-1140,Female,41,36-50 (Middle-Aged),Clothing,Casual Breathable Sneakers,1,71.23,71.23,0.0,0.0,71.23,45.21,26.02,36.53,Cash
TXN-12043,2024-03-27,CUST-1448,Female,30,25-35 (Young Adults),Beauty & Personal Care,Shea Butter Moisturizing Cream,1,16.35,16.35,0.2,3.27,13.08,10.31,2.77,21.18,Credit Card
TXN-11967,2024-03-27,CUST-1505,Male,31,25-35 (Young Adults),Home & Kitchen,Espresso Coffee Machine,1,152.71,152.71,0.05,7.64,145.07,100.52,44.55,30.71,Debit Card
TXN-11134,2024-03-27,CUST-1427,Female,47,36-50 (Middle-Aged),Clothing,Classic Cotton Crewneck T-Shirt,2,21.88,43.76,0.0,0.0,43.76,27.66,16.1,36.79,UPI / Digital Wallet
TXN-11949,2024-03-27,CUST-1078,Female,39,36-50 (Middle-Aged),Books & Stationery,Minimalist Wooden Desk Organizer,1,29.22,29.22,0.15,4.38,24.84,19.68,5.16,20.77,UPI / Digital Wallet
TXN-12232,2024-03-27,CUST-1242,Male,45,36-50 (Middle-Aged),Home & Kitchen,Non-Stick Ceramic Cookware Set,1,97.67,97.67,0.0,0.0,97.67,66.63,31.04,31.78,Debit Card
TXN-10967,2024-03-28,CUST-1258,Female,44,36-50 (Middle-Aged),Books & Stationery,Fine Fountain Pen Set,1,37.76,37.76,0.05,1.89,35.87,23.61,12.26,34.18,Credit Card
TXN-11627,2024-03-28,CUST-1403,Male,38,36-50 (Middle-Aged),Electronics,Portable Bluetooth Speaker,1,54.17,54.17,0.0,0.0,54.17,32.52,21.65,39.97,Debit Card
TXN-10624,2024-03-28,CUST-1370,Male,38,36-50 (Middle-Aged),Electronics,Wireless Bluetooth Earbuds,1,76.84,76.84,0.05,3.84,73.0,51.33,21.67,29.68,Credit Card
TXN-11557,2024-03-29,CUST-1573,Female,34,25-35 (Young Adults),Home & Kitchen,Stainless Steel Water Bottle,1,20.1,20.1,0.05,1.01,19.09,11.46,7.63,39.97,Cash
TXN-10521,2024-03-29,CUST-1566,Male,18,18-24 (Youth),Clothing,Winter Hooded Parka,3,134.66,403.98,0.05,20.2,383.78,270.45,113.33,29.53,Debit Card
TXN-12422,2024-03-29,CUST-1469,Male,29,25-35 (Young Adults),Clothing,Casual Breathable Sneakers,4,67.68,270.72,0.05,13.54,257.18,178.22,78.96,30.7,Credit Card
TXN-11213,2024-03-30,CUST-1309,Female,35,25-35 (Young Adults),Beauty & Personal Care,Daily Hydrating Facial Cleanser,2,18.02,36.04,0.0,0.0,36.04,22.88,13.16,36.51,Credit Card
TXN-10238,2024-03-30,CUST-1103,Female,26,25-35 (Young Adults),Home & Kitchen,Non-Stick Ceramic Cookware Set,1,98.28,98.28,0.05,4.91,93.37,55.05,38.32,41.04,Credit Card
TXN-11221,2024-03-30,CUST-1237,Female,40,36-50 (Middle-Aged),Electronics,Noise-Cancelling Headphones,1,185.17,185.17,0.2,37.03,148.14,125.15,22.99,15.52,UPI / Digital Wallet
TXN-12286,2024-03-30,CUST-1066,Female,36,36-50 (Middle-Aged),Electronics,Wireless Bluetooth Earbuds,2,78.7,157.4,0.0,0.0,157.4,98.29,59.11,37.55,Debit Card
TXN-11296,2024-03-30,CUST-1197,Female,40,36-50 (Middle-Aged),Home & Kitchen,Air Fryer Digital Oven,2,106.0,212.0,0.1,21.2,190.8,139.03,51.77,27.13,UPI / Digital Wallet
TXN-12265,2024-03-30,CUST-1201,Female,45,36-50 (Middle-Aged),Electronics,Wireless Bluetooth Earbuds,1,74.62,74.62,0.05,3.73,70.89,46.11,24.78,34.96,Credit Card
TXN-11662,2024-03-31,CUST-1433,Other,48,36-50 (Middle-Aged),Home & Kitchen,Air Fryer Digital Oven,5,109.75,548.75,0.1,54.88,493.87,355.93,137.94,27.93,Debit Card
TXN-10163,2024-03-31,CUST-1359,Female,26,25-35 (Young Adults),Books & Stationery,Minimalist Wooden Desk Organizer,3,28.4,85.2,0.2,17.04,68.16,51.17,16.99,24.93,UPI / Digital Wallet
TXN-11645,2024-04-01,CUST-1344,Male,31,25-35 (Young Adults),Electronics,Portable Bluetooth Speaker,1,55.26,55.26,0.15,8.29,46.97,33.45,13.52,28.78,Credit Card
TXN-11624,2024-04-01,CUST-1521,Female,45,36-50 (Middle-Aged),Clothing,Classic Cotton Crewneck T-Shirt,4,22.77,91.08,0.05,4.55,86.53,57.42,29.11,33.64,UPI / Digital Wallet
TXN-11668,2024-04-01,CUST-1515,Female,48,36-50 (Middle-Aged),Beauty & Personal Care,Anti-Aging Retinol Night Serum,1,44.44,44.44,0.0,0.0,44.44,27.71,16.73,37.65,Credit Card
TXN-10582,2024-04-01,CUST-1232,Female,38,36-50 (Middle-Aged),Books & Stationery,Artisan Sketching Pencil Kit,1,19.33,19.33,0.05,0.97,18.36,11.33,7.03,38.29,Debit Card
TXN-11605,2024-04-02,CUST-1264,Male,34,25-35 (Young Adults),Home & Kitchen,Stainless Steel Water Bottle,1,19.82,19.82,0.05,0.99,18.83,11.95,6.88,36.54,Credit Card
TXN-11171,2024-04-02,CUST-1094,Female,32,25-35 (Young Adults),Books & Stationery,Minimalist Wooden Desk Organizer,2,26.95,53.9,0.0,0.0,53.9,33.27,20.63,38.27,UPI / Digital Wallet
TXN-10814,2024-04-03,CUST-1528,Male,41,36-50 (Middle-Aged),Clothing,Slim-Fit Denim Jeans,1,48.36,48.36,0.0,0.0,48.36,26.79,21.57,44.6,Credit Card
TXN-10422,2024-04-03,CUST-1513,Female,25,25-35 (Young Adults),Clothing,Slim-Fit Denim Jeans,1,49.91,49.91,0.1,4.99,44.92,29.34,15.58,34.68,Debit Card
TXN-10400,2024-04-03,CUST-1211,Female,53,51+ (Seniors),Beauty & Personal Care,Ionic Ceramic Hair Dryer,1,57.01,57.01,0.2,11.4,45.61,31.87,13.74,30.12,Credit Card
TXN-11108,2024-04-03,CUST-1260,Female,25,25-35 (Young Adults),Clothing,Winter Hooded Parka,2,129.66,259.32,0.05,12.97,246.35,164.28,82.07,33.31,Credit Card
TXN-10020,2024-04-03,CUST-1262,Female,18,18-24 (Youth),Home & Kitchen,Non-Stick Ceramic Cookware Set,1,97.85,97.85,0.0,0.0,97.85,65.46,32.39,33.1,Credit Card
TXN-11245,2024-04-03,CUST-1341,Male,41,36-50 (Middle-Aged),Clothing,Slim-Fit Denim Jeans,2,47.23,94.46,0.05,4.72,89.74,64.38,25.36,28.26,Debit Card
TXN-10862,2024-04-04,CUST-1504,Male,28,25-35 (Young Adults),Electronics,Wireless Bluetooth Earbuds,4,74.86,299.44,0.1,29.94,269.5,198.29,71.21,26.42,Credit Card
TXN-11586,2024-04-04,CUST-1077,Male,33,25-35 (Young Adults),Electronics,Smart Fitness Watch,3,123.22,369.66,0.0,0.0,369.66,224.65,145.01,39.23,UPI / Digital Wallet
TXN-12202,2024-04-04,CUST-1127,Male,30,25-35 (Young Adults),Home & Kitchen,Air Fryer Digital Oven,2,113.11,226.22,0.05,11.31,214.91,130.94,83.97,39.07,Credit Card
TXN-11793,2024-04-04,CUST-1393,Female,63,51+ (Seniors),Home & Kitchen,Stainless Steel Water Bottle,3,20.46,61.38,0.1,6.14,55.24,36.74,18.5,33.49,Cash
TXN-12444,2024-04-05,CUST-1051,Female,32,25-35 (Young Adults),Clothing,Winter Hooded Parka,1,136.56,136.56,0.05,6.83,129.73,81.63,48.1,37.08,Cash
TXN-12187,2024-04-05,CUST-1314,Male,56,51+ (Seniors),Clothing,Slim-Fit Denim Jeans,2,50.23,100.46,0.0,0.0,100.46,62.37,38.09,37.92,Credit Card
TXN-11583,2024-04-05,CUST-1145,Female,48,36-50 (Middle-Aged),Beauty & Personal Care,Shea Butter Moisturizing Cream,1,16.3,16.3,0.0,0.0,16.3,9.51,6.79,41.66,Cash
TXN-10444,2024-04-05,CUST-1143,Female,40,36-50 (Middle-Aged),Clothing,Casual Breathable Sneakers,3,72.37,217.11,0.0,0.0,217.11,119.7,97.41,44.87,Credit Card
TXN-10453,2024-04-05,CUST-1538,Female,52,51+ (Seniors),Clothing,Casual Breathable Sneakers,2,69.83,139.66,0.1,13.97,125.69,94.91,30.78,24.49,Cash
TXN-11902,2024-04-06,CUST-1372,Male,58,51+ (Seniors),Books & Stationery,Minimalist Wooden Desk Organizer,3,26.73,80.19,0.0,0.0,80.19,44.84,35.35,44.08,UPI / Digital Wallet
TXN-12308,2024-04-06,CUST-1251,Male,50,36-50 (Middle-Aged),Electronics,4K Ultra HD Smart TV,2,618.15,1236.3,0.0,0.0,1236.3,768.65,467.65,37.83,Debit Card
TXN-12095,2024-04-06,CUST-1381,Male,29,25-35 (Young Adults),Home & Kitchen,Non-Stick Ceramic Cookware Set,2,92.71,185.42,0.05,9.27,176.15,110.69,65.46,37.16,Credit Card
TXN-10323,2024-04-06,CUST-1395,Other,31,25-35 (Young Adults),Clothing,Formal Oxford Shirt,1,43.42,43.42,0.0,0.0,43.42,29.18,14.24,32.8,Cash
TXN-11736,2024-04-06,CUST-1210,Male,45,36-50 (Middle-Aged),Clothing,Winter Hooded Parka,1,139.36,139.36,0.0,0.0,139.36,91.69,47.67,34.21,Credit Card
TXN-10924,2024-04-07,CUST-1119,Female,48,36-50 (Middle-Aged),Beauty & Personal Care,Ionic Ceramic Hair Dryer,1,56.82,56.82,0.0,0.0,56.82,33.72,23.1,40.65,Credit Card
TXN-11442,2024-04-07,CUST-1407,Male,36,36-50 (Middle-Aged),Beauty & Personal Care,Daily Hydrating Facial Cleanser,1,18.51,18.51,0.1,1.85,16.66,12.79,3.87,23.23,Debit Card
TXN-10552,2024-04-07,CUST-1236,Male,18,18-24 (Youth),Beauty & Personal Care,Daily Hydrating Facial Cleanser,1,18.67,18.67,0.1,1.87,16.8,11.16,5.64,33.57,UPI / Digital Wallet
TXN-10897,2024-04-08,CUST-1245,Female,33,25-35 (Young Adults),Beauty & Personal Care,Shea Butter Moisturizing Cream,5,16.21,81.05,0.0,0.0,81.05,49.8,31.25,38.56,Debit Card
TXN-11859,2024-04-08,CUST-1103,Female,26,25-35 (Young Adults),Beauty & Personal Care,Anti-Aging Retinol Night Serum,1,44.38,44.38,0.05,2.22,42.16,27.84,14.32,33.97,UPI / Digital Wallet
TXN-11965,2024-04-08,CUST-1092,Male,28,25-35 (Young Adults),Beauty & Personal Care,Organic Botanical Shampoo,1,23.85,23.85,0.05,1.19,22.66,13.71,8.95,39.5,UPI / Digital Wallet
TXN-10384,2024-04-08,CUST-1229,Male,47,36-50 (Middle-Aged),Electronics,4K Ultra HD Smart TV,2,670.84,1341.68,0.1,134.17,1207.51,818.79,388.72,32.19,Debit Card
TXN-10483,2024-04-08,CUST-1395,Other,31,25-35 (Young Adults),Electronics,4K Ultra HD Smart TV,1,647.08,647.08,0.0,0.0,647.08,416.18,230.9,35.68,Credit Card
TXN-11723,2024-04-09,CUST-1086,Male,50,36-50 (Middle-Aged),Clothing,Casual Breathable Sneakers,1,72.17,72.17,0.15,10.83,61.34,42.15,19.19,31.28,UPI / Digital Wallet
TXN-12067,2024-04-09,CUST-1410,Male,47,36-50 (Middle-Aged),Electronics,Portable Bluetooth Speaker,1,54.71,54.71,0.0,0.0,54.71,30.64,24.07,44.0,Credit Card
TXN-10364,2024-04-10,CUST-1087,Female,42,36-50 (Middle-Aged),Home & Kitchen,Espresso Coffee Machine,2,157.68,315.36,0.05,15.77,299.59,185.8,113.79,37.98,UPI / Digital Wallet
TXN-11029,2024-04-10,CUST-1594,Other,52,51+ (Seniors),Clothing,Winter Hooded Parka,2,128.7,257.4,0.05,12.87,244.53,158.77,85.76,35.07,UPI / Digital Wallet
TXN-11635,2024-04-10,CUST-1303,Male,46,36-50 (Middle-Aged),Clothing,Formal Oxford Shirt,2,40.07,80.14,0.15,12.02,68.12,52.74,15.38,22.58,UPI / Digital Wallet
TXN-11317,2024-04-10,CUST-1447,Male,24,18-24 (Youth),Beauty & Personal Care,Daily Hydrating Facial Cleanser,1,17.81,17.81,0.0,0.0,17.81,11.01,6.8,38.18,Credit Card
TXN-12435,2024-04-11,CUST-1521,Female,45,36-50 (Middle-Aged),Electronics,Wireless Bluetooth Earbuds,1,76.54,76.54,0.0,0.0,76.54,52.77,23.77,31.06,Credit Card
TXN-11338,2024-04-11,CUST-1555,Male,32,25-35 (Young Adults),Home & Kitchen,Ergonomic Memory Foam Pillow,1,36.47,36.47,0.0,0.0,36.47,21.54,14.93,40.94,UPI / Digital Wallet
TXN-10555,2024-04-11,CUST-1052,Male,28,25-35 (Young Adults),Electronics,Wireless Bluetooth Earbuds,3,78.75,236.25,0.1,23.62,212.63,148.0,64.63,30.4,Credit Card
TXN-10709,2024-04-11,CUST-1284,Male,67,51+ (Seniors),Electronics,Smart Fitness Watch,2,115.53,231.06,0.0,0.0,231.06,131.73,99.33,42.99,Debit Card
TXN-10852,2024-04-11,CUST-1274,Male,24,18-24 (Youth),Electronics,Smart Fitness Watch,4,125.17,500.68,0.0,0.0,500.68,288.27,212.41,42.42,Debit Card
TXN-12075,2024-04-11,CUST-1359,Female,26,25-35 (Young Adults),Home & Kitchen,Stainless Steel Water Bottle,4,19.82,79.28,0.05,3.96,75.32,49.82,25.5,33.86,Debit Card
TXN-11339,2024-04-11,CUST-1584,Male,40,36-50 (Middle-Aged),Books & Stationery,Data Science & ML Handbook,1,47.76,47.76,0.2,9.55,38.21,32.6,5.61,14.68,Credit Card
TXN-11551,2024-04-12,CUST-1318,Female,42,36-50 (Middle-Aged),Electronics,Smart Fitness Watch,2,124.1,248.2,0.0,0.0,248.2,156.45,91.75,36.97,Credit Card
TXN-10456,2024-04-12,CUST-1018,Female,25,25-35 (Young Adults),Clothing,Slim-Fit Denim Jeans,1,46.4,46.4,0.2,9.28,37.12,27.91,9.21,24.81,Cash
TXN-11130,2024-04-12,CUST-1165,Male,43,36-50 (Middle-Aged),Home & Kitchen,Ergonomic Memory Foam Pillow,1,34.16,34.16,0.2,6.83,27.33,21.15,6.18,22.61,Credit Card
TXN-11873,2024-04-13,CUST-1341,Male,41,36-50 (Middle-Aged),Electronics,4K Ultra HD Smart TV,1,659.01,659.01,0.2,131.8,527.21,432.05,95.16,18.05,UPI / Digital Wallet
TXN-10280,2024-04-13,CUST-1445,Female,47,36-50 (Middle-Aged),Clothing,Casual Breathable Sneakers,1,68.52,68.52,0.0,0.0,68.52,43.81,24.71,36.06,Debit Card
TXN-11996,2024-04-13,CUST-1091,Female,51,51+ (Seniors),Clothing,Casual Breathable Sneakers,2,70.7,141.4,0.1,14.14,127.26,79.46,47.8,37.56,Cash
TXN-10836,2024-04-13,CUST-1548,Other,43,36-50 (Middle-Aged),Clothing,Classic Cotton Crewneck T-Shirt,2,21.97,43.94,0.05,2.2,41.74,26.75,14.99,35.91,Debit Card
TXN-10971,2024-04-14,CUST-1466,Male,46,36-50 (Middle-Aged),Clothing,Formal Oxford Shirt,2,42.78,85.56,0.05,4.28,81.28,52.51,28.77,35.4,Credit Card
TXN-10565,2024-04-14,CUST-1115,Male,42,36-50 (Middle-Aged),Books & Stationery,Minimalist Wooden Desk Organizer,1,27.95,27.95,0.1,2.8,25.15,18.23,6.92,27.51,UPI / Digital Wallet
TXN-10245,2024-04-15,CUST-1074,Female,18,18-24 (Youth),Electronics,Portable Bluetooth Speaker,2,52.55,105.1,0.2,21.02,84.08,58.91,25.17,29.94,Debit Card
TXN-10569,2024-04-15,CUST-1454,Male,30,25-35 (Young Adults),Electronics,Noise-Cancelling Headphones,1,184.13,184.13,0.05,9.21,174.92,105.94,68.98,39.44,Credit Card
TXN-11008,2024-04-15,CUST-1530,Male,46,36-50 (Middle-Aged),Clothing,Casual Breathable Sneakers,1,71.16,71.16,0.2,14.23,56.93,45.63,11.3,19.85,Credit Card
TXN-10682,2024-04-16,CUST-1481,Female,24,18-24 (Youth),Electronics,Portable Bluetooth Speaker,1,55.05,55.05,0.1,5.5,49.55,34.95,14.6,29.47,UPI / Digital Wallet
TXN-11495,2024-04-16,CUST-1419,Male,38,36-50 (Middle-Aged),Clothing,Slim-Fit Denim Jeans,1,45.69,45.69,0.05,2.28,43.41,28.29,15.12,34.83,UPI / Digital Wallet
TXN-10702,2024-04-16,CUST-1194,Male,40,36-50 (Middle-Aged),Clothing,Formal Oxford Shirt,1,42.37,42.37,0.05,2.12,40.25,24.41,15.84,39.35,Cash
TXN-11704,2024-04-17,CUST-1385,Female,40,36-50 (Middle-Aged),Home & Kitchen,Stainless Steel Water Bottle,1,20.34,20.34,0.05,1.02,19.32,12.67,6.65,34.42,Credit Card
TXN-10817,2024-04-17,CUST-1399,Male,55,51+ (Seniors),Electronics,Portable Bluetooth Speaker,2,55.09,110.18,0.05,5.51,104.67,73.65,31.02,29.64,Debit Card
TXN-12064,2024-04-17,CUST-1569,Female,33,25-35 (Young Adults),Books & Stationery,Data Science & ML Handbook,2,49.2,98.4,0.05,4.92,93.48,54.86,38.62,41.31,UPI / Digital Wallet
TXN-10198,2024-04-18,CUST-1467,Male,48,36-50 (Middle-Aged),Clothing,Winter Hooded Parka,1,135.27,135.27,0.1,13.53,121.74,84.88,36.86,30.28,UPI / Digital Wallet
TXN-10546,2024-04-18,CUST-1540,Male,49,36-50 (Middle-Aged),Beauty & Personal Care,Anti-Aging Retinol Night Serum,1,43.11,43.11,0.05,2.16,40.95,26.05,14.9,36.39,Credit Card
TXN-11041,2024-04-18,CUST-1395,Other,31,25-35 (Young Adults),Clothing,Casual Breathable Sneakers,2,70.78,141.56,0.1,14.16,127.4,88.41,38.99,30.6,Credit Card
TXN-10318,2024-04-18,CUST-1321,Female,46,36-50 (Middle-Aged),Clothing,Slim-Fit Denim Jeans,1,47.83,47.83,0.0,0.0,47.83,28.16,19.67,41.12,Credit Card
TXN-11365,2024-04-18,CUST-1404,Male,31,25-35 (Young Adults),Home & Kitchen,Espresso Coffee Machine,1,158.11,158.11,0.0,0.0,158.11,99.52,58.59,37.06,UPI / Digital Wallet
TXN-11758,2024-04-18,CUST-1266,Female,60,51+ (Seniors),Clothing,Classic Cotton Crewneck T-Shirt,4,21.79,87.16,0.1,8.72,78.44,57.46,20.98,26.75,Credit Card
TXN-10934,2024-04-19,CUST-1128,Female,39,36-50 (Middle-Aged),Clothing,Winter Hooded Parka,1,129.77,129.77,0.15,19.47,110.3,75.3,35.0,31.73,Credit Card
TXN-10826,2024-04-19,CUST-1206,Female,45,36-50 (Middle-Aged),Electronics,Portable Bluetooth Speaker,1,52.54,52.54,0.0,0.0,52.54,33.53,19.01,36.18,Credit Card
TXN-11042,2024-04-19,CUST-1304,Male,37,36-50 (Middle-Aged),Beauty & Personal Care,Anti-Aging Retinol Night Serum,2,46.35,92.7,0.2,18.54,74.16,57.32,16.84,22.71,UPI / Digital Wallet
TXN-11067,2024-04-19,CUST-1505,Male,31,25-35 (Young Adults),Clothing,Formal Oxford Shirt,2,41.84,83.68,0.1,8.37,75.31,48.73,26.58,35.29,Credit Card
TXN-12416,2024-04-20,CUST-1467,Male,48,36-50 (Middle-Aged),Clothing,Casual Breathable Sneakers,2,73.37,146.74,0.05,7.34,139.4,81.53,57.87,41.51,Credit Card
TXN-11239,2024-04-20,CUST-1252,Female,67,51+ (Seniors),Electronics,Smart Fitness Watch,1,120.87,120.87,0.05,6.04,114.83,84.03,30.8,26.82,UPI / Digital Wallet
TXN-12089,2024-04-21,CUST-1534,Female,28,25-35 (Young Adults),Home & Kitchen,Air Fryer Digital Oven,2,106.04,212.08,0.05,10.6,201.48,144.93,56.55,28.07,Credit Card
TXN-10941,2024-04-21,CUST-1268,Male,31,25-35 (Young Adults),Home & Kitchen,Stainless Steel Water Bottle,1,19.02,19.02,0.1,1.9,17.12,11.53,5.59,32.65,Cash
TXN-11708,2024-04-22,CUST-1425,Female,57,51+ (Seniors),Electronics,Wireless Bluetooth Earbuds,3,75.51,226.53,0.1,22.65,203.88,157.39,46.49,22.8,Cash
TXN-12197,2024-04-22,CUST-1574,Male,49,36-50 (Middle-Aged),Home & Kitchen,Stainless Steel Water Bottle,1,19.73,19.73,0.05,0.99,18.74,13.24,5.5,29.35,Debit Card
TXN-11735,2024-04-22,CUST-1488,Female,61,51+ (Seniors),Beauty & Personal Care,Shea Butter Moisturizing Cream,2,16.19,32.38,0.0,0.0,32.38,19.91,12.47,38.51,Credit Card
TXN-11341,2024-04-22,CUST-1502,Female,18,18-24 (Youth),Beauty & Personal Care,Shea Butter Moisturizing Cream,1,16.74,16.74,0.05,0.84,15.9,10.52,5.38,33.84,UPI / Digital Wallet
TXN-11142,2024-04-23,CUST-1089,Male,45,36-50 (Middle-Aged),Home & Kitchen,Non-Stick Ceramic Cookware Set,1,97.72,97.72,0.0,0.0,97.72,56.74,40.98,41.94,Credit Card
TXN-11649,2024-04-23,CUST-1051,Female,32,25-35 (Young Adults),Clothing,Formal Oxford Shirt,1,43.3,43.3,0.0,0.0,43.3,24.19,19.11,44.13,UPI / Digital Wallet
TXN-12030,2024-04-23,CUST-1403,Male,38,36-50 (Middle-Aged),Home & Kitchen,Ergonomic Memory Foam Pillow,3,33.34,100.02,0.0,0.0,100.02,60.48,39.54,39.53,Credit Card
TXN-11769,2024-04-23,CUST-1394,Male,54,51+ (Seniors),Clothing,Casual Breathable Sneakers,2,66.99,133.98,0.05,6.7,127.28,78.0,49.28,38.72,Debit Card
TXN-10350,2024-04-24,CUST-1442,Male,18,18-24 (Youth),Electronics,Noise-Cancelling Headphones,1,172.44,172.44,0.0,0.0,172.44,99.61,72.83,42.23,Credit Card
TXN-10335,2024-04-24,CUST-1304,Male,37,36-50 (Middle-Aged),Home & Kitchen,Non-Stick Ceramic Cookware Set,4,94.17,376.68,0.0,0.0,376.68,213.98,162.7,43.19,Debit Card
TXN-10560,2024-04-24,CUST-1150,Female,41,36-50 (Middle-Aged),Clothing,Casual Breathable Sneakers,1,66.93,66.93,0.0,0.0,66.93,42.5,24.43,36.5,Debit Card
TXN-11589,2024-04-25,CUST-1075,Male,49,36-50 (Middle-Aged),Electronics,Wireless Bluetooth Earbuds,2,77.02,154.04,0.15,23.11,130.93,106.42,24.51,18.72,Debit Card
TXN-11869,2024-04-25,CUST-1221,Female,18,18-24 (Youth),Clothing,Slim-Fit Denim Jeans,4,49.42,197.68,0.1,19.77,177.91,138.16,39.75,22.34,Debit Card
TXN-12238,2024-04-25,CUST-1543,Female,58,51+ (Seniors),Electronics,4K Ultra HD Smart TV,2,645.21,1290.42,0.1,129.04,1161.38,745.58,415.8,35.8,Credit Card
TXN-11568,2024-04-25,CUST-1262,Female,18,18-24 (Youth),Beauty & Personal Care,Shea Butter Moisturizing Cream,2,15.75,31.5,0.0,0.0,31.5,17.93,13.57,43.08,Credit Card
TXN-10752,2024-04-25,CUST-1143,Female,40,36-50 (Middle-Aged),Beauty & Personal Care,Shea Butter Moisturizing Cream,1,16.78,16.78,0.0,0.0,16.78,9.5,7.28,43.38,UPI / Digital Wallet
TXN-10013,2024-04-26,CUST-1593,Female,42,36-50 (Middle-Aged),Beauty & Personal Care,Ionic Ceramic Hair Dryer,1,60.14,60.14,0.0,0.0,60.14,38.93,21.21,35.27,Credit Card
TXN-10675,2024-04-26,CUST-1191,Female,49,36-50 (Middle-Aged),Home & Kitchen,Espresso Coffee Machine,1,160.29,160.29,0.0,0.0,160.29,102.13,58.16,36.28,UPI / Digital Wallet
TXN-10105,2024-04-26,CUST-1479,Female,53,51+ (Seniors),Home & Kitchen,Stainless Steel Water Bottle,1,20.39,20.39,0.15,3.06,17.33,12.63,4.7,27.12,Credit Card
TXN-10402,2024-04-26,CUST-1113,Female,72,51+ (Seniors),Electronics,Smart Fitness Watch,1,124.38,124.38,0.0,0.0,124.38,77.3,47.08,37.85,UPI / Digital Wallet
TXN-11657,2024-04-26,CUST-1262,Female,18,18-24 (Youth),Electronics,Smart Fitness Watch,1,116.8,116.8,0.0,0.0,116.8,66.94,49.86,42.69,Debit Card
TXN-11906,2024-04-26,CUST-1325,Male,21,18-24 (Youth),Clothing,Winter Hooded Parka,2,135.09,270.18,0.1,27.02,243.16,153.42,89.74,36.91,Debit Card
TXN-11619,2024-04-27,CUST-1041,Female,40,36-50 (Middle-Aged),Books & Stationery,Artisan Sketching Pencil Kit,1,19.75,19.75,0.1,1.98,17.77,13.56,4.21,23.69,UPI / Digital Wallet
TXN-12440,2024-04-28,CUST-1004,Male,34,25-35 (Young Adults),Electronics,Wireless Bluetooth Earbuds,1,74.48,74.48,0.2,14.9,59.58,41.56,18.02,30.25,Credit Card
TXN-11026,2024-04-28,CUST-1259,Male,48,36-50 (Middle-Aged),Home & Kitchen,Ergonomic Memory Foam Pillow,1,35.63,35.63,0.0,0.0,35.63,21.14,14.49,40.67,UPI / Digital Wallet
TXN-12159,2024-04-29,CUST-1091,Female,51,51+ (Seniors),Electronics,Portable Bluetooth Speaker,1,55.49,55.49,0.2,11.1,44.39,33.49,10.9,24.56,UPI / Digital Wallet
TXN-10606,2024-04-29,CUST-1467,Male,48,36-50 (Middle-Aged),Clothing,Casual Breathable Sneakers,5,70.96,354.8,0.15,53.22,301.58,198.33,103.25,34.24,Credit Card
TXN-12296,2024-04-29,CUST-1086,Male,50,36-50 (Middle-Aged),Clothing,Casual Breathable Sneakers,1,68.7,68.7,0.05,3.44,65.26,45.75,19.51,29.9,Debit Card
TXN-10745,2024-04-29,CUST-1055,Female,51,51+ (Seniors),Home & Kitchen,Espresso Coffee Machine,2,159.41,318.82,0.0,0.0,318.82,210.82,108.0,33.87,Credit Card
TXN-10739,2024-04-30,CUST-1448,Female,30,25-35 (Young Adults),Home & Kitchen,Ergonomic Memory Foam Pillow,1,36.33,36.33,0.05,1.82,34.51,25.08,9.43,27.33,UPI / Digital Wallet
TXN-11688,2024-04-30,CUST-1443,Female,36,36-50 (Middle-Aged),Home & Kitchen,Stainless Steel Water Bottle,3,20.63,61.89,0.05,3.09,58.8,41.1,17.7,30.1,Credit Card
TXN-12215,2024-05-01,CUST-1144,Male,41,36-50 (Middle-Aged),Beauty & Personal Care,Daily Hydrating Facial Cleanser,1,17.7,17.7,0.05,0.88,16.82,10.1,6.72,39.95,Credit Card
TXN-12364,2024-05-01,CUST-1410,Male,47,36-50 (Middle-Aged),Home & Kitchen,Air Fryer Digital Oven,1,112.73,112.73,0.05,5.64,107.09,63.94,43.15,40.29,Credit Card
TXN-12363,2024-05-02,CUST-1569,Female,33,25-35 (Young Adults),Beauty & Personal Care,Anti-Aging Retinol Night Serum,3,44.42,133.26,0.1,13.33,119.93,92.71,27.22,22.7,Cash
TXN-11531,2024-05-02,CUST-1353,Female,35,25-35 (Young Adults),Electronics,4K Ultra HD Smart TV,2,638.22,1276.44,0.2,255.29,1021.15,824.29,196.86,19.28,UPI / Digital Wallet
TXN-11776,2024-05-02,CUST-1514,Female,29,25-35 (Young Adults),Clothing,Formal Oxford Shirt,1,41.26,41.26,0.15,6.19,35.07,27.3,7.77,22.16,Credit Card
TXN-12317,2024-05-03,CUST-1583,Male,69,51+ (Seniors),Home & Kitchen,Stainless Steel Water Bottle,1,19.7,19.7,0.2,3.94,15.76,11.73,4.03,25.57,UPI / Digital Wallet
TXN-11091,2024-05-03,CUST-1229,Male,47,36-50 (Middle-Aged),Electronics,4K Ultra HD Smart TV,1,680.71,680.71,0.0,0.0,680.71,394.34,286.37,42.07,Credit Card
TXN-11068,2024-05-03,CUST-1406,Male,23,18-24 (Youth),Electronics,4K Ultra HD Smart TV,1,645.56,645.56,0.05,32.28,613.28,424.1,189.18,30.85,Credit Card
TXN-10187,2024-05-03,CUST-1087,Female,42,36-50 (Middle-Aged),Electronics,Wireless Bluetooth Earbuds,1,77.28,77.28,0.0,0.0,77.28,52.36,24.92,32.25,Credit Card
TXN-11445,2024-05-03,CUST-1225,Male,53,51+ (Seniors),Books & Stationery,Fine Fountain Pen Set,1,37.96,37.96,0.05,1.9,36.06,25.2,10.86,30.12,Credit Card
TXN-10286,2024-05-04,CUST-1425,Female,57,51+ (Seniors),Beauty & Personal Care,Anti-Aging Retinol Night Serum,3,43.09,129.27,0.1,12.93,116.34,74.17,42.17,36.25,Credit Card
TXN-12210,2024-05-04,CUST-1324,Female,23,18-24 (Youth),Clothing,Casual Breathable Sneakers,2,71.86,143.72,0.0,0.0,143.72,88.49,55.23,38.43,Credit Card
TXN-10722,2024-05-04,CUST-1325,Male,21,18-24 (Youth),Clothing,Slim-Fit Denim Jeans,3,46.81,140.43,0.1,14.04,126.39,97.16,29.23,23.13,Credit Card
TXN-10759,2024-05-05,CUST-1502,Female,18,18-24 (Youth),Electronics,Noise-Cancelling Headphones,2,171.17,342.34,0.0,0.0,342.34,238.26,104.08,30.4,Credit Card
TXN-11319,2024-05-05,CUST-1149,Female,42,36-50 (Middle-Aged),Clothing,Formal Oxford Shirt,1,43.52,43.52,0.05,2.18,41.34,25.36,15.98,38.66,Debit Card
TXN-10884,2024-05-05,CUST-1140,Female,41,36-50 (Middle-Aged),Electronics,Noise-Cancelling Headphones,1,172.93,172.93,0.0,0.0,172.93,115.78,57.15,33.05,Credit Card
TXN-10845,2024-05-06,CUST-1216,Female,27,25-35 (Young Adults),Clothing,Winter Hooded Parka,2,131.62,263.24,0.15,39.49,223.75,161.29,62.46,27.92,UPI / Digital Wallet
TXN-11484,2024-05-06,CUST-1557,Other,31,25-35 (Young Adults),Home & Kitchen,Ergonomic Memory Foam Pillow,4,35.71,142.84,0.05,7.14,135.7,87.26,48.44,35.7,Credit Card
TXN-11046,2024-05-06,CUST-1593,Female,42,36-50 (Middle-Aged),Clothing,Formal Oxford Shirt,1,40.71,40.71,0.2,8.14,32.57,25.0,7.57,23.24,Debit Card
TXN-11501,2024-05-07,CUST-1390,Male,25,25-35 (Young Adults),Electronics,Smart Fitness Watch,1,124.22,124.22,0.1,12.42,111.8,70.14,41.66,37.26,Credit Card
TXN-11933,2024-05-07,CUST-1179,Female,72,51+ (Seniors),Books & Stationery,Minimalist Wooden Desk Organizer,1,27.19,27.19,0.15,4.08,23.11,16.05,7.06,30.55,UPI / Digital Wallet
TXN-10272,2024-05-07,CUST-1191,Female,49,36-50 (Middle-Aged),Clothing,Slim-Fit Denim Jeans,1,46.96,46.96,0.0,0.0,46.96,28.17,18.79,40.01,Credit Card
TXN-10179,2024-05-08,CUST-1504,Male,28,25-35 (Young Adults),Clothing,Classic Cotton Crewneck T-Shirt,1,22.97,22.97,0.05,1.15,21.82,15.43,6.39,29.29,UPI / Digital Wallet
TXN-10969,2024-05-08,CUST-1521,Female,45,36-50 (Middle-Aged),Home & Kitchen,Non-Stick Ceramic Cookware Set,3,93.8,281.4,0.15,42.21,239.19,194.05,45.14,18.87,Credit Card
TXN-11215,2024-05-08,CUST-1545,Female,26,25-35 (Young Adults),Electronics,Noise-Cancelling Headphones,1,174.51,174.51,0.0,0.0,174.51,106.04,68.47,39.24,Credit Card
TXN-11650,2024-05-09,CUST-1056,Female,26,25-35 (Young Adults),Electronics,Wireless Bluetooth Earbuds,2,78.29,156.58,0.15,23.49,133.09,104.11,28.98,21.77,Credit Card
TXN-12336,2024-05-09,CUST-1232,Female,38,36-50 (Middle-Aged),Home & Kitchen,Stainless Steel Water Bottle,1,19.81,19.81,0.0,0.0,19.81,12.86,6.95,35.08,Debit Card
TXN-10975,2024-05-09,CUST-1416,Female,59,51+ (Seniors),Electronics,Smart Fitness Watch,3,122.59,367.77,0.0,0.0,367.77,211.8,155.97,42.41,Credit Card
TXN-11509,2024-05-09,CUST-1268,Male,31,25-35 (Young Adults),Home & Kitchen,Espresso Coffee Machine,1,154.96,154.96,0.0,0.0,154.96,90.49,64.47,41.6,Credit Card
TXN-11791,2024-05-10,CUST-1361,Female,59,51+ (Seniors),Electronics,Wireless Bluetooth Earbuds,2,77.12,154.24,0.1,15.42,138.82,95.97,42.85,30.87,UPI / Digital Wallet
TXN-10339,2024-05-10,CUST-1380,Female,26,25-35 (Young Adults),Electronics,Wireless Bluetooth Earbuds,1,73.79,73.79,0.05,3.69,70.1,42.38,27.72,39.54,UPI / Digital Wallet
TXN-11572,2024-05-10,CUST-1514,Female,29,25-35 (Young Adults),Electronics,4K Ultra HD Smart TV,1,659.58,659.58,0.05,32.98,626.6,430.37,196.23,31.32,UPI / Digital Wallet
TXN-11184,2024-05-11,CUST-1362,Female,36,36-50 (Middle-Aged),Clothing,Casual Breathable Sneakers,1,72.66,72.66,0.0,0.0,72.66,50.31,22.35,30.76,Debit Card
TXN-11499,2024-05-11,CUST-1054,Female,52,51+ (Seniors),Clothing,Winter Hooded Parka,2,140.05,280.1,0.1,28.01,252.09,182.97,69.12,27.42,UPI / Digital Wallet
TXN-11448,2024-05-11,CUST-1088,Female,30,25-35 (Young Adults),Electronics,4K Ultra HD Smart TV,1,666.68,666.68,0.15,100.0,566.68,460.48,106.2,18.74,Cash
TXN-11407,2024-05-12,CUST-1372,Male,58,51+ (Seniors),Beauty & Personal Care,Organic Botanical Shampoo,1,24.66,24.66,0.0,0.0,24.66,13.96,10.7,43.39,Cash
TXN-11642,2024-05-12,CUST-1592,Female,44,36-50 (Middle-Aged),Electronics,Portable Bluetooth Speaker,1,56.24,56.24,0.0,0.0,56.24,37.66,18.58,33.04,Credit Card
TXN-11525,2024-05-12,CUST-1434,Female,59,51+ (Seniors),Clothing,Classic Cotton Crewneck T-Shirt,1,21.67,21.67,0.15,3.25,18.42,13.53,4.89,26.55,Debit Card
TXN-11039,2024-05-12,CUST-1596,Male,34,25-35 (Young Adults),Electronics,Portable Bluetooth Speaker,4,56.61,226.44,0.1,22.64,203.8,132.55,71.25,34.96,UPI / Digital Wallet
TXN-11375,2024-05-12,CUST-1218,Female,31,25-35 (Young Adults),Electronics,Smart Fitness Watch,2,121.71,243.42,0.0,0.0,243.42,161.57,81.85,33.63,Credit Card
TXN-12058,2024-05-13,CUST-1485,Male,18,18-24 (Youth),Electronics,Smart Fitness Watch,1,120.28,120.28,0.0,0.0,120.28,70.61,49.67,41.3,Credit Card
TXN-11855,2024-05-13,CUST-1524,Female,27,25-35 (Young Adults),Electronics,Smart Fitness Watch,4,123.31,493.24,0.0,0.0,493.24,310.9,182.34,36.97,Credit Card
TXN-10992,2024-05-15,CUST-1574,Male,49,36-50 (Middle-Aged),Electronics,4K Ultra HD Smart TV,1,670.49,670.49,0.1,67.05,603.44,369.45,233.99,38.78,Credit Card
TXN-12034,2024-05-15,CUST-1446,Female,43,36-50 (Middle-Aged),Electronics,Noise-Cancelling Headphones,1,179.51,179.51,0.0,0.0,179.51,118.75,60.76,33.85,UPI / Digital Wallet
TXN-10406,2024-05-15,CUST-1057,Female,33,25-35 (Young Adults),Electronics,Noise-Cancelling Headphones,1,174.97,174.97,0.2,34.99,139.98,101.74,38.24,27.32,Credit Card
TXN-11664,2024-05-15,CUST-1111,Female,37,36-50 (Middle-Aged),Clothing,Winter Hooded Parka,2,132.8,265.6,0.05,13.28,252.32,160.71,91.61,36.31,UPI / Digital Wallet
TXN-10756,2024-05-16,CUST-1165,Male,43,36-50 (Middle-Aged),Clothing,Slim-Fit Denim Jeans,3,46.6,139.8,0.15,20.97,118.83,86.77,32.06,26.98,Credit Card
TXN-10389,2024-05-16,CUST-1476,Female,46,36-50 (Middle-Aged),Electronics,Portable Bluetooth Speaker,1,54.54,54.54,0.05,2.73,51.81,33.87,17.94,34.63,Debit Card
TXN-10781,2024-05-16,CUST-1594,Other,52,51+ (Seniors),Electronics,Smart Fitness Watch,2,121.83,243.66,0.05,12.18,231.48,140.71,90.77,39.21,Debit Card
TXN-12170,2024-05-16,CUST-1057,Female,33,25-35 (Young Adults),Beauty & Personal Care,Daily Hydrating Facial Cleanser,1,18.13,18.13,0.2,3.63,14.5,10.88,3.62,24.97,Credit Card
TXN-12278,2024-05-16,CUST-1545,Female,26,25-35 (Young Adults),Home & Kitchen,Non-Stick Ceramic Cookware Set,3,92.18,276.54,0.1,27.65,248.89,178.03,70.86,28.47,UPI / Digital Wallet
TXN-11908,2024-05-16,CUST-1153,Female,41,36-50 (Middle-Aged),Books & Stationery,Data Science & ML Handbook,1,48.74,48.74,0.0,0.0,48.74,30.58,18.16,37.26,Credit Card
TXN-10367,2024-05-17,CUST-1354,Male,37,36-50 (Middle-Aged),Electronics,Wireless Bluetooth Earbuds,2,75.94,151.88,0.05,7.59,144.29,95.41,48.88,33.88,UPI / Digital Wallet
TXN-11018,2024-05-17,CUST-1146,Male,20,18-24 (Youth),Books & Stationery,Fine Fountain Pen Set,1,38.52,38.52,0.2,7.7,30.82,22.77,8.05,26.12,Credit Card
TXN-10474,2024-05-17,CUST-1118,Male,53,51+ (Seniors),Electronics,Noise-Cancelling Headphones,2,181.73,363.46,0.0,0.0,363.46,245.79,117.67,32.37,Credit Card
TXN-11146,2024-05-17,CUST-1009,Male,45,36-50 (Middle-Aged),Home & Kitchen,Non-Stick Ceramic Cookware Set,2,95.52,191.04,0.2,38.21,152.83,123.47,29.36,19.21,Credit Card
TXN-12151,2024-05-18,CUST-1025,Female,39,36-50 (Middle-Aged),Beauty & Personal Care,Daily Hydrating Facial Cleanser,5,17.14,85.7,0.1,8.57,77.13,53.82,23.31,30.22,Credit Card
TXN-10988,2024-05-18,CUST-1141,Male,56,51+ (Seniors),Electronics,Wireless Bluetooth Earbuds,3,73.45,220.35,0.1,22.04,198.31,121.92,76.39,38.52,Debit Card
TXN-10464,2024-05-18,CUST-1117,Female,21,18-24 (Youth),Electronics,Noise-Cancelling Headphones,2,187.96,375.92,0.0,0.0,375.92,236.88,139.04,36.99,UPI / Digital Wallet
TXN-12047,2024-05-19,CUST-1341,Male,41,36-50 (Middle-Aged),Electronics,Noise-Cancelling Headphones,3,172.15,516.45,0.05,25.82,490.63,329.61,161.02,32.82,Credit Card
TXN-11988,2024-05-19,CUST-1421,Male,62,51+ (Seniors),Books & Stationery,Fine Fountain Pen Set,1,38.25,38.25,0.0,0.0,38.25,25.49,12.76,33.36,Credit Card
TXN-12169,2024-05-19,CUST-1079,Female,18,18-24 (Youth),Books & Stationery,Artisan Sketching Pencil Kit,2,18.56,37.12,0.0,0.0,37.12,24.52,12.6,33.94,UPI / Digital Wallet
TXN-11103,2024-05-20,CUST-1280,Male,39,36-50 (Middle-Aged),Electronics,Portable Bluetooth Speaker,2,56.13,112.26,0.15,16.84,95.42,73.54,21.88,22.93,Credit Card
TXN-10502,2024-05-20,CUST-1081,Female,42,36-50 (Middle-Aged),Beauty & Personal Care,Organic Botanical Shampoo,1,24.41,24.41,0.2,4.88,19.53,14.52,5.01,25.65,Credit Card
TXN-11947,2024-05-21,CUST-1141,Male,56,51+ (Seniors),Clothing,Casual Breathable Sneakers,1,68.35,68.35,0.05,3.42,64.93,37.96,26.97,41.54,Debit Card
TXN-11977,2024-05-21,CUST-1065,Male,56,51+ (Seniors),Beauty & Personal Care,Ionic Ceramic Hair Dryer,3,57.44,172.32,0.05,8.62,163.7,100.53,63.17,38.59,Credit Card
TXN-11874,2024-05-21,CUST-1353,Female,35,25-35 (Young Adults),Beauty & Personal Care,Daily Hydrating Facial Cleanser,1,18.31,18.31,0.05,0.92,17.39,10.37,7.02,40.37,Debit Card
TXN-12330,2024-05-21,CUST-1586,Male,31,25-35 (Young Adults),Electronics,Noise-Cancelling Headphones,1,171.18,171.18,0.1,17.12,154.06,114.41,39.65,25.74,UPI / Digital Wallet
TXN-10543,2024-05-22,CUST-1015,Male,30,25-35 (Young Adults),Electronics,Smart Fitness Watch,1,117.56,117.56,0.2,23.51,94.05,80.84,13.21,14.05,UPI / Digital Wallet
TXN-11775,2024-05-22,CUST-1353,Female,35,25-35 (Young Adults),Electronics,Wireless Bluetooth Earbuds,1,72.03,72.03,0.05,3.6,68.43,41.3,27.13,39.65,UPI / Digital Wallet
TXN-10876,2024-05-22,CUST-1557,Other,31,25-35 (Young Adults),Home & Kitchen,Stainless Steel Water Bottle,2,19.84,39.68,0.1,3.97,35.71,23.91,11.8,33.04,UPI / Digital Wallet
TXN-11969,2024-05-22,CUST-1106,Female,64,51+ (Seniors),Clothing,Casual Breathable Sneakers,1,69.19,69.19,0.05,3.46,65.73,40.23,25.5,38.8,UPI / Digital Wallet
TXN-10326,2024-05-22,CUST-1071,Other,59,51+ (Seniors),Electronics,Smart Fitness Watch,1,115.66,115.66,0.15,17.35,98.31,80.56,17.75,18.06,Credit Card
TXN-10374,2024-05-23,CUST-1297,Female,42,36-50 (Middle-Aged),Beauty & Personal Care,Shea Butter Moisturizing Cream,1,16.28,16.28,0.1,1.63,14.65,10.81,3.84,26.21,Credit Card
TXN-11816,2024-05-23,CUST-1394,Male,54,51+ (Seniors),Clothing,Classic Cotton Crewneck T-Shirt,1,23.05,23.05,0.05,1.15,21.9,15.71,6.19,28.26,Credit Card
TXN-11601,2024-05-24,CUST-1401,Female,29,25-35 (Young Adults),Home & Kitchen,Ergonomic Memory Foam Pillow,2,33.72,67.44,0.0,0.0,67.44,39.38,28.06,41.61,Debit Card
TXN-10277,2024-05-24,CUST-1072,Female,37,36-50 (Middle-Aged),Beauty & Personal Care,Daily Hydrating Facial Cleanser,1,17.42,17.42,0.0,0.0,17.42,12.04,5.38,30.88,UPI / Digital Wallet
TXN-12050,2024-05-24,CUST-1501,Other,64,51+ (Seniors),Electronics,Wireless Bluetooth Earbuds,2,76.08,152.16,0.05,7.61,144.55,91.78,52.77,36.51,UPI / Digital Wallet
TXN-11808,2024-05-25,CUST-1552,Male,54,51+ (Seniors),Electronics,Smart Fitness Watch,1,122.07,122.07,0.15,18.31,103.76,83.73,20.03,19.3,UPI / Digital Wallet
TXN-11154,2024-05-26,CUST-1210,Male,45,36-50 (Middle-Aged),Home & Kitchen,Stainless Steel Water Bottle,1,20.55,20.55,0.05,1.03,19.52,12.42,7.1,36.37,UPI / Digital Wallet
TXN-11374,2024-05-26,CUST-1249,Female,43,36-50 (Middle-Aged),Home & Kitchen,Air Fryer Digital Oven,3,114.67,344.01,0.0,0.0,344.01,211.6,132.41,38.49,Credit Card
TXN-11828,2024-05-26,CUST-1061,Female,35,25-35 (Young Adults),Electronics,Smart Fitness Watch,1,124.39,124.39,0.05,6.22,118.17,85.82,32.35,27.38,UPI / Digital Wallet
TXN-10541,2024-05-27,CUST-1012,Female,41,36-50 (Middle-Aged),Electronics,4K Ultra HD Smart TV,2,622.95,1245.9,0.1,124.59,1121.31,794.56,326.75,29.14,Credit Card
TXN-10930,2024-05-27,CUST-1179,Female,72,51+ (Seniors),Home & Kitchen,Espresso Coffee Machine,1,164.88,164.88,0.1,16.49,148.39,108.62,39.77,26.8,Credit Card
TXN-11661,2024-05-27,CUST-1129,Male,30,25-35 (Young Adults),Home & Kitchen,Non-Stick Ceramic Cookware Set,3,94.64,283.92,0.0,0.0,283.92,159.76,124.16,43.73,Credit Card
TXN-10512,2024-05-28,CUST-1296,Female,50,36-50 (Middle-Aged),Beauty & Personal Care,Shea Butter Moisturizing Cream,1,16.51,16.51,0.05,0.83,15.68,9.62,6.06,38.65,Credit Card
TXN-10199,2024-05-28,CUST-1585,Female,41,36-50 (Middle-Aged),Home & Kitchen,Non-Stick Ceramic Cookware Set,1,95.98,95.98,0.0,0.0,95.98,66.49,29.49,30.73,Credit Card
TXN-12133,2024-05-28,CUST-1523,Male,45,36-50 (Middle-Aged),Clothing,Casual Breathable Sneakers,2,72.09,144.18,0.05,7.21,136.97,85.45,51.52,37.61,UPI / Digital Wallet
TXN-11571,2024-05-28,CUST-1308,Male,45,36-50 (Middle-Aged),Beauty & Personal Care,Organic Botanical Shampoo,1,24.48,24.48,0.05,1.22,23.26,16.26,7.0,30.09,Credit Card
TXN-10061,2024-05-29,CUST-1018,Female,25,25-35 (Young Adults),Electronics,Smart Fitness Watch,2,121.64,243.28,0.0,0.0,243.28,150.65,92.63,38.08,Credit Card
TXN-10914,2024-05-29,CUST-1192,Male,40,36-50 (Middle-Aged),Electronics,4K Ultra HD Smart TV,2,624.91,1249.82,0.1,124.98,1124.84,822.55,302.29,26.87,UPI / Digital Wallet
TXN-10067,2024-05-29,CUST-1335,Female,35,25-35 (Young Adults),Electronics,Smart Fitness Watch,2,120.73,241.46,0.1,24.15,217.31,161.96,55.35,25.47,Credit Card
TXN-11893,2024-05-29,CUST-1136,Male,27,25-35 (Young Adults),Beauty & Personal Care,Ionic Ceramic Hair Dryer,1,60.31,60.31,0.1,6.03,54.28,34.3,19.98,36.81,Credit Card
TXN-10409,2024-05-29,CUST-1313,Female,49,36-50 (Middle-Aged),Home & Kitchen,Non-Stick Ceramic Cookware Set,3,99.03,297.09,0.05,14.85,282.24,193.32,88.92,31.51,Cash
TXN-11394,2024-05-30,CUST-1064,Female,49,36-50 (Middle-Aged),Clothing,Winter Hooded Parka,1,130.92,130.92,0.15,19.64,111.28,83.13,28.15,25.3,UPI / Digital Wallet
TXN-11693,2024-05-30,CUST-1107,Female,40,36-50 (Middle-Aged),Beauty & Personal Care,Shea Butter Moisturizing Cream,1,16.6,16.6,0.0,0.0,16.6,9.22,7.38,44.46,Debit Card
TXN-11359,2024-05-30,CUST-1268,Male,31,25-35 (Young Adults),Electronics,4K Ultra HD Smart TV,3,659.02,1977.06,0.05,98.85,1878.21,1210.24,667.97,35.56,Cash
TXN-11574,2024-05-31,CUST-1589,Female,26,25-35 (Young Adults),Clothing,Casual Breathable Sneakers,1,72.4,72.4,0.05,3.62,68.78,41.16,27.62,40.16,UPI / Digital Wallet
TXN-11241,2024-06-01,CUST-1319,Female,36,36-50 (Middle-Aged),Clothing,Slim-Fit Denim Jeans,3,48.2,144.6,0.1,14.46,130.14,95.15,34.99,26.89,Credit Card
TXN-10357,2024-06-01,CUST-1431,Female,18,18-24 (Youth),Electronics,Portable Bluetooth Speaker,1,53.55,53.55,0.0,0.0,53.55,35.86,17.69,33.03,UPI / Digital Wallet
TXN-12085,2024-06-01,CUST-1026,Male,21,18-24 (Youth),Home & Kitchen,Stainless Steel Water Bottle,1,20.74,20.74,0.1,2.07,18.67,11.9,6.77,36.26,Credit Card
TXN-11138,2024-06-01,CUST-1482,Female,18,18-24 (Youth),Electronics,Wireless Bluetooth Earbuds,1,76.01,76.01,0.15,11.4,64.61,47.73,16.88,26.13,Debit Card
TXN-11864,2024-06-02,CUST-1193,Female,20,18-24 (Youth),Clothing,Slim-Fit Denim Jeans,1,48.41,48.41,0.1,4.84,43.57,27.68,15.89,36.47,Credit Card
TXN-10250,2024-06-02,CUST-1044,Male,18,18-24 (Youth),Books & Stationery,Data Science & ML Handbook,1,49.14,49.14,0.15,7.37,41.77,34.38,7.39,17.69,Credit Card
TXN-12025,2024-06-02,CUST-1127,Male,30,25-35 (Young Adults),Electronics,4K Ultra HD Smart TV,3,640.88,1922.64,0.0,0.0,1922.64,1259.89,662.75,34.47,Credit Card
TXN-11765,2024-06-02,CUST-1198,Female,38,36-50 (Middle-Aged),Clothing,Classic Cotton Crewneck T-Shirt,3,20.94,62.82,0.05,3.14,59.68,42.95,16.73,28.03,Debit Card
TXN-11118,2024-06-02,CUST-1257,Female,28,25-35 (Young Adults),Books & Stationery,Minimalist Wooden Desk Organizer,1,29.0,29.0,0.0,0.0,29.0,17.01,11.99,41.34,Credit Card
TXN-11158,2024-06-02,CUST-1241,Male,36,36-50 (Middle-Aged),Electronics,Wireless Bluetooth Earbuds,3,76.46,229.38,0.1,22.94,206.44,133.81,72.63,35.18,Credit Card
TXN-11222,2024-06-02,CUST-1196,Male,25,25-35 (Young Adults),Beauty & Personal Care,Daily Hydrating Facial Cleanser,1,17.57,17.57,0.1,1.76,15.81,10.81,5.0,31.63,Debit Card
TXN-10607,2024-06-03,CUST-1343,Female,30,25-35 (Young Adults),Clothing,Winter Hooded Parka,2,140.97,281.94,0.0,0.0,281.94,183.37,98.57,34.96,Credit Card
TXN-10517,2024-06-03,CUST-1097,Female,41,36-50 (Middle-Aged),Beauty & Personal Care,Shea Butter Moisturizing Cream,4,16.76,67.04,0.0,0.0,67.04,39.88,27.16,40.51,Credit Card
TXN-10885,2024-06-03,CUST-1545,Female,26,25-35 (Young Adults),Beauty & Personal Care,Organic Botanical Shampoo,3,23.74,71.22,0.2,14.24,56.98,42.41,14.57,25.57,UPI / Digital Wallet
TXN-10131,2024-06-03,CUST-1283,Male,20,18-24 (Youth),Beauty & Personal Care,Shea Butter Moisturizing Cream,1,16.07,16.07,0.2,3.21,12.86,11.03,1.83,14.23,UPI / Digital Wallet
TXN-10958,2024-06-03,CUST-1158,Female,21,18-24 (Youth),Electronics,Wireless Bluetooth Earbuds,2,73.8,147.6,0.15,22.14,125.46,92.17,33.29,26.53,UPI / Digital Wallet
TXN-10831,2024-06-04,CUST-1023,Male,18,18-24 (Youth),Books & Stationery,Artisan Sketching Pencil Kit,1,18.12,18.12,0.1,1.81,16.31,10.02,6.29,38.57,Cash
TXN-11228,2024-06-04,CUST-1470,Female,34,25-35 (Young Adults),Books & Stationery,Minimalist Wooden Desk Organizer,2,27.43,54.86,0.05,2.74,52.12,35.72,16.4,31.47,Credit Card
TXN-10398,2024-06-04,CUST-1430,Male,21,18-24 (Youth),Clothing,Winter Hooded Parka,1,129.9,129.9,0.15,19.48,110.42,72.78,37.64,34.09,Cash
TXN-12339,2024-06-05,CUST-1171,Male,26,25-35 (Young Adults),Electronics,Portable Bluetooth Speaker,1,53.42,53.42,0.0,0.0,53.42,35.28,18.14,33.96,Credit Card
TXN-11418,2024-06-05,CUST-1456,Female,36,36-50 (Middle-Aged),Home & Kitchen,Espresso Coffee Machine,1,165.3,165.3,0.05,8.26,157.04,92.98,64.06,40.79,UPI / Digital Wallet
TXN-11180,2024-06-05,CUST-1079,Female,18,18-24 (Youth),Beauty & Personal Care,Ionic Ceramic Hair Dryer,1,55.44,55.44,0.2,11.09,44.35,34.09,10.26,23.13,UPI / Digital Wallet
TXN-12319,2024-06-06,CUST-1523,Male,45,36-50 (Middle-Aged),Electronics,Noise-Cancelling Headphones,2,186.52,373.04,0.0,0.0,373.04,259.66,113.38,30.39,UPI / Digital Wallet
TXN-12328,2024-06-06,CUST-1481,Female,24,18-24 (Youth),Home & Kitchen,Espresso Coffee Machine,2,158.31,316.62,0.0,0.0,316.62,207.98,108.64,34.31,Cash
TXN-10549,2024-06-06,CUST-1399,Male,55,51+ (Seniors),Electronics,Portable Bluetooth Speaker,1,54.71,54.71,0.1,5.47,49.24,37.29,11.95,24.27,Credit Card
TXN-12191,2024-06-06,CUST-1381,Male,29,25-35 (Young Adults),Home & Kitchen,Ergonomic Memory Foam Pillow,1,35.31,35.31,0.05,1.77,33.54,19.83,13.71,40.88,Credit Card
TXN-10550,2024-06-07,CUST-1020,Male,58,51+ (Seniors),Books & Stationery,Minimalist Wooden Desk Organizer,1,27.38,27.38,0.05,1.37,26.01,16.19,9.82,37.75,UPI / Digital Wallet
TXN-11755,2024-06-07,CUST-1458,Male,30,25-35 (Young Adults),Home & Kitchen,Air Fryer Digital Oven,2,111.52,223.04,0.0,0.0,223.04,150.94,72.1,32.33,Debit Card
TXN-11062,2024-06-07,CUST-1086,Male,50,36-50 (Middle-Aged),Clothing,Slim-Fit Denim Jeans,1,47.17,47.17,0.0,0.0,47.17,26.97,20.2,42.82,Debit Card
TXN-11446,2024-06-08,CUST-1003,Male,59,51+ (Seniors),Beauty & Personal Care,Ionic Ceramic Hair Dryer,3,59.76,179.28,0.2,35.86,143.42,109.51,33.91,23.64,Debit Card
TXN-12408,2024-06-08,CUST-1365,Female,32,25-35 (Young Adults),Home & Kitchen,Ergonomic Memory Foam Pillow,1,33.53,33.53,0.05,1.68,31.85,23.09,8.76,27.5,Credit Card
TXN-11115,2024-06-08,CUST-1187,Female,36,36-50 (Middle-Aged),Electronics,Noise-Cancelling Headphones,1,182.16,182.16,0.0,0.0,182.16,102.41,79.75,43.78,Debit Card
TXN-11646,2024-06-08,CUST-1143,Female,40,36-50 (Middle-Aged),Books & Stationery,Fine Fountain Pen Set,3,38.42,115.26,0.1,11.53,103.73,73.13,30.6,29.5,Credit Card
TXN-11216,2024-06-08,CUST-1275,Male,44,36-50 (Middle-Aged),Home & Kitchen,Ergonomic Memory Foam Pillow,3,35.58,106.74,0.15,16.01,90.73,67.98,22.75,25.07,Debit Card
TXN-10495,2024-06-08,CUST-1207,Female,45,36-50 (Middle-Aged),Clothing,Formal Oxford Shirt,2,43.55,87.1,0.05,4.35,82.75,55.39,27.36,33.06,Credit Card
TXN-11578,2024-06-08,CUST-1439,Female,37,36-50 (Middle-Aged),Electronics,4K Ultra HD Smart TV,1,675.72,675.72,0.0,0.0,675.72,411.8,263.92,39.06,Debit Card
TXN-11370,2024-06-09,CUST-1348,Male,27,25-35 (Young Adults),Clothing,Slim-Fit Denim Jeans,1,48.39,48.39,0.0,0.0,48.39,30.55,17.84,36.87,Cash
TXN-11310,2024-06-09,CUST-1386,Female,42,36-50 (Middle-Aged),Books & Stationery,Data Science & ML Handbook,1,46.72,46.72,0.05,2.34,44.38,26.32,18.06,40.69,Debit Card
TXN-11193,2024-06-09,CUST-1155,Male,27,25-35 (Young Adults),Clothing,Classic Cotton Crewneck T-Shirt,2,22.87,45.74,0.1,4.57,41.17,29.71,11.46,27.84,Credit Card
TXN-11480,2024-06-10,CUST-1125,Female,68,51+ (Seniors),Home & Kitchen,Non-Stick Ceramic Cookware Set,1,98.24,98.24,0.15,14.74,83.5,60.66,22.84,27.35,Debit Card
TXN-10320,2024-06-10,CUST-1523,Male,45,36-50 (Middle-Aged),Home & Kitchen,Ergonomic Memory Foam Pillow,1,35.22,35.22,0.0,0.0,35.22,19.85,15.37,43.64,Debit Card
TXN-12473,2024-06-11,CUST-1319,Female,36,36-50 (Middle-Aged),Electronics,4K Ultra HD Smart TV,2,660.79,1321.58,0.0,0.0,1321.58,787.29,534.29,40.43,Debit Card
TXN-10403,2024-06-11,CUST-1491,Female,58,51+ (Seniors),Clothing,Classic Cotton Crewneck T-Shirt,2,22.03,44.06,0.2,8.81,35.25,30.24,5.01,14.21,UPI / Digital Wallet
TXN-11301,2024-06-11,CUST-1349,Male,35,25-35 (Young Adults),Home & Kitchen,Stainless Steel Water Bottle,1,19.5,19.5,0.05,0.98,18.52,11.82,6.7,36.18,Credit Card
TXN-10718,2024-06-11,CUST-1502,Female,18,18-24 (Youth),Books & Stationery,Fine Fountain Pen Set,3,38.42,115.26,0.0,0.0,115.26,67.53,47.73,41.41,UPI / Digital Wallet
TXN-11116,2024-06-11,CUST-1513,Female,25,25-35 (Young Adults),Home & Kitchen,Non-Stick Ceramic Cookware Set,1,90.35,90.35,0.05,4.52,85.83,51.14,34.69,40.42,Cash
TXN-10162,2024-06-12,CUST-1570,Female,38,36-50 (Middle-Aged),Home & Kitchen,Non-Stick Ceramic Cookware Set,3,98.76,296.28,0.0,0.0,296.28,175.23,121.05,40.86,Cash
TXN-11986,2024-06-12,CUST-1397,Female,56,51+ (Seniors),Beauty & Personal Care,Daily Hydrating Facial Cleanser,1,17.38,17.38,0.05,0.87,16.51,11.22,5.29,32.04,Credit Card
TXN-11110,2024-06-13,CUST-1207,Female,45,36-50 (Middle-Aged),Books & Stationery,Minimalist Wooden Desk Organizer,2,28.68,57.36,0.0,0.0,57.36,38.72,18.64,32.5,Credit Card
TXN-10299,2024-06-13,CUST-1112,Female,38,36-50 (Middle-Aged),Clothing,Slim-Fit Denim Jeans,2,46.47,92.94,0.0,0.0,92.94,55.4,37.54,40.39,Debit Card
TXN-10058,2024-06-13,CUST-1148,Female,45,36-50 (Middle-Aged),Beauty & Personal Care,Shea Butter Moisturizing Cream,2,16.77,33.54,0.05,1.68,31.86,19.36,12.5,39.23,Credit Card
TXN-10995,2024-06-13,CUST-1082,Male,58,51+ (Seniors),Home & Kitchen,Non-Stick Ceramic Cookware Set,1,92.74,92.74,0.05,4.64,88.1,61.84,26.26,29.81,UPI / Digital Wallet
TXN-12125,2024-06-13,CUST-1522,Male,28,25-35 (Young Adults),Home & Kitchen,Stainless Steel Water Bottle,2,20.71,41.42,0.0,0.0,41.42,25.52,15.9,38.39,UPI / Digital Wallet
TXN-12231,2024-06-13,CUST-1547,Female,35,25-35 (Young Adults),Electronics,4K Ultra HD Smart TV,1,623.42,623.42,0.05,31.17,592.25,429.09,163.16,27.55,UPI / Digital Wallet
TXN-12053,2024-06-13,CUST-1243,Female,50,36-50 (Middle-Aged),Books & Stationery,Data Science & ML Handbook,1,48.86,48.86,0.05,2.44,46.42,33.78,12.64,27.23,Debit Card
TXN-11928,2024-06-14,CUST-1161,Male,49,36-50 (Middle-Aged),Electronics,Portable Bluetooth Speaker,1,55.77,55.77,0.1,5.58,50.19,33.98,16.21,32.3,Debit Card
TXN-11502,2024-06-14,CUST-1061,Female,35,25-35 (Young Adults),Clothing,Slim-Fit Denim Jeans,3,47.64,142.92,0.05,7.15,135.77,90.05,45.72,33.67,Cash
TXN-10315,2024-06-14,CUST-1409,Male,45,36-50 (Middle-Aged),Clothing,Classic Cotton Crewneck T-Shirt,3,22.38,67.14,0.0,0.0,67.14,43.74,23.4,34.85,Debit Card
TXN-11794,2024-06-14,CUST-1195,Male,43,36-50 (Middle-Aged),Electronics,4K Ultra HD Smart TV,3,662.48,1987.44,0.05,99.37,1888.07,1162.44,725.63,38.43,Debit Card
TXN-10027,2024-06-14,CUST-1579,Male,54,51+ (Seniors),Home & Kitchen,Non-Stick Ceramic Cookware Set,2,98.85,197.7,0.0,0.0,197.7,127.87,69.83,35.32,Debit Card
TXN-11533,2024-06-14,CUST-1366,Male,41,36-50 (Middle-Aged),Books & Stationery,Data Science & ML Handbook,1,46.47,46.47,0.05,2.32,44.15,31.55,12.6,28.54,Credit Card
TXN-11675,2024-06-15,CUST-1207,Female,45,36-50 (Middle-Aged),Books & Stationery,Data Science & ML Handbook,1,47.53,47.53,0.1,4.75,42.78,26.65,16.13,37.7,Cash
TXN-10090,2024-06-16,CUST-1268,Male,31,25-35 (Young Adults),Clothing,Casual Breathable Sneakers,1,72.67,72.67,0.0,0.0,72.67,40.11,32.56,44.81,Debit Card
TXN-12038,2024-06-16,CUST-1447,Male,24,18-24 (Youth),Electronics,Wireless Bluetooth Earbuds,1,74.44,74.44,0.0,0.0,74.44,43.82,30.62,41.13,Cash
TXN-10129,2024-06-16,CUST-1299,Female,46,36-50 (Middle-Aged),Beauty & Personal Care,Organic Botanical Shampoo,2,23.63,47.26,0.0,0.0,47.26,29.14,18.12,38.34,Debit Card
TXN-11597,2024-06-16,CUST-1306,Female,55,51+ (Seniors),Beauty & Personal Care,Organic Botanical Shampoo,1,23.21,23.21,0.05,1.16,22.05,15.78,6.27,28.44,Credit Card
TXN-11183,2024-06-16,CUST-1111,Female,37,36-50 (Middle-Aged),Electronics,4K Ultra HD Smart TV,1,653.06,653.06,0.05,32.65,620.41,385.7,234.71,37.83,Cash
TXN-12020,2024-06-16,CUST-1573,Female,34,25-35 (Young Adults),Home & Kitchen,Ergonomic Memory Foam Pillow,2,35.91,71.82,0.2,14.36,57.46,41.57,15.89,27.65,Cash
TXN-11756,2024-06-16,CUST-1243,Female,50,36-50 (Middle-Aged),Clothing,Casual Breathable Sneakers,1,69.37,69.37,0.1,6.94,62.43,38.26,24.17,38.72,Credit Card
TXN-11815,2024-06-17,CUST-1016,Female,23,18-24 (Youth),Home & Kitchen,Espresso Coffee Machine,2,161.35,322.7,0.1,32.27,290.43,218.49,71.94,24.77,Credit Card
TXN-10509,2024-06-17,CUST-1108,Male,41,36-50 (Middle-Aged),Electronics,Portable Bluetooth Speaker,1,55.25,55.25,0.0,0.0,55.25,31.75,23.5,42.53,Credit Card
TXN-12216,2024-06-17,CUST-1094,Female,32,25-35 (Young Adults),Electronics,4K Ultra HD Smart TV,2,681.52,1363.04,0.05,68.15,1294.89,827.82,467.07,36.07,UPI / Digital Wallet
TXN-10510,2024-06-17,CUST-1065,Male,56,51+ (Seniors),Home & Kitchen,Ergonomic Memory Foam Pillow,1,35.45,35.45,0.0,0.0,35.45,21.92,13.53,38.17,UPI / Digital Wallet
TXN-11780,2024-06-18,CUST-1374,Male,68,51+ (Seniors),Home & Kitchen,Espresso Coffee Machine,1,158.64,158.64,0.1,15.86,142.78,92.28,50.5,35.37,Credit Card
TXN-10404,2024-06-18,CUST-1390,Male,25,25-35 (Young Adults),Electronics,Smart Fitness Watch,1,117.47,117.47,0.05,5.87,111.6,74.2,37.4,33.51,Credit Card
TXN-10140,2024-06-18,CUST-1264,Male,34,25-35 (Young Adults),Home & Kitchen,Ergonomic Memory Foam Pillow,1,34.67,34.67,0.0,0.0,34.67,19.65,15.02,43.32,UPI / Digital Wallet
TXN-11567,2024-06-18,CUST-1441,Male,37,36-50 (Middle-Aged),Home & Kitchen,Air Fryer Digital Oven,2,106.58,213.16,0.1,21.32,191.84,135.36,56.48,29.44,Credit Card
TXN-10666,2024-06-18,CUST-1579,Male,54,51+ (Seniors),Books & Stationery,Artisan Sketching Pencil Kit,1,19.01,19.01,0.05,0.95,18.06,12.27,5.79,32.06,Debit Card
TXN-10871,2024-06-19,CUST-1069,Female,28,25-35 (Young Adults),Electronics,Noise-Cancelling Headphones,1,178.5,178.5,0.05,8.93,169.57,120.72,48.85,28.81,Debit Card
TXN-11450,2024-06-20,CUST-1367,Male,38,36-50 (Middle-Aged),Books & Stationery,Minimalist Wooden Desk Organizer,1,28.83,28.83,0.05,1.44,27.39,17.03,10.36,37.82,Credit Card
TXN-10366,2024-06-20,CUST-1057,Female,33,25-35 (Young Adults),Electronics,Wireless Bluetooth Earbuds,2,73.39,146.78,0.0,0.0,146.78,93.61,53.17,36.22,Cash
TXN-10224,2024-06-20,CUST-1250,Male,20,18-24 (Youth),Clothing,Formal Oxford Shirt,2,42.54,85.08,0.0,0.0,85.08,46.92,38.16,44.85,UPI / Digital Wallet
TXN-10039,2024-06-20,CUST-1078,Female,39,36-50 (Middle-Aged),Books & Stationery,Minimalist Wooden Desk Organizer,1,28.77,28.77,0.05,1.44,27.33,19.86,7.47,27.33,UPI / Digital Wallet
TXN-10010,2024-06-21,CUST-1302,Female,48,36-50 (Middle-Aged),Home & Kitchen,Ergonomic Memory Foam Pillow,2,33.65,67.3,0.15,10.09,57.21,43.08,14.13,24.7,Cash
TXN-10676,2024-06-21,CUST-1209,Female,72,51+ (Seniors),Home & Kitchen,Espresso Coffee Machine,1,163.38,163.38,0.15,24.51,138.87,101.09,37.78,27.21,Credit Card
TXN-12439,2024-06-21,CUST-1569,Female,33,25-35 (Young Adults),Electronics,Portable Bluetooth Speaker,1,54.4,54.4,0.05,2.72,51.68,34.19,17.49,33.84,Debit Card
TXN-10696,2024-06-22,CUST-1213,Male,47,36-50 (Middle-Aged),Electronics,Noise-Cancelling Headphones,1,175.25,175.25,0.05,8.76,166.49,110.94,55.55,33.37,Credit Card
TXN-10107,2024-06-23,CUST-1405,Female,46,36-50 (Middle-Aged),Beauty & Personal Care,Ionic Ceramic Hair Dryer,4,58.88,235.52,0.1,23.55,211.97,155.81,56.16,26.49,Debit Card
TXN-10998,2024-06-23,CUST-1360,Male,45,36-50 (Middle-Aged),Electronics,Smart Fitness Watch,1,118.97,118.97,0.05,5.95,113.02,82.03,30.99,27.42,Credit Card
TXN-11838,2024-06-23,CUST-1484,Female,27,25-35 (Young Adults),Books & Stationery,Data Science & ML Handbook,1,50.19,50.19,0.0,0.0,50.19,31.61,18.58,37.02,UPI / Digital Wallet
TXN-10913,2024-06-23,CUST-1061,Female,35,25-35 (Young Adults),Electronics,Portable Bluetooth Speaker,1,55.56,55.56,0.05,2.78,52.78,38.35,14.43,27.34,Credit Card
TXN-12188,2024-06-24,CUST-1476,Female,46,36-50 (Middle-Aged),Clothing,Casual Breathable Sneakers,4,73.11,292.44,0.0,0.0,292.44,187.8,104.64,35.78,Credit Card
TXN-11981,2024-06-24,CUST-1357,Female,33,25-35 (Young Adults),Clothing,Casual Breathable Sneakers,1,68.06,68.06,0.1,6.81,61.25,46.49,14.76,24.1,Credit Card
TXN-11618,2024-06-24,CUST-1415,Male,27,25-35 (Young Adults),Beauty & Personal Care,Ionic Ceramic Hair Dryer,2,58.15,116.3,0.05,5.82,110.48,81.38,29.1,26.34,Cash
TXN-12325,2024-06-24,CUST-1001,Male,36,36-50 (Middle-Aged),Clothing,Classic Cotton Crewneck T-Shirt,1,22.74,22.74,0.0,0.0,22.74,13.71,9.03,39.71,Debit Card
TXN-11682,2024-06-25,CUST-1023,Male,18,18-24 (Youth),Clothing,Winter Hooded Parka,2,140.63,281.26,0.0,0.0,281.26,196.75,84.51,30.05,Credit Card
TXN-10986,2024-06-25,CUST-1595,Female,30,25-35 (Young Adults),Home & Kitchen,Air Fryer Digital Oven,1,114.77,114.77,0.0,0.0,114.77,67.2,47.57,41.45,UPI / Digital Wallet
TXN-10126,2024-06-25,CUST-1484,Female,27,25-35 (Young Adults),Beauty & Personal Care,Shea Butter Moisturizing Cream,1,16.73,16.73,0.15,2.51,14.22,10.71,3.51,24.68,UPI / Digital Wallet
TXN-10379,2024-06-25,CUST-1466,Male,46,36-50 (Middle-Aged),Beauty & Personal Care,Ionic Ceramic Hair Dryer,1,56.54,56.54,0.15,8.48,48.06,38.52,9.54,19.85,Credit Card
TXN-10736,2024-06-25,CUST-1584,Male,40,36-50 (Middle-Aged),Home & Kitchen,Espresso Coffee Machine,2,162.28,324.56,0.15,48.68,275.88,195.17,80.71,29.26,UPI / Digital Wallet
TXN-10923,2024-06-25,CUST-1114,Male,35,25-35 (Young Adults),Beauty & Personal Care,Ionic Ceramic Hair Dryer,1,60.84,60.84,0.0,0.0,60.84,40.51,20.33,33.42,Debit Card
TXN-11856,2024-06-25,CUST-1454,Male,30,25-35 (Young Adults),Clothing,Classic Cotton Crewneck T-Shirt,2,21.46,42.92,0.05,2.15,40.77,29.31,11.46,28.11,Credit Card
TXN-10635,2024-06-25,CUST-1478,Male,72,51+ (Seniors),Electronics,Smart Fitness Watch,1,123.69,123.69,0.0,0.0,123.69,77.96,45.73,36.97,Cash
TXN-11759,2024-06-26,CUST-1126,Female,24,18-24 (Youth),Electronics,4K Ultra HD Smart TV,1,644.18,644.18,0.15,96.63,547.55,378.11,169.44,30.95,Credit Card
TXN-10762,2024-06-26,CUST-1204,Female,18,18-24 (Youth),Beauty & Personal Care,Ionic Ceramic Hair Dryer,1,60.58,60.58,0.05,3.03,57.55,40.82,16.73,29.07,Credit Card
TXN-11284,2024-06-26,CUST-1001,Male,36,36-50 (Middle-Aged),Beauty & Personal Care,Daily Hydrating Facial Cleanser,1,17.36,17.36,0.1,1.74,15.62,10.43,5.19,33.23,Debit Card
TXN-12405,2024-06-26,CUST-1538,Female,52,51+ (Seniors),Clothing,Slim-Fit Denim Jeans,2,47.71,95.42,0.2,19.08,76.34,63.22,13.12,17.19,Debit Card
TXN-11709,2024-06-26,CUST-1065,Male,56,51+ (Seniors),Electronics,Portable Bluetooth Speaker,1,53.32,53.32,0.1,5.33,47.99,31.92,16.07,33.49,UPI / Digital Wallet
TXN-11789,2024-06-27,CUST-1022,Male,38,36-50 (Middle-Aged),Home & Kitchen,Non-Stick Ceramic Cookware Set,1,97.4,97.4,0.15,14.61,82.79,61.63,21.16,25.56,Cash
TXN-11744,2024-06-27,CUST-1208,Male,45,36-50 (Middle-Aged),Electronics,4K Ultra HD Smart TV,1,676.54,676.54,0.1,67.65,608.89,414.26,194.63,31.96,Debit Card
TXN-11519,2024-06-27,CUST-1559,Male,32,25-35 (Young Adults),Electronics,Smart Fitness Watch,1,120.05,120.05,0.2,24.01,96.04,66.6,29.44,30.65,UPI / Digital Wallet
TXN-12154,2024-06-28,CUST-1061,Female,35,25-35 (Young Adults),Clothing,Slim-Fit Denim Jeans,1,48.27,48.27,0.15,7.24,41.03,30.37,10.66,25.98,Credit Card
TXN-11944,2024-06-28,CUST-1391,Female,44,36-50 (Middle-Aged),Books & Stationery,Artisan Sketching Pencil Kit,2,19.82,39.64,0.0,0.0,39.64,25.75,13.89,35.04,Cash
TXN-10801,2024-06-29,CUST-1364,Male,47,36-50 (Middle-Aged),Beauty & Personal Care,Anti-Aging Retinol Night Serum,2,43.51,87.02,0.2,17.4,69.62,57.8,11.82,16.98,Debit Card
TXN-10428,2024-06-30,CUST-1525,Male,18,18-24 (Youth),Electronics,Noise-Cancelling Headphones,1,187.74,187.74,0.0,0.0,187.74,104.74,83.0,44.21,UPI / Digital Wallet
TXN-11411,2024-06-30,CUST-1238,Male,28,25-35 (Young Adults),Beauty & Personal Care,Anti-Aging Retinol Night Serum,1,43.69,43.69,0.0,0.0,43.69,26.0,17.69,40.49,Debit Card
TXN-10699,2024-07-02,CUST-1546,Male,46,36-50 (Middle-Aged),Clothing,Formal Oxford Shirt,2,40.61,81.22,0.2,16.24,64.98,56.19,8.79,13.53,Credit Card
TXN-10210,2024-07-02,CUST-1567,Male,23,18-24 (Youth),Beauty & Personal Care,Daily Hydrating Facial Cleanser,1,18.23,18.23,0.1,1.82,16.41,11.2,5.21,31.75,Debit Card
TXN-11609,2024-07-02,CUST-1581,Female,32,25-35 (Young Adults),Home & Kitchen,Non-Stick Ceramic Cookware Set,1,99.32,99.32,0.05,4.97,94.35,64.76,29.59,31.36,Credit Card
TXN-12499,2024-07-03,CUST-1100,Male,18,18-24 (Youth),Electronics,Portable Bluetooth Speaker,2,52.47,104.94,0.05,5.25,99.69,69.13,30.56,30.66,UPI / Digital Wallet
TXN-12373,2024-07-03,CUST-1196,Male,25,25-35 (Young Adults),Electronics,4K Ultra HD Smart TV,1,621.85,621.85,0.0,0.0,621.85,424.15,197.7,31.79,Credit Card
TXN-12299,2024-07-03,CUST-1123,Female,18,18-24 (Youth),Electronics,4K Ultra HD Smart TV,5,664.08,3320.4,0.0,0.0,3320.4,1844.76,1475.64,44.44,UPI / Digital Wallet
TXN-10588,2024-07-03,CUST-1180,Male,46,36-50 (Middle-Aged),Clothing,Casual Breathable Sneakers,1,66.83,66.83,0.15,10.02,56.81,40.73,16.08,28.3,Credit Card
TXN-12266,2024-07-04,CUST-1305,Female,39,36-50 (Middle-Aged),Electronics,Portable Bluetooth Speaker,2,55.54,111.08,0.2,22.22,88.86,71.82,17.04,19.18,Cash
TXN-12384,2024-07-04,CUST-1420,Other,66,51+ (Seniors),Clothing,Formal Oxford Shirt,1,43.2,43.2,0.05,2.16,41.04,30.08,10.96,26.71,UPI / Digital Wallet
TXN-12008,2024-07-04,CUST-1009,Male,45,36-50 (Middle-Aged),Clothing,Winter Hooded Parka,2,140.55,281.1,0.0,0.0,281.1,194.96,86.14,30.64,Credit Card
TXN-10282,2024-07-05,CUST-1241,Male,36,36-50 (Middle-Aged),Home & Kitchen,Ergonomic Memory Foam Pillow,3,33.29,99.87,0.15,14.98,84.89,56.49,28.4,33.46,Debit Card
TXN-11754,2024-07-06,CUST-1065,Male,56,51+ (Seniors),Books & Stationery,Fine Fountain Pen Set,1,36.56,36.56,0.0,0.0,36.56,22.98,13.58,37.14,UPI / Digital Wallet
TXN-10151,2024-07-06,CUST-1354,Male,37,36-50 (Middle-Aged),Clothing,Classic Cotton Crewneck T-Shirt,2,22.3,44.6,0.0,0.0,44.6,30.28,14.32,32.11,Credit Card
TXN-11734,2024-07-06,CUST-1123,Female,18,18-24 (Youth),Electronics,Wireless Bluetooth Earbuds,1,74.46,74.46,0.1,7.45,67.01,42.42,24.59,36.7,UPI / Digital Wallet
TXN-11326,2024-07-06,CUST-1068,Female,43,36-50 (Middle-Aged),Books & Stationery,Executive Hardcover Notebook,4,15.3,61.2,0.15,9.18,52.02,41.27,10.75,20.67,Debit Card
TXN-11084,2024-07-06,CUST-1166,Male,49,36-50 (Middle-Aged),Beauty & Personal Care,Anti-Aging Retinol Night Serum,1,45.31,45.31,0.2,9.06,36.25,27.86,8.39,23.14,Debit Card
TXN-11773,2024-07-07,CUST-1248,Male,62,51+ (Seniors),Clothing,Casual Breathable Sneakers,1,71.06,71.06,0.2,14.21,56.85,39.67,17.18,30.22,Debit Card
TXN-11290,2024-07-07,CUST-1580,Male,42,36-50 (Middle-Aged),Home & Kitchen,Stainless Steel Water Bottle,2,19.25,38.5,0.0,0.0,38.5,23.44,15.06,39.12,Credit Card
TXN-10534,2024-07-07,CUST-1298,Other,49,36-50 (Middle-Aged),Clothing,Slim-Fit Denim Jeans,1,50.23,50.23,0.0,0.0,50.23,27.68,22.55,44.89,UPI / Digital Wallet
TXN-11451,2024-07-07,CUST-1455,Female,26,25-35 (Young Adults),Books & Stationery,Fine Fountain Pen Set,1,37.29,37.29,0.05,1.86,35.43,21.93,13.5,38.1,Credit Card
TXN-11247,2024-07-08,CUST-1483,Male,40,36-50 (Middle-Aged),Books & Stationery,Data Science & ML Handbook,1,49.48,49.48,0.0,0.0,49.48,29.66,19.82,40.06,Debit Card
TXN-11033,2024-07-08,CUST-1180,Male,46,36-50 (Middle-Aged),Books & Stationery,Data Science & ML Handbook,1,46.57,46.57,0.05,2.33,44.24,26.82,17.42,39.38,Credit Card
TXN-12350,2024-07-08,CUST-1003,Male,59,51+ (Seniors),Clothing,Casual Breathable Sneakers,1,72.27,72.27,0.05,3.61,68.66,49.47,19.19,27.95,UPI / Digital Wallet
TXN-11647,2024-07-09,CUST-1073,Male,59,51+ (Seniors),Clothing,Classic Cotton Crewneck T-Shirt,1,22.84,22.84,0.05,1.14,21.7,14.87,6.83,31.47,Debit Card
TXN-10433,2024-07-09,CUST-1085,Female,30,25-35 (Young Adults),Clothing,Classic Cotton Crewneck T-Shirt,2,21.01,42.02,0.0,0.0,42.02,25.16,16.86,40.12,UPI / Digital Wallet
TXN-12344,2024-07-10,CUST-1200,Male,43,36-50 (Middle-Aged),Electronics,Noise-Cancelling Headphones,1,178.72,178.72,0.2,35.74,142.98,112.32,30.66,21.44,UPI / Digital Wallet
TXN-11912,2024-07-10,CUST-1427,Female,47,36-50 (Middle-Aged),Clothing,Slim-Fit Denim Jeans,1,46.47,46.47,0.1,4.65,41.82,28.57,13.25,31.68,UPI / Digital Wallet
TXN-10265,2024-07-10,CUST-1275,Male,44,36-50 (Middle-Aged),Clothing,Slim-Fit Denim Jeans,1,46.33,46.33,0.05,2.32,44.01,26.13,17.88,40.63,Debit Card
TXN-10125,2024-07-10,CUST-1154,Female,42,36-50 (Middle-Aged),Electronics,Wireless Bluetooth Earbuds,1,74.16,74.16,0.0,0.0,74.16,49.2,24.96,33.66,Debit Card
TXN-12253,2024-07-10,CUST-1420,Other,66,51+ (Seniors),Home & Kitchen,Espresso Coffee Machine,2,160.05,320.1,0.0,0.0,320.1,188.74,131.36,41.04,Credit Card
TXN-11435,2024-07-11,CUST-1185,Male,47,36-50 (Middle-Aged),Home & Kitchen,Air Fryer Digital Oven,1,114.24,114.24,0.1,11.42,102.82,63.73,39.09,38.02,Debit Card
TXN-12237,2024-07-11,CUST-1490,Female,37,36-50 (Middle-Aged),Beauty & Personal Care,Shea Butter Moisturizing Cream,1,16.26,16.26,0.15,2.44,13.82,10.64,3.18,23.01,Cash
TXN-10528,2024-07-11,CUST-1049,Male,18,18-24 (Youth),Clothing,Classic Cotton Crewneck T-Shirt,1,22.19,22.19,0.0,0.0,22.19,13.75,8.44,38.04,Credit Card
TXN-11437,2024-07-12,CUST-1237,Female,40,36-50 (Middle-Aged),Home & Kitchen,Non-Stick Ceramic Cookware Set,4,91.06,364.24,0.0,0.0,364.24,212.71,151.53,41.6,Credit Card
TXN-10648,2024-07-13,CUST-1212,Female,51,51+ (Seniors),Beauty & Personal Care,Organic Botanical Shampoo,1,24.28,24.28,0.05,1.21,23.07,15.72,7.35,31.86,UPI / Digital Wallet
TXN-10997,2024-07-13,CUST-1086,Male,50,36-50 (Middle-Aged),Electronics,Smart Fitness Watch,3,115.01,345.03,0.1,34.5,310.53,227.53,83.0,26.73,Credit Card
TXN-11545,2024-07-13,CUST-1278,Other,38,36-50 (Middle-Aged),Home & Kitchen,Non-Stick Ceramic Cookware Set,2,98.24,196.48,0.1,19.65,176.83,123.86,52.97,29.96,UPI / Digital Wallet
TXN-10749,2024-07-13,CUST-1516,Male,45,36-50 (Middle-Aged),Clothing,Classic Cotton Crewneck T-Shirt,3,21.65,64.95,0.15,9.74,55.21,40.77,14.44,26.15,Debit Card
TXN-11510,2024-07-13,CUST-1017,Male,42,36-50 (Middle-Aged),Clothing,Winter Hooded Parka,4,137.57,550.28,0.1,55.03,495.25,305.69,189.56,38.28,Credit Card
TXN-10186,2024-07-13,CUST-1435,Female,39,36-50 (Middle-Aged),Home & Kitchen,Espresso Coffee Machine,1,164.14,164.14,0.05,8.21,155.93,102.81,53.12,34.07,Credit Card
TXN-11432,2024-07-13,CUST-1164,Female,51,51+ (Seniors),Electronics,Portable Bluetooth Speaker,1,55.5,55.5,0.05,2.78,52.72,36.55,16.17,30.67,Credit Card
TXN-11570,2024-07-14,CUST-1163,Male,26,25-35 (Young Adults),Electronics,Noise-Cancelling Headphones,2,180.14,360.28,0.1,36.03,324.25,241.59,82.66,25.49,Debit Card
TXN-12061,2024-07-14,CUST-1122,Female,57,51+ (Seniors),Beauty & Personal Care,Organic Botanical Shampoo,1,24.87,24.87,0.0,0.0,24.87,13.95,10.92,43.91,UPI / Digital Wallet
TXN-12377,2024-07-14,CUST-1315,Male,38,36-50 (Middle-Aged),Electronics,4K Ultra HD Smart TV,2,652.3,1304.6,0.0,0.0,1304.6,856.86,447.74,34.32,UPI / Digital Wallet
TXN-11698,2024-07-14,CUST-1175,Male,49,36-50 (Middle-Aged),Electronics,4K Ultra HD Smart TV,4,633.34,2533.36,0.05,126.67,2406.69,1404.53,1002.16,41.64,Credit Card
TXN-10054,2024-07-14,CUST-1381,Male,29,25-35 (Young Adults),Electronics,4K Ultra HD Smart TV,1,659.35,659.35,0.0,0.0,659.35,458.43,200.92,30.47,UPI / Digital Wallet
TXN-11832,2024-07-14,CUST-1309,Female,35,25-35 (Young Adults),Electronics,Wireless Bluetooth Earbuds,2,77.85,155.7,0.05,7.78,147.92,89.95,57.97,39.19,UPI / Digital Wallet
TXN-12093,2024-07-14,CUST-1059,Female,51,51+ (Seniors),Clothing,Casual Breathable Sneakers,3,72.15,216.45,0.1,21.64,194.81,126.68,68.13,34.97,Cash
TXN-10705,2024-07-15,CUST-1022,Male,38,36-50 (Middle-Aged),Clothing,Formal Oxford Shirt,1,42.36,42.36,0.05,2.12,40.24,25.41,14.83,36.85,Credit Card
TXN-10244,2024-07-15,CUST-1112,Female,38,36-50 (Middle-Aged),Clothing,Slim-Fit Denim Jeans,4,48.02,192.08,0.15,28.81,163.27,116.09,47.18,28.9,UPI / Digital Wallet
TXN-11867,2024-07-15,CUST-1509,Male,26,25-35 (Young Adults),Clothing,Casual Breathable Sneakers,2,71.38,142.76,0.0,0.0,142.76,95.24,47.52,33.29,UPI / Digital Wallet
TXN-11288,2024-07-16,CUST-1426,Female,24,18-24 (Youth),Electronics,Noise-Cancelling Headphones,3,186.68,560.04,0.05,28.0,532.04,358.44,173.6,32.63,Credit Card
TXN-12126,2024-07-16,CUST-1554,Male,42,36-50 (Middle-Aged),Books & Stationery,Fine Fountain Pen Set,1,37.44,37.44,0.0,0.0,37.44,21.64,15.8,42.2,Credit Card
TXN-11722,2024-07-16,CUST-1391,Female,44,36-50 (Middle-Aged),Home & Kitchen,Non-Stick Ceramic Cookware Set,1,92.43,92.43,0.2,18.49,73.94,62.28,11.66,15.77,UPI / Digital Wallet
TXN-12424,2024-07-16,CUST-1361,Female,59,51+ (Seniors),Clothing,Casual Breathable Sneakers,1,66.64,66.64,0.0,0.0,66.64,40.16,26.48,39.74,Credit Card
TXN-11252,2024-07-18,CUST-1044,Male,18,18-24 (Youth),Electronics,Wireless Bluetooth Earbuds,3,72.28,216.84,0.1,21.68,195.16,125.33,69.83,35.78,Credit Card
TXN-12148,2024-07-18,CUST-1286,Male,35,25-35 (Young Adults),Beauty & Personal Care,Organic Botanical Shampoo,1,23.07,23.07,0.15,3.46,19.61,12.97,6.64,33.86,Cash
TXN-10194,2024-07-18,CUST-1330,Female,37,36-50 (Middle-Aged),Electronics,Smart Fitness Watch,1,121.46,121.46,0.1,12.15,109.31,74.17,35.14,32.15,Credit Card
TXN-10382,2024-07-19,CUST-1183,Male,44,36-50 (Middle-Aged),Electronics,Wireless Bluetooth Earbuds,4,77.34,309.36,0.0,0.0,309.36,209.99,99.37,32.12,Credit Card
TXN-10064,2024-07-19,CUST-1011,Female,31,25-35 (Young Adults),Home & Kitchen,Air Fryer Digital Oven,1,115.04,115.04,0.0,0.0,115.04,65.84,49.2,42.77,Credit Card
TXN-10899,2024-07-19,CUST-1461,Female,38,36-50 (Middle-Aged),Books & Stationery,Executive Hardcover Notebook,4,14.79,59.16,0.1,5.92,53.24,35.16,18.08,33.96,Debit Card
TXN-11361,2024-07-20,CUST-1585,Female,41,36-50 (Middle-Aged),Electronics,4K Ultra HD Smart TV,1,638.51,638.51,0.1,63.85,574.66,386.21,188.45,32.79,UPI / Digital Wallet
TXN-10419,2024-07-20,CUST-1354,Male,37,36-50 (Middle-Aged),Books & Stationery,Minimalist Wooden Desk Organizer,2,29.23,58.46,0.1,5.85,52.61,39.21,13.4,25.47,UPI / Digital Wallet
TXN-11190,2024-07-20,CUST-1392,Female,19,18-24 (Youth),Home & Kitchen,Non-Stick Ceramic Cookware Set,1,93.46,93.46,0.0,0.0,93.46,56.11,37.35,39.96,Credit Card
TXN-12400,2024-07-21,CUST-1525,Male,18,18-24 (Youth),Clothing,Formal Oxford Shirt,1,40.39,40.39,0.0,0.0,40.39,25.83,14.56,36.05,UPI / Digital Wallet
TXN-10681,2024-07-21,CUST-1358,Male,42,36-50 (Middle-Aged),Clothing,Slim-Fit Denim Jeans,1,50.08,50.08,0.0,0.0,50.08,30.6,19.48,38.9,Credit Card
TXN-10954,2024-07-22,CUST-1057,Female,33,25-35 (Young Adults),Books & Stationery,Artisan Sketching Pencil Kit,1,18.48,18.48,0.0,0.0,18.48,11.84,6.64,35.93,UPI / Digital Wallet
TXN-10894,2024-07-22,CUST-1594,Other,52,51+ (Seniors),Electronics,Portable Bluetooth Speaker,2,52.75,105.5,0.1,10.55,94.95,67.5,27.45,28.91,Credit Card
TXN-10164,2024-07-22,CUST-1558,Other,43,36-50 (Middle-Aged),Electronics,Noise-Cancelling Headphones,4,183.42,733.68,0.05,36.68,697.0,428.86,268.14,38.47,Credit Card
TXN-12342,2024-07-22,CUST-1082,Male,58,51+ (Seniors),Home & Kitchen,Stainless Steel Water Bottle,2,19.93,39.86,0.0,0.0,39.86,22.86,17.0,42.65,UPI / Digital Wallet
TXN-10999,2024-07-22,CUST-1309,Female,35,25-35 (Young Adults),Home & Kitchen,Ergonomic Memory Foam Pillow,1,34.55,34.55,0.0,0.0,34.55,22.91,11.64,33.69,Debit Card
TXN-11726,2024-07-23,CUST-1391,Female,44,36-50 (Middle-Aged),Electronics,Noise-Cancelling Headphones,2,185.14,370.28,0.05,18.51,351.77,252.94,98.83,28.1,Cash
TXN-12483,2024-07-23,CUST-1411,Female,22,18-24 (Youth),Books & Stationery,Fine Fountain Pen Set,1,36.79,36.79,0.1,3.68,33.11,24.02,9.09,27.45,Credit Card
TXN-10581,2024-07-23,CUST-1092,Male,28,25-35 (Young Adults),Books & Stationery,Minimalist Wooden Desk Organizer,1,26.63,26.63,0.1,2.66,23.97,16.43,7.54,31.46,Debit Card
TXN-12230,2024-07-23,CUST-1003,Male,59,51+ (Seniors),Beauty & Personal Care,Daily Hydrating Facial Cleanser,1,18.21,18.21,0.0,0.0,18.21,10.58,7.63,41.9,UPI / Digital Wallet
TXN-10700,2024-07-23,CUST-1062,Male,22,18-24 (Youth),Home & Kitchen,Air Fryer Digital Oven,1,111.7,111.7,0.0,0.0,111.7,73.69,38.01,34.03,Credit Card
TXN-11771,2024-07-24,CUST-1437,Male,18,18-24 (Youth),Clothing,Winter Hooded Parka,3,140.69,422.07,0.0,0.0,422.07,272.3,149.77,35.48,UPI / Digital Wallet
TXN-12109,2024-07-24,CUST-1195,Male,43,36-50 (Middle-Aged),Clothing,Winter Hooded Parka,4,140.55,562.2,0.2,112.44,449.76,350.69,99.07,22.03,Debit Card
TXN-10185,2024-07-24,CUST-1201,Female,45,36-50 (Middle-Aged),Electronics,Noise-Cancelling Headphones,2,185.05,370.1,0.2,74.02,296.08,205.91,90.17,30.45,Credit Card
TXN-11566,2024-07-24,CUST-1264,Male,34,25-35 (Young Adults),Clothing,Casual Breathable Sneakers,1,71.22,71.22,0.15,10.68,60.54,42.27,18.27,30.18,Credit Card
TXN-10375,2024-07-25,CUST-1486,Female,28,25-35 (Young Adults),Electronics,Portable Bluetooth Speaker,2,53.92,107.84,0.1,10.78,97.06,70.5,26.56,27.36,Cash
TXN-10617,2024-07-26,CUST-1470,Female,34,25-35 (Young Adults),Clothing,Casual Breathable Sneakers,2,68.82,137.64,0.0,0.0,137.64,78.39,59.25,43.05,Credit Card
TXN-10080,2024-07-26,CUST-1572,Other,42,36-50 (Middle-Aged),Beauty & Personal Care,Daily Hydrating Facial Cleanser,2,18.08,36.16,0.05,1.81,34.35,23.21,11.14,32.43,Credit Card
TXN-12049,2024-07-26,CUST-1448,Female,30,25-35 (Young Adults),Electronics,Wireless Bluetooth Earbuds,1,78.36,78.36,0.15,11.75,66.61,46.0,20.61,30.94,Debit Card
TXN-11476,2024-07-26,CUST-1278,Other,38,36-50 (Middle-Aged),Electronics,Wireless Bluetooth Earbuds,1,75.79,75.79,0.05,3.79,72.0,42.57,29.43,40.88,Credit Card
TXN-11622,2024-07-27,CUST-1595,Female,30,25-35 (Young Adults),Beauty & Personal Care,Anti-Aging Retinol Night Serum,1,44.09,44.09,0.1,4.41,39.68,25.8,13.88,34.98,Credit Card
TXN-11651,2024-07-27,CUST-1266,Female,60,51+ (Seniors),Electronics,4K Ultra HD Smart TV,2,640.66,1281.32,0.0,0.0,1281.32,837.46,443.86,34.64,Debit Card
TXN-10305,2024-07-28,CUST-1011,Female,31,25-35 (Young Adults),Clothing,Winter Hooded Parka,1,139.13,139.13,0.0,0.0,139.13,93.58,45.55,32.74,Cash
TXN-10207,2024-07-28,CUST-1365,Female,32,25-35 (Young Adults),Electronics,Noise-Cancelling Headphones,1,172.13,172.13,0.1,17.21,154.92,110.34,44.58,28.78,UPI / Digital Wallet
TXN-10136,2024-07-28,CUST-1322,Male,26,25-35 (Young Adults),Clothing,Formal Oxford Shirt,1,43.98,43.98,0.1,4.4,39.58,29.22,10.36,26.17,Cash
TXN-10662,2024-07-28,CUST-1536,Male,25,25-35 (Young Adults),Beauty & Personal Care,Anti-Aging Retinol Night Serum,1,45.03,45.03,0.2,9.01,36.02,25.3,10.72,29.76,UPI / Digital Wallet
TXN-12279,2024-07-28,CUST-1424,Male,47,36-50 (Middle-Aged),Electronics,4K Ultra HD Smart TV,2,679.7,1359.4,0.05,67.97,1291.43,887.04,404.39,31.31,Credit Card
TXN-11700,2024-07-28,CUST-1028,Female,29,25-35 (Young Adults),Beauty & Personal Care,Anti-Aging Retinol Night Serum,1,46.63,46.63,0.05,2.33,44.3,25.92,18.38,41.49,Credit Card
TXN-10232,2024-07-29,CUST-1489,Female,50,36-50 (Middle-Aged),Home & Kitchen,Non-Stick Ceramic Cookware Set,1,93.17,93.17,0.1,9.32,83.85,56.64,27.21,32.45,Debit Card
TXN-10489,2024-07-29,CUST-1348,Male,27,25-35 (Young Adults),Beauty & Personal Care,Daily Hydrating Facial Cleanser,5,17.71,88.55,0.0,0.0,88.55,52.41,36.14,40.81,Cash
TXN-12251,2024-07-30,CUST-1520,Female,18,18-24 (Youth),Clothing,Formal Oxford Shirt,2,40.98,81.96,0.15,12.29,69.67,46.23,23.44,33.64,Credit Card
TXN-11273,2024-07-30,CUST-1320,Female,39,36-50 (Middle-Aged),Electronics,Noise-Cancelling Headphones,2,182.67,365.34,0.0,0.0,365.34,246.85,118.49,32.43,Cash
TXN-12233,2024-07-31,CUST-1337,Male,33,25-35 (Young Adults),Clothing,Formal Oxford Shirt,2,43.69,87.38,0.1,8.74,78.64,48.57,30.07,38.24,Debit Card
TXN-10650,2024-07-31,CUST-1381,Male,29,25-35 (Young Adults),Clothing,Classic Cotton Crewneck T-Shirt,1,22.2,22.2,0.0,0.0,22.2,12.45,9.75,43.92,Credit Card
TXN-11945,2024-08-01,CUST-1092,Male,28,25-35 (Young Adults),Home & Kitchen,Ergonomic Memory Foam Pillow,1,34.14,34.14,0.2,6.83,27.31,20.29,7.02,25.7,UPI / Digital Wallet
TXN-12345,2024-08-01,CUST-1076,Female,39,36-50 (Middle-Aged),Clothing,Casual Breathable Sneakers,5,72.61,363.05,0.0,0.0,363.05,251.32,111.73,30.78,UPI / Digital Wallet
TXN-11015,2024-08-01,CUST-1345,Male,41,36-50 (Middle-Aged),Home & Kitchen,Espresso Coffee Machine,1,161.91,161.91,0.0,0.0,161.91,107.44,54.47,33.64,Cash
TXN-12110,2024-08-01,CUST-1052,Male,28,25-35 (Young Adults),Beauty & Personal Care,Daily Hydrating Facial Cleanser,3,18.51,55.53,0.0,0.0,55.53,34.42,21.11,38.02,Debit Card
TXN-11520,2024-08-02,CUST-1188,Female,26,25-35 (Young Adults),Electronics,4K Ultra HD Smart TV,2,675.92,1351.84,0.0,0.0,1351.84,796.67,555.17,41.07,Debit Card
TXN-10181,2024-08-03,CUST-1253,Male,52,51+ (Seniors),Home & Kitchen,Air Fryer Digital Oven,1,104.5,104.5,0.05,5.22,99.28,58.33,40.95,41.25,Cash
TXN-10915,2024-08-03,CUST-1088,Female,30,25-35 (Young Adults),Beauty & Personal Care,Organic Botanical Shampoo,4,22.84,91.36,0.15,13.7,77.66,61.72,15.94,20.53,Credit Card
TXN-10591,2024-08-04,CUST-1132,Female,23,18-24 (Youth),Clothing,Classic Cotton Crewneck T-Shirt,1,21.18,21.18,0.0,0.0,21.18,11.72,9.46,44.66,UPI / Digital Wallet
TXN-10893,2024-08-04,CUST-1016,Female,23,18-24 (Youth),Home & Kitchen,Air Fryer Digital Oven,1,110.86,110.86,0.05,5.54,105.32,65.74,39.58,37.58,Credit Card
TXN-11663,2024-08-04,CUST-1560,Female,42,36-50 (Middle-Aged),Home & Kitchen,Espresso Coffee Machine,5,163.24,816.2,0.05,40.81,775.39,501.32,274.07,35.35,UPI / Digital Wallet
TXN-10133,2024-08-04,CUST-1528,Male,41,36-50 (Middle-Aged),Books & Stationery,Fine Fountain Pen Set,1,39.83,39.83,0.15,5.97,33.86,25.42,8.44,24.93,Credit Card
TXN-11467,2024-08-05,CUST-1561,Male,67,51+ (Seniors),Home & Kitchen,Air Fryer Digital Oven,2,113.86,227.72,0.0,0.0,227.72,129.24,98.48,43.25,UPI / Digital Wallet
TXN-11790,2024-08-05,CUST-1273,Female,38,36-50 (Middle-Aged),Electronics,Portable Bluetooth Speaker,1,53.59,53.59,0.05,2.68,50.91,33.85,17.06,33.51,Debit Card
TXN-11086,2024-08-05,CUST-1201,Female,45,36-50 (Middle-Aged),Electronics,4K Ultra HD Smart TV,1,644.38,644.38,0.0,0.0,644.38,424.75,219.63,34.08,Credit Card
TXN-12259,2024-08-05,CUST-1063,Male,21,18-24 (Youth),Electronics,Noise-Cancelling Headphones,2,179.48,358.96,0.2,71.79,287.17,232.99,54.18,18.87,Debit Card
TXN-11540,2024-08-05,CUST-1488,Female,61,51+ (Seniors),Beauty & Personal Care,Anti-Aging Retinol Night Serum,4,43.58,174.32,0.05,8.72,165.6,118.16,47.44,28.65,Credit Card
TXN-10254,2024-08-06,CUST-1295,Female,28,25-35 (Young Adults),Electronics,Wireless Bluetooth Earbuds,1,73.7,73.7,0.0,0.0,73.7,41.97,31.73,43.05,Credit Card
TXN-10866,2024-08-07,CUST-1231,Male,41,36-50 (Middle-Aged),Beauty & Personal Care,Daily Hydrating Facial Cleanser,1,18.56,18.56,0.0,0.0,18.56,11.42,7.14,38.47,Debit Card
TXN-12106,2024-08-07,CUST-1391,Female,44,36-50 (Middle-Aged),Electronics,Noise-Cancelling Headphones,2,185.74,371.48,0.0,0.0,371.48,209.15,162.33,43.7,Debit Card
TXN-12448,2024-08-07,CUST-1418,Female,54,51+ (Seniors),Clothing,Slim-Fit Denim Jeans,3,47.92,143.76,0.15,21.56,122.2,96.84,25.36,20.75,UPI / Digital Wallet
TXN-10816,2024-08-08,CUST-1255,Male,31,25-35 (Young Adults),Beauty & Personal Care,Ionic Ceramic Hair Dryer,1,56.74,56.74,0.0,0.0,56.74,32.56,24.18,42.62,UPI / Digital Wallet
TXN-12086,2024-08-08,CUST-1156,Other,64,51+ (Seniors),Beauty & Personal Care,Anti-Aging Retinol Night Serum,1,44.08,44.08,0.05,2.2,41.88,27.51,14.37,34.31,Credit Card
TXN-10708,2024-08-08,CUST-1183,Male,44,36-50 (Middle-Aged),Home & Kitchen,Air Fryer Digital Oven,1,109.56,109.56,0.0,0.0,109.56,60.64,48.92,44.65,UPI / Digital Wallet
TXN-10854,2024-08-08,CUST-1530,Male,46,36-50 (Middle-Aged),Home & Kitchen,Ergonomic Memory Foam Pillow,3,34.65,103.95,0.2,20.79,83.16,72.57,10.59,12.73,UPI / Digital Wallet
TXN-11256,2024-08-09,CUST-1517,Male,24,18-24 (Youth),Beauty & Personal Care,Anti-Aging Retinol Night Serum,1,47.13,47.13,0.2,9.43,37.7,27.83,9.87,26.18,Cash
TXN-11636,2024-08-09,CUST-1232,Female,38,36-50 (Middle-Aged),Home & Kitchen,Air Fryer Digital Oven,2,112.34,224.68,0.15,33.7,190.98,151.52,39.46,20.66,UPI / Digital Wallet
TXN-11195,2024-08-09,CUST-1240,Female,26,25-35 (Young Adults),Home & Kitchen,Stainless Steel Water Bottle,3,19.77,59.31,0.2,11.86,47.45,39.79,7.66,16.14,Credit Card
TXN-12026,2024-08-09,CUST-1360,Male,45,36-50 (Middle-Aged),Electronics,Wireless Bluetooth Earbuds,2,77.44,154.88,0.2,30.98,123.9,104.03,19.87,16.04,Credit Card
TXN-10177,2024-08-10,CUST-1281,Female,47,36-50 (Middle-Aged),Beauty & Personal Care,Shea Butter Moisturizing Cream,3,15.76,47.28,0.2,9.46,37.82,32.33,5.49,14.52,Credit Card
TXN-11616,2024-08-10,CUST-1240,Female,26,25-35 (Young Adults),Electronics,Portable Bluetooth Speaker,1,56.68,56.68,0.0,0.0,56.68,32.81,23.87,42.11,Credit Card
TXN-12175,2024-08-10,CUST-1208,Male,45,36-50 (Middle-Aged),Beauty & Personal Care,Organic Botanical Shampoo,1,24.6,24.6,0.1,2.46,22.14,16.0,6.14,27.73,UPI / Digital Wallet
TXN-11968,2024-08-10,CUST-1049,Male,18,18-24 (Youth),Home & Kitchen,Non-Stick Ceramic Cookware Set,2,95.7,191.4,0.0,0.0,191.4,122.89,68.51,35.79,Credit Card
TXN-12139,2024-08-10,CUST-1469,Male,29,25-35 (Young Adults),Electronics,Noise-Cancelling Headphones,2,186.62,373.24,0.1,37.32,335.92,238.74,97.18,28.93,Credit Card
TXN-10626,2024-08-11,CUST-1401,Female,29,25-35 (Young Adults),Beauty & Personal Care,Daily Hydrating Facial Cleanser,2,17.36,34.72,0.1,3.47,31.25,22.43,8.82,28.22,UPI / Digital Wallet
TXN-10479,2024-08-11,CUST-1179,Female,72,51+ (Seniors),Electronics,Smart Fitness Watch,2,122.32,244.64,0.0,0.0,244.64,164.34,80.3,32.82,Credit Card
TXN-11825,2024-08-11,CUST-1269,Male,39,36-50 (Middle-Aged),Electronics,Noise-Cancelling Headphones,1,174.54,174.54,0.0,0.0,174.54,112.36,62.18,35.63,UPI / Digital Wallet
TXN-11408,2024-08-11,CUST-1468,Male,30,25-35 (Young Adults),Clothing,Slim-Fit Denim Jeans,1,47.46,47.46,0.0,0.0,47.46,31.58,15.88,33.46,Credit Card
TXN-10870,2024-08-12,CUST-1077,Male,33,25-35 (Young Adults),Home & Kitchen,Air Fryer Digital Oven,2,112.3,224.6,0.05,11.23,213.37,142.97,70.4,32.99,Credit Card
TXN-10570,2024-08-12,CUST-1402,Male,38,36-50 (Middle-Aged),Beauty & Personal Care,Ionic Ceramic Hair Dryer,1,55.2,55.2,0.05,2.76,52.44,35.49,16.95,32.32,UPI / Digital Wallet
TXN-11513,2024-08-12,CUST-1403,Male,38,36-50 (Middle-Aged),Books & Stationery,Data Science & ML Handbook,5,50.14,250.7,0.0,0.0,250.7,143.54,107.16,42.74,Debit Card
TXN-11640,2024-08-13,CUST-1093,Male,33,25-35 (Young Adults),Home & Kitchen,Espresso Coffee Machine,1,157.56,157.56,0.05,7.88,149.68,89.74,59.94,40.05,Credit Card
TXN-10237,2024-08-13,CUST-1516,Male,45,36-50 (Middle-Aged),Home & Kitchen,Non-Stick Ceramic Cookware Set,1,97.7,97.7,0.0,0.0,97.7,61.27,36.43,37.29,UPI / Digital Wallet
TXN-10045,2024-08-13,CUST-1470,Female,34,25-35 (Young Adults),Electronics,Portable Bluetooth Speaker,1,53.43,53.43,0.0,0.0,53.43,37.21,16.22,30.36,UPI / Digital Wallet
TXN-12497,2024-08-14,CUST-1342,Female,41,36-50 (Middle-Aged),Home & Kitchen,Espresso Coffee Machine,1,166.6,166.6,0.0,0.0,166.6,97.76,68.84,41.32,Credit Card
TXN-10498,2024-08-14,CUST-1083,Female,30,25-35 (Young Adults),Electronics,Portable Bluetooth Speaker,2,52.56,105.12,0.15,15.77,89.35,58.09,31.26,34.99,Credit Card
TXN-12426,2024-08-14,CUST-1012,Female,41,36-50 (Middle-Aged),Beauty & Personal Care,Daily Hydrating Facial Cleanser,1,17.66,17.66,0.15,2.65,15.01,10.05,4.96,33.04,UPI / Digital Wallet
TXN-12327,2024-08-14,CUST-1425,Female,57,51+ (Seniors),Electronics,Wireless Bluetooth Earbuds,2,72.54,145.08,0.1,14.51,130.57,82.95,47.62,36.47,Cash
TXN-11023,2024-08-15,CUST-1221,Female,18,18-24 (Youth),Home & Kitchen,Espresso Coffee Machine,1,162.0,162.0,0.1,16.2,145.8,107.25,38.55,26.44,UPI / Digital Wallet
TXN-10377,2024-08-16,CUST-1586,Male,31,25-35 (Young Adults),Home & Kitchen,Stainless Steel Water Bottle,1,19.46,19.46,0.0,0.0,19.46,11.28,8.18,42.03,UPI / Digital Wallet
TXN-12195,2024-08-16,CUST-1246,Male,31,25-35 (Young Adults),Electronics,4K Ultra HD Smart TV,2,675.54,1351.08,0.0,0.0,1351.08,821.48,529.6,39.2,Cash
TXN-12341,2024-08-16,CUST-1357,Female,33,25-35 (Young Adults),Books & Stationery,Fine Fountain Pen Set,1,38.66,38.66,0.05,1.93,36.73,26.13,10.6,28.86,Credit Card
TXN-11490,2024-08-17,CUST-1426,Female,24,18-24 (Youth),Clothing,Classic Cotton Crewneck T-Shirt,4,21.92,87.68,0.0,0.0,87.68,51.48,36.2,41.29,Credit Card
TXN-11611,2024-08-17,CUST-1561,Male,67,51+ (Seniors),Clothing,Winter Hooded Parka,1,130.53,130.53,0.1,13.05,117.48,77.77,39.71,33.8,Cash
TXN-11170,2024-08-17,CUST-1057,Female,33,25-35 (Young Adults),Clothing,Formal Oxford Shirt,3,40.09,120.27,0.2,24.05,96.22,73.49,22.73,23.62,Credit Card
TXN-11710,2024-08-17,CUST-1045,Female,27,25-35 (Young Adults),Home & Kitchen,Stainless Steel Water Bottle,1,19.91,19.91,0.0,0.0,19.91,13.44,6.47,32.5,Debit Card
TXN-11883,2024-08-18,CUST-1213,Male,47,36-50 (Middle-Aged),Electronics,4K Ultra HD Smart TV,1,682.26,682.26,0.05,34.11,648.15,458.05,190.1,29.33,Credit Card
TXN-10214,2024-08-18,CUST-1594,Other,52,51+ (Seniors),Electronics,Portable Bluetooth Speaker,4,52.29,209.16,0.05,10.46,198.7,132.4,66.3,33.37,Credit Card
TXN-12462,2024-08-18,CUST-1435,Female,39,36-50 (Middle-Aged),Books & Stationery,Executive Hardcover Notebook,3,14.37,43.11,0.05,2.16,40.95,29.86,11.09,27.08,Credit Card
TXN-11779,2024-08-19,CUST-1154,Female,42,36-50 (Middle-Aged),Clothing,Winter Hooded Parka,1,128.96,128.96,0.1,12.9,116.06,83.33,32.73,28.2,UPI / Digital Wallet
TXN-10886,2024-08-20,CUST-1132,Female,23,18-24 (Youth),Books & Stationery,Minimalist Wooden Desk Organizer,1,28.16,28.16,0.05,1.41,26.75,16.21,10.54,39.4,UPI / Digital Wallet
TXN-11207,2024-08-21,CUST-1398,Male,36,36-50 (Middle-Aged),Clothing,Formal Oxford Shirt,5,43.89,219.45,0.05,10.97,208.48,140.42,68.06,32.65,UPI / Digital Wallet
TXN-10408,2024-08-21,CUST-1333,Female,28,25-35 (Young Adults),Clothing,Winter Hooded Parka,1,136.72,136.72,0.0,0.0,136.72,94.43,42.29,30.93,UPI / Digital Wallet
TXN-10703,2024-08-21,CUST-1177,Male,58,51+ (Seniors),Home & Kitchen,Air Fryer Digital Oven,1,114.34,114.34,0.0,0.0,114.34,75.27,39.07,34.17,Credit Card
TXN-11119,2024-08-21,CUST-1369,Male,27,25-35 (Young Adults),Books & Stationery,Fine Fountain Pen Set,1,38.68,38.68,0.2,7.74,30.94,22.57,8.37,27.05,Cash
TXN-12326,2024-08-21,CUST-1021,Male,34,25-35 (Young Adults),Electronics,Smart Fitness Watch,3,116.15,348.45,0.0,0.0,348.45,221.76,126.69,36.36,Debit Card
TXN-10371,2024-08-22,CUST-1380,Female,26,25-35 (Young Adults),Beauty & Personal Care,Organic Botanical Shampoo,2,24.36,48.72,0.1,4.87,43.85,33.61,10.24,23.35,Credit Card
TXN-12447,2024-08-22,CUST-1300,Female,26,25-35 (Young Adults),Clothing,Formal Oxford Shirt,1,42.3,42.3,0.2,8.46,33.84,27.58,6.26,18.5,Credit Card
TXN-10390,2024-08-23,CUST-1567,Male,23,18-24 (Youth),Home & Kitchen,Ergonomic Memory Foam Pillow,2,34.73,69.46,0.0,0.0,69.46,46.75,22.71,32.7,Debit Card
TXN-10530,2024-08-23,CUST-1232,Female,38,36-50 (Middle-Aged),Electronics,Wireless Bluetooth Earbuds,1,71.63,71.63,0.15,10.74,60.89,49.43,11.46,18.82,Cash
TXN-10673,2024-08-24,CUST-1583,Male,69,51+ (Seniors),Home & Kitchen,Non-Stick Ceramic Cookware Set,1,98.97,98.97,0.2,19.79,79.18,65.36,13.82,17.45,UPI / Digital Wallet
TXN-10161,2024-08-24,CUST-1103,Female,26,25-35 (Young Adults),Books & Stationery,Artisan Sketching Pencil Kit,2,19.06,38.12,0.1,3.81,34.31,24.18,10.13,29.52,UPI / Digital Wallet
TXN-10287,2024-08-24,CUST-1165,Male,43,36-50 (Middle-Aged),Clothing,Formal Oxford Shirt,1,43.43,43.43,0.05,2.17,41.26,29.15,12.11,29.35,UPI / Digital Wallet
TXN-12340,2024-08-24,CUST-1358,Male,42,36-50 (Middle-Aged),Beauty & Personal Care,Ionic Ceramic Hair Dryer,2,55.21,110.42,0.05,5.52,104.9,66.09,38.81,37.0,UPI / Digital Wallet
TXN-10209,2024-08-25,CUST-1493,Female,25,25-35 (Young Adults),Clothing,Slim-Fit Denim Jeans,2,46.59,93.18,0.0,0.0,93.18,63.34,29.84,32.02,UPI / Digital Wallet
TXN-10084,2024-08-26,CUST-1380,Female,26,25-35 (Young Adults),Clothing,Classic Cotton Crewneck T-Shirt,2,22.55,45.1,0.05,2.26,42.84,25.44,17.4,40.62,Credit Card
TXN-10603,2024-08-26,CUST-1454,Male,30,25-35 (Young Adults),Books & Stationery,Executive Hardcover Notebook,1,15.09,15.09,0.0,0.0,15.09,9.3,5.79,38.37,Credit Card
TXN-12480,2024-08-26,CUST-1581,Female,32,25-35 (Young Adults),Electronics,Smart Fitness Watch,2,117.48,234.96,0.1,23.5,211.46,153.72,57.74,27.31,Credit Card
TXN-10765,2024-08-26,CUST-1302,Female,48,36-50 (Middle-Aged),Beauty & Personal Care,Ionic Ceramic Hair Dryer,1,58.22,58.22,0.0,0.0,58.22,34.16,24.06,41.33,UPI / Digital Wallet
TXN-10547,2024-08-27,CUST-1157,Male,44,36-50 (Middle-Aged),Beauty & Personal Care,Shea Butter Moisturizing Cream,1,16.49,16.49,0.0,0.0,16.49,10.44,6.05,36.69,Debit Card
TXN-11621,2024-08-27,CUST-1180,Male,46,36-50 (Middle-Aged),Books & Stationery,Fine Fountain Pen Set,1,39.08,39.08,0.15,5.86,33.22,25.26,7.96,23.96,UPI / Digital Wallet
TXN-12055,2024-08-27,CUST-1446,Female,43,36-50 (Middle-Aged),Clothing,Classic Cotton Crewneck T-Shirt,1,22.88,22.88,0.15,3.43,19.45,13.92,5.53,28.43,UPI / Digital Wallet
TXN-10150,2024-08-28,CUST-1532,Female,37,36-50 (Middle-Aged),Clothing,Winter Hooded Parka,1,136.95,136.95,0.05,6.85,130.1,94.98,35.12,26.99,Debit Card
TXN-12036,2024-08-28,CUST-1595,Female,30,25-35 (Young Adults),Home & Kitchen,Air Fryer Digital Oven,1,105.38,105.38,0.0,0.0,105.38,62.33,43.05,40.85,Debit Card
TXN-10733,2024-08-28,CUST-1236,Male,18,18-24 (Youth),Electronics,Wireless Bluetooth Earbuds,1,71.43,71.43,0.0,0.0,71.43,43.98,27.45,38.43,Credit Card
TXN-10695,2024-08-28,CUST-1064,Female,49,36-50 (Middle-Aged),Clothing,Slim-Fit Denim Jeans,1,46.78,46.78,0.05,2.34,44.44,30.66,13.78,31.01,Credit Card
TXN-10965,2024-08-28,CUST-1430,Male,21,18-24 (Youth),Clothing,Slim-Fit Denim Jeans,1,49.16,49.16,0.0,0.0,49.16,31.43,17.73,36.07,UPI / Digital Wallet
TXN-10301,2024-08-28,CUST-1374,Male,68,51+ (Seniors),Beauty & Personal Care,Anti-Aging Retinol Night Serum,2,45.73,91.46,0.0,0.0,91.46,53.51,37.95,41.49,Credit Card
TXN-12048,2024-08-29,CUST-1539,Male,29,25-35 (Young Adults),Clothing,Casual Breathable Sneakers,1,67.3,67.3,0.05,3.36,63.94,41.97,21.97,34.36,Cash
TXN-11878,2024-08-30,CUST-1543,Female,58,51+ (Seniors),Clothing,Slim-Fit Denim Jeans,3,48.93,146.79,0.0,0.0,146.79,85.79,61.0,41.56,Credit Card
TXN-10902,2024-08-30,CUST-1369,Male,27,25-35 (Young Adults),Home & Kitchen,Non-Stick Ceramic Cookware Set,2,97.22,194.44,0.15,29.17,165.27,130.35,34.92,21.13,Credit Card
TXN-11315,2024-08-30,CUST-1396,Male,18,18-24 (Youth),Electronics,Wireless Bluetooth Earbuds,1,76.64,76.64,0.1,7.66,68.98,51.47,17.51,25.38,Credit Card
TXN-10716,2024-08-30,CUST-1311,Female,53,51+ (Seniors),Home & Kitchen,Air Fryer Digital Oven,1,113.85,113.85,0.1,11.38,102.47,71.89,30.58,29.84,UPI / Digital Wallet
TXN-10764,2024-08-31,CUST-1306,Female,55,51+ (Seniors),Beauty & Personal Care,Shea Butter Moisturizing Cream,1,15.97,15.97,0.0,0.0,15.97,9.48,6.49,40.64,UPI / Digital Wallet
TXN-11590,2024-08-31,CUST-1045,Female,27,25-35 (Young Adults),Home & Kitchen,Stainless Steel Water Bottle,1,20.3,20.3,0.0,0.0,20.3,13.24,7.06,34.78,Credit Card
TXN-11405,2024-08-31,CUST-1468,Male,30,25-35 (Young Adults),Home & Kitchen,Ergonomic Memory Foam Pillow,1,33.38,33.38,0.15,5.01,28.37,20.66,7.71,27.18,Credit Card
TXN-10295,2024-09-01,CUST-1170,Female,25,25-35 (Young Adults),Beauty & Personal Care,Shea Butter Moisturizing Cream,4,15.21,60.84,0.0,0.0,60.84,34.44,26.4,43.39,UPI / Digital Wallet
TXN-10332,2024-09-01,CUST-1426,Female,24,18-24 (Youth),Electronics,Smart Fitness Watch,2,117.69,235.38,0.15,35.31,200.07,158.06,42.01,21.0,Debit Card
TXN-11994,2024-09-01,CUST-1374,Male,68,51+ (Seniors),Home & Kitchen,Stainless Steel Water Bottle,1,20.48,20.48,0.05,1.02,19.46,13.13,6.33,32.53,Debit Card
TXN-10081,2024-09-01,CUST-1576,Female,41,36-50 (Middle-Aged),Clothing,Formal Oxford Shirt,3,43.87,131.61,0.1,13.16,118.45,81.51,36.94,31.19,Credit Card
TXN-10538,2024-09-02,CUST-1346,Male,18,18-24 (Youth),Electronics,4K Ultra HD Smart TV,1,635.28,635.28,0.2,127.06,508.22,400.53,107.69,21.19,Debit Card
TXN-11976,2024-09-02,CUST-1328,Other,46,36-50 (Middle-Aged),Home & Kitchen,Espresso Coffee Machine,2,152.69,305.38,0.2,61.08,244.3,180.06,64.24,26.3,Credit Card
TXN-11371,2024-09-02,CUST-1354,Male,37,36-50 (Middle-Aged),Electronics,4K Ultra HD Smart TV,1,650.1,650.1,0.0,0.0,650.1,442.08,208.02,32.0,Credit Card
TXN-10372,2024-09-02,CUST-1068,Female,43,36-50 (Middle-Aged),Clothing,Casual Breathable Sneakers,3,72.15,216.45,0.15,32.47,183.98,119.66,64.32,34.96,UPI / Digital Wallet
TXN-12016,2024-09-03,CUST-1349,Male,35,25-35 (Young Adults),Clothing,Slim-Fit Denim Jeans,2,50.21,100.42,0.0,0.0,100.42,58.43,41.99,41.81,Cash
TXN-10991,2024-09-03,CUST-1268,Male,31,25-35 (Young Adults),Beauty & Personal Care,Anti-Aging Retinol Night Serum,3,46.03,138.09,0.15,20.71,117.38,96.49,20.89,17.8,Credit Card
TXN-11517,2024-09-04,CUST-1031,Male,63,51+ (Seniors),Electronics,Wireless Bluetooth Earbuds,1,76.3,76.3,0.0,0.0,76.3,52.67,23.63,30.97,Debit Card
TXN-12097,2024-09-05,CUST-1105,Male,43,36-50 (Middle-Aged),Books & Stationery,Fine Fountain Pen Set,2,39.33,78.66,0.0,0.0,78.66,47.82,30.84,39.21,Credit Card
TXN-11011,2024-09-05,CUST-1082,Male,58,51+ (Seniors),Beauty & Personal Care,Anti-Aging Retinol Night Serum,2,46.74,93.48,0.2,18.7,74.78,56.08,18.7,25.01,Debit Card
TXN-12397,2024-09-05,CUST-1468,Male,30,25-35 (Young Adults),Beauty & Personal Care,Organic Botanical Shampoo,2,24.49,48.98,0.1,4.9,44.08,27.7,16.38,37.16,Credit Card
TXN-10353,2024-09-05,CUST-1225,Male,53,51+ (Seniors),Electronics,4K Ultra HD Smart TV,1,659.46,659.46,0.2,131.89,527.57,446.01,81.56,15.46,Credit Card
TXN-10213,2024-09-05,CUST-1037,Male,18,18-24 (Youth),Electronics,Portable Bluetooth Speaker,1,52.64,52.64,0.1,5.26,47.38,35.91,11.47,24.21,UPI / Digital Wallet
TXN-10602,2024-09-06,CUST-1325,Male,21,18-24 (Youth),Clothing,Winter Hooded Parka,2,134.46,268.92,0.0,0.0,268.92,180.38,88.54,32.92,Cash
TXN-11235,2024-09-07,CUST-1469,Male,29,25-35 (Young Adults),Books & Stationery,Artisan Sketching Pencil Kit,1,18.09,18.09,0.15,2.71,15.38,12.24,3.14,20.42,Credit Card
TXN-11919,2024-09-07,CUST-1042,Female,36,36-50 (Middle-Aged),Electronics,Portable Bluetooth Speaker,3,54.93,164.79,0.0,0.0,164.79,114.64,50.15,30.43,Credit Card
TXN-11469,2024-09-07,CUST-1523,Male,45,36-50 (Middle-Aged),Clothing,Classic Cotton Crewneck T-Shirt,4,23.02,92.08,0.1,9.21,82.87,57.83,25.04,30.22,Credit Card
TXN-12367,2024-09-07,CUST-1299,Female,46,36-50 (Middle-Aged),Clothing,Winter Hooded Parka,2,136.76,273.52,0.05,13.68,259.84,157.96,101.88,39.21,Debit Card
TXN-12271,2024-09-08,CUST-1419,Male,38,36-50 (Middle-Aged),Beauty & Personal Care,Daily Hydrating Facial Cleanser,2,18.46,36.92,0.0,0.0,36.92,23.09,13.83,37.46,UPI / Digital Wallet
TXN-11676,2024-09-08,CUST-1070,Female,43,36-50 (Middle-Aged),Clothing,Slim-Fit Denim Jeans,1,48.36,48.36,0.05,2.42,45.94,27.93,18.01,39.2,Credit Card
TXN-11984,2024-09-08,CUST-1380,Female,26,25-35 (Young Adults),Beauty & Personal Care,Anti-Aging Retinol Night Serum,2,46.34,92.68,0.05,4.63,88.05,54.54,33.51,38.06,Credit Card
TXN-10553,2024-09-09,CUST-1272,Male,54,51+ (Seniors),Clothing,Casual Breathable Sneakers,1,67.07,67.07,0.2,13.41,53.66,46.71,6.95,12.95,Credit Card
TXN-11104,2024-09-09,CUST-1515,Female,48,36-50 (Middle-Aged),Electronics,Smart Fitness Watch,3,115.28,345.84,0.1,34.58,311.26,216.52,94.74,30.44,Credit Card
TXN-12307,2024-09-09,CUST-1394,Male,54,51+ (Seniors),Electronics,4K Ultra HD Smart TV,1,674.05,674.05,0.1,67.4,606.65,438.59,168.06,27.7,Credit Card
TXN-12412,2024-09-09,CUST-1396,Male,18,18-24 (Youth),Electronics,4K Ultra HD Smart TV,4,633.5,2534.0,0.0,0.0,2534.0,1466.34,1067.66,42.13,Debit Card
TXN-10426,2024-09-10,CUST-1356,Female,37,36-50 (Middle-Aged),Beauty & Personal Care,Ionic Ceramic Hair Dryer,1,59.05,59.05,0.15,8.86,50.19,39.03,11.16,22.24,UPI / Digital Wallet
TXN-12441,2024-09-10,CUST-1292,Female,29,25-35 (Young Adults),Electronics,4K Ultra HD Smart TV,1,636.3,636.3,0.05,31.82,604.48,428.04,176.44,29.19,Credit Card
TXN-11797,2024-09-10,CUST-1558,Other,43,36-50 (Middle-Aged),Electronics,4K Ultra HD Smart TV,3,651.58,1954.74,0.0,0.0,1954.74,1308.11,646.63,33.08,Credit Card
TXN-11877,2024-09-11,CUST-1097,Female,41,36-50 (Middle-Aged),Beauty & Personal Care,Daily Hydrating Facial Cleanser,3,17.6,52.8,0.2,10.56,42.24,31.05,11.19,26.49,UPI / Digital Wallet
TXN-12071,2024-09-11,CUST-1419,Male,38,36-50 (Middle-Aged),Home & Kitchen,Espresso Coffee Machine,2,153.73,307.46,0.2,61.49,245.97,176.53,69.44,28.23,Debit Card
TXN-10806,2024-09-11,CUST-1210,Male,45,36-50 (Middle-Aged),Electronics,Smart Fitness Watch,2,118.38,236.76,0.1,23.68,213.08,142.38,70.7,33.18,Credit Card
TXN-10972,2024-09-11,CUST-1413,Male,55,51+ (Seniors),Home & Kitchen,Ergonomic Memory Foam Pillow,1,34.4,34.4,0.0,0.0,34.4,20.54,13.86,40.29,UPI / Digital Wallet
TXN-11942,2024-09-11,CUST-1032,Female,37,36-50 (Middle-Aged),Electronics,4K Ultra HD Smart TV,1,674.11,674.11,0.05,33.71,640.4,444.36,196.04,30.61,Debit Card
TXN-10892,2024-09-12,CUST-1167,Male,64,51+ (Seniors),Electronics,Noise-Cancelling Headphones,1,171.85,171.85,0.0,0.0,171.85,112.3,59.55,34.65,UPI / Digital Wallet
TXN-10051,2024-09-12,CUST-1434,Female,59,51+ (Seniors),Electronics,4K Ultra HD Smart TV,2,679.67,1359.34,0.05,67.97,1291.37,808.1,483.27,37.42,Credit Card
TXN-11014,2024-09-12,CUST-1219,Female,39,36-50 (Middle-Aged),Electronics,Portable Bluetooth Speaker,2,53.85,107.7,0.0,0.0,107.7,74.13,33.57,31.17,Credit Card
TXN-12310,2024-09-13,CUST-1072,Female,37,36-50 (Middle-Aged),Electronics,Noise-Cancelling Headphones,1,172.33,172.33,0.0,0.0,172.33,105.71,66.62,38.66,UPI / Digital Wallet
TXN-11560,2024-09-13,CUST-1580,Male,42,36-50 (Middle-Aged),Electronics,Noise-Cancelling Headphones,1,172.85,172.85,0.0,0.0,172.85,112.07,60.78,35.16,Cash
TXN-10520,2024-09-13,CUST-1580,Male,42,36-50 (Middle-Aged),Clothing,Casual Breathable Sneakers,5,70.78,353.9,0.05,17.7,336.2,234.61,101.59,30.22,Debit Card
TXN-11137,2024-09-13,CUST-1007,Female,48,36-50 (Middle-Aged),Electronics,Wireless Bluetooth Earbuds,1,78.67,78.67,0.15,11.8,66.87,52.32,14.55,21.76,Credit Card
TXN-10978,2024-09-13,CUST-1377,Male,40,36-50 (Middle-Aged),Clothing,Slim-Fit Denim Jeans,1,48.36,48.36,0.05,2.42,45.94,28.54,17.4,37.88,UPI / Digital Wallet
TXN-10001,2024-09-14,CUST-1013,Male,18,18-24 (Youth),Clothing,Slim-Fit Denim Jeans,1,48.78,48.78,0.1,4.88,43.9,29.11,14.79,33.69,Credit Card
TXN-12226,2024-09-14,CUST-1487,Female,22,18-24 (Youth),Electronics,Smart Fitness Watch,2,125.02,250.04,0.1,25.0,225.04,153.16,71.88,31.94,Credit Card
TXN-11730,2024-09-15,CUST-1227,Male,22,18-24 (Youth),Books & Stationery,Executive Hardcover Notebook,3,14.49,43.47,0.15,6.52,36.95,26.84,10.11,27.36,Credit Card
TXN-11814,2024-09-15,CUST-1452,Other,24,18-24 (Youth),Clothing,Classic Cotton Crewneck T-Shirt,1,21.46,21.46,0.1,2.15,19.31,13.49,5.82,30.14,Credit Card
TXN-11900,2024-09-15,CUST-1408,Female,39,36-50 (Middle-Aged),Home & Kitchen,Ergonomic Memory Foam Pillow,1,34.81,34.81,0.05,1.74,33.07,22.31,10.76,32.54,Credit Card
TXN-10391,2024-09-16,CUST-1272,Male,54,51+ (Seniors),Electronics,Noise-Cancelling Headphones,2,187.75,375.5,0.1,37.55,337.95,224.07,113.88,33.7,UPI / Digital Wallet
TXN-11938,2024-09-16,CUST-1212,Female,51,51+ (Seniors),Clothing,Casual Breathable Sneakers,1,67.31,67.31,0.0,0.0,67.31,39.76,27.55,40.93,Credit Card
TXN-11953,2024-09-16,CUST-1318,Female,42,36-50 (Middle-Aged),Books & Stationery,Minimalist Wooden Desk Organizer,1,28.91,28.91,0.05,1.45,27.46,16.94,10.52,38.31,Credit Card
TXN-10088,2024-09-17,CUST-1039,Male,40,36-50 (Middle-Aged),Clothing,Casual Breathable Sneakers,1,67.91,67.91,0.15,10.19,57.72,44.02,13.7,23.74,Credit Card
TXN-12070,2024-09-17,CUST-1173,Male,42,36-50 (Middle-Aged),Beauty & Personal Care,Anti-Aging Retinol Night Serum,2,42.92,85.84,0.0,0.0,85.84,50.08,35.76,41.66,Debit Card
TXN-11250,2024-09-18,CUST-1434,Female,59,51+ (Seniors),Clothing,Casual Breathable Sneakers,2,71.57,143.14,0.05,7.16,135.98,93.14,42.84,31.5,Credit Card
TXN-10740,2024-09-18,CUST-1364,Male,47,36-50 (Middle-Aged),Home & Kitchen,Ergonomic Memory Foam Pillow,2,34.18,68.36,0.0,0.0,68.36,37.94,30.42,44.5,Debit Card
TXN-10947,2024-09-18,CUST-1300,Female,26,25-35 (Young Adults),Books & Stationery,Artisan Sketching Pencil Kit,1,19.64,19.64,0.1,1.96,17.68,11.16,6.52,36.88,Credit Card
TXN-11114,2024-09-19,CUST-1259,Male,48,36-50 (Middle-Aged),Home & Kitchen,Stainless Steel Water Bottle,2,19.32,38.64,0.2,7.73,30.91,22.14,8.77,28.37,Credit Card
TXN-12203,2024-09-19,CUST-1102,Female,33,25-35 (Young Adults),Clothing,Classic Cotton Crewneck T-Shirt,1,22.73,22.73,0.1,2.27,20.46,14.0,6.46,31.57,UPI / Digital Wallet
TXN-10450,2024-09-19,CUST-1068,Female,43,36-50 (Middle-Aged),Clothing,Slim-Fit Denim Jeans,1,46.41,46.41,0.05,2.32,44.09,25.93,18.16,41.19,Debit Card
TXN-12291,2024-09-19,CUST-1043,Female,33,25-35 (Young Adults),Electronics,Wireless Bluetooth Earbuds,5,75.15,375.75,0.1,37.58,338.17,259.91,78.26,23.14,Credit Card
TXN-10953,2024-09-19,CUST-1489,Female,50,36-50 (Middle-Aged),Clothing,Winter Hooded Parka,1,132.09,132.09,0.05,6.6,125.49,92.05,33.44,26.65,Credit Card
TXN-10016,2024-09-20,CUST-1220,Male,70,51+ (Seniors),Clothing,Casual Breathable Sneakers,1,67.54,67.54,0.0,0.0,67.54,41.98,25.56,37.84,Credit Card
TXN-11887,2024-09-20,CUST-1140,Female,41,36-50 (Middle-Aged),Electronics,4K Ultra HD Smart TV,2,648.6,1297.2,0.05,64.86,1232.34,793.23,439.11,35.63,UPI / Digital Wallet
TXN-10867,2024-09-20,CUST-1418,Female,54,51+ (Seniors),Electronics,Wireless Bluetooth Earbuds,3,76.26,228.78,0.0,0.0,228.78,130.66,98.12,42.89,UPI / Digital Wallet
TXN-10143,2024-09-21,CUST-1230,Male,27,25-35 (Young Adults),Clothing,Slim-Fit Denim Jeans,1,48.24,48.24,0.0,0.0,48.24,28.09,20.15,41.77,Credit Card
TXN-11602,2024-09-21,CUST-1572,Other,42,36-50 (Middle-Aged),Electronics,Wireless Bluetooth Earbuds,2,73.53,147.06,0.1,14.71,132.35,81.47,50.88,38.44,Debit Card
TXN-12166,2024-09-21,CUST-1320,Female,39,36-50 (Middle-Aged),Electronics,Noise-Cancelling Headphones,3,184.31,552.93,0.2,110.59,442.34,336.92,105.42,23.83,Credit Card
TXN-10252,2024-09-22,CUST-1267,Male,18,18-24 (Youth),Beauty & Personal Care,Daily Hydrating Facial Cleanser,1,18.79,18.79,0.05,0.94,17.85,10.53,7.32,41.01,Credit Card
TXN-11175,2024-09-22,CUST-1451,Female,51,51+ (Seniors),Home & Kitchen,Stainless Steel Water Bottle,1,19.95,19.95,0.1,2.0,17.95,13.9,4.05,22.56,Debit Card
TXN-12112,2024-09-22,CUST-1591,Male,31,25-35 (Young Adults),Books & Stationery,Fine Fountain Pen Set,1,36.94,36.94,0.05,1.85,35.09,25.46,9.63,27.44,Debit Card
TXN-10698,2024-09-22,CUST-1382,Male,18,18-24 (Youth),Clothing,Winter Hooded Parka,1,131.86,131.86,0.05,6.59,125.27,86.5,38.77,30.95,Cash
TXN-12359,2024-09-22,CUST-1120,Female,49,36-50 (Middle-Aged),Electronics,Smart Fitness Watch,1,121.75,121.75,0.2,24.35,97.4,69.65,27.75,28.49,UPI / Digital Wallet
TXN-12001,2024-09-23,CUST-1045,Female,27,25-35 (Young Adults),Home & Kitchen,Stainless Steel Water Bottle,1,19.3,19.3,0.1,1.93,17.37,12.11,5.26,30.28,UPI / Digital Wallet
TXN-10225,2024-09-23,CUST-1092,Male,28,25-35 (Young Adults),Beauty & Personal Care,Anti-Aging Retinol Night Serum,1,44.93,44.93,0.1,4.49,40.44,27.75,12.69,31.38,Credit Card
TXN-12213,2024-09-23,CUST-1449,Male,23,18-24 (Youth),Books & Stationery,Executive Hardcover Notebook,2,14.49,28.98,0.05,1.45,27.53,19.65,7.88,28.62,Credit Card
TXN-10449,2024-09-24,CUST-1225,Male,53,51+ (Seniors),Beauty & Personal Care,Organic Botanical Shampoo,1,23.97,23.97,0.0,0.0,23.97,14.23,9.74,40.63,Cash
TXN-11223,2024-09-24,CUST-1574,Male,49,36-50 (Middle-Aged),Electronics,Smart Fitness Watch,4,114.37,457.48,0.2,91.5,365.98,315.79,50.19,13.71,Credit Card
TXN-11390,2024-09-24,CUST-1345,Male,41,36-50 (Middle-Aged),Clothing,Casual Breathable Sneakers,4,70.4,281.6,0.15,42.24,239.36,171.97,67.39,28.15,Credit Card
TXN-12263,2024-09-25,CUST-1412,Female,18,18-24 (Youth),Clothing,Winter Hooded Parka,3,133.72,401.16,0.05,20.06,381.1,271.31,109.79,28.81,Credit Card
TXN-12358,2024-09-25,CUST-1418,Female,54,51+ (Seniors),Clothing,Formal Oxford Shirt,3,40.15,120.45,0.0,0.0,120.45,72.97,47.48,39.42,Debit Card
TXN-10120,2024-09-25,CUST-1029,Male,33,25-35 (Young Adults),Clothing,Classic Cotton Crewneck T-Shirt,1,21.75,21.75,0.05,1.09,20.66,14.44,6.22,30.11,Credit Card
TXN-10790,2024-09-26,CUST-1060,Male,31,25-35 (Young Adults),Electronics,Noise-Cancelling Headphones,2,185.01,370.02,0.2,74.0,296.02,224.25,71.77,24.24,UPI / Digital Wallet
TXN-11057,2024-09-27,CUST-1597,Female,24,18-24 (Youth),Electronics,4K Ultra HD Smart TV,2,669.09,1338.18,0.0,0.0,1338.18,793.94,544.24,40.67,Cash
TXN-10601,2024-09-27,CUST-1530,Male,46,36-50 (Middle-Aged),Electronics,Portable Bluetooth Speaker,1,56.97,56.97,0.0,0.0,56.97,34.12,22.85,40.11,Credit Card
TXN-10454,2024-09-27,CUST-1587,Male,26,25-35 (Young Adults),Home & Kitchen,Ergonomic Memory Foam Pillow,1,36.32,36.32,0.15,5.45,30.87,23.01,7.86,25.46,Credit Card
TXN-10911,2024-09-28,CUST-1558,Other,43,36-50 (Middle-Aged),Home & Kitchen,Air Fryer Digital Oven,2,107.14,214.28,0.0,0.0,214.28,147.85,66.43,31.0,Credit Card
TXN-10922,2024-09-28,CUST-1109,Female,36,36-50 (Middle-Aged),Electronics,4K Ultra HD Smart TV,1,671.62,671.62,0.1,67.16,604.46,457.71,146.75,24.28,Credit Card
TXN-10652,2024-09-28,CUST-1267,Male,18,18-24 (Youth),Beauty & Personal Care,Ionic Ceramic Hair Dryer,2,59.03,118.06,0.2,23.61,94.45,74.34,20.11,21.29,Credit Card
TXN-10082,2024-09-28,CUST-1085,Female,30,25-35 (Young Adults),Clothing,Casual Breathable Sneakers,5,68.99,344.95,0.1,34.49,310.46,215.45,95.01,30.6,Credit Card
TXN-12212,2024-09-28,CUST-1026,Male,21,18-24 (Youth),Beauty & Personal Care,Ionic Ceramic Hair Dryer,1,55.93,55.93,0.15,8.39,47.54,37.78,9.76,20.53,UPI / Digital Wallet
TXN-11230,2024-09-28,CUST-1294,Female,42,36-50 (Middle-Aged),Books & Stationery,Data Science & ML Handbook,1,49.34,49.34,0.05,2.47,46.87,27.22,19.65,41.92,Cash
TXN-11680,2024-09-29,CUST-1591,Male,31,25-35 (Young Adults),Home & Kitchen,Air Fryer Digital Oven,2,107.72,215.44,0.0,0.0,215.44,122.89,92.55,42.96,Credit Card
TXN-11801,2024-09-29,CUST-1338,Male,43,36-50 (Middle-Aged),Books & Stationery,Minimalist Wooden Desk Organizer,1,29.3,29.3,0.05,1.46,27.84,19.21,8.63,31.0,Credit Card
TXN-12174,2024-09-29,CUST-1241,Male,36,36-50 (Middle-Aged),Beauty & Personal Care,Shea Butter Moisturizing Cream,3,16.42,49.26,0.0,0.0,49.26,28.89,20.37,41.35,Credit Card
TXN-11093,2024-09-30,CUST-1288,Female,41,36-50 (Middle-Aged),Home & Kitchen,Air Fryer Digital Oven,2,104.78,209.56,0.0,0.0,209.56,140.36,69.2,33.02,UPI / Digital Wallet
TXN-11950,2024-09-30,CUST-1179,Female,72,51+ (Seniors),Home & Kitchen,Espresso Coffee Machine,1,158.81,158.81,0.05,7.94,150.87,89.31,61.56,40.8,UPI / Digital Wallet
TXN-12284,2024-10-01,CUST-1541,Male,22,18-24 (Youth),Electronics,Smart Fitness Watch,1,125.02,125.02,0.0,0.0,125.02,84.03,40.99,32.79,Credit Card
TXN-12063,2024-10-01,CUST-1116,Male,37,36-50 (Middle-Aged),Books & Stationery,Minimalist Wooden Desk Organizer,5,27.14,135.7,0.0,0.0,135.7,84.98,50.72,37.38,Debit Card
TXN-12024,2024-10-01,CUST-1562,Female,50,36-50 (Middle-Aged),Home & Kitchen,Ergonomic Memory Foam Pillow,3,34.15,102.45,0.1,10.24,92.21,61.58,30.63,33.22,Credit Card
TXN-10882,2024-10-01,CUST-1103,Female,26,25-35 (Young Adults),Beauty & Personal Care,Anti-Aging Retinol Night Serum,3,45.06,135.18,0.05,6.76,128.42,85.92,42.5,33.09,Debit Card
TXN-11813,2024-10-01,CUST-1569,Female,33,25-35 (Young Adults),Clothing,Slim-Fit Denim Jeans,1,46.82,46.82,0.15,7.02,39.8,30.97,8.83,22.19,Debit Card
TXN-10096,2024-10-01,CUST-1190,Male,31,25-35 (Young Adults),Clothing,Classic Cotton Crewneck T-Shirt,1,22.03,22.03,0.0,0.0,22.03,12.23,9.8,44.48,Credit Card
TXN-10689,2024-10-01,CUST-1430,Male,21,18-24 (Youth),Beauty & Personal Care,Daily Hydrating Facial Cleanser,2,18.84,37.68,0.0,0.0,37.68,23.16,14.52,38.54,UPI / Digital Wallet
TXN-11459,2024-10-01,CUST-1213,Male,47,36-50 (Middle-Aged),Clothing,Winter Hooded Parka,2,134.54,269.08,0.0,0.0,269.08,158.23,110.85,41.2,UPI / Digital Wallet
TXN-11210,2024-10-02,CUST-1261,Male,37,36-50 (Middle-Aged),Electronics,Smart Fitness Watch,2,118.89,237.78,0.15,35.67,202.11,159.5,42.61,21.08,Credit Card
TXN-11334,2024-10-02,CUST-1396,Male,18,18-24 (Youth),Clothing,Casual Breathable Sneakers,2,69.54,139.08,0.0,0.0,139.08,91.02,48.06,34.56,Credit Card
TXN-11625,2024-10-02,CUST-1447,Male,24,18-24 (Youth),Home & Kitchen,Air Fryer Digital Oven,2,108.29,216.58,0.05,10.83,205.75,148.17,57.58,27.99,UPI / Digital Wallet
TXN-12162,2024-10-02,CUST-1266,Female,60,51+ (Seniors),Home & Kitchen,Non-Stick Ceramic Cookware Set,1,96.95,96.95,0.05,4.85,92.1,59.63,32.47,35.26,Credit Card
TXN-10846,2024-10-02,CUST-1313,Female,49,36-50 (Middle-Aged),Books & Stationery,Minimalist Wooden Desk Organizer,1,28.73,28.73,0.1,2.87,25.86,16.24,9.62,37.2,UPI / Digital Wallet
TXN-12369,2024-10-03,CUST-1265,Male,20,18-24 (Youth),Home & Kitchen,Non-Stick Ceramic Cookware Set,1,90.97,90.97,0.15,13.65,77.32,56.72,20.6,26.64,UPI / Digital Wallet
TXN-12430,2024-10-04,CUST-1503,Female,45,36-50 (Middle-Aged),Electronics,Noise-Cancelling Headphones,1,172.57,172.57,0.05,8.63,163.94,103.97,59.97,36.58,Credit Card
TXN-10770,2024-10-04,CUST-1254,Female,18,18-24 (Youth),Books & Stationery,Minimalist Wooden Desk Organizer,1,29.4,29.4,0.1,2.94,26.46,18.76,7.7,29.1,Credit Card
TXN-10719,2024-10-04,CUST-1114,Male,35,25-35 (Young Adults),Home & Kitchen,Non-Stick Ceramic Cookware Set,2,95.57,191.14,0.05,9.56,181.58,122.69,58.89,32.43,Debit Card
TXN-12396,2024-10-04,CUST-1017,Male,42,36-50 (Middle-Aged),Books & Stationery,Data Science & ML Handbook,1,48.57,48.57,0.1,4.86,43.71,30.56,13.15,30.08,UPI / Digital Wallet
TXN-11111,2024-10-05,CUST-1492,Male,39,36-50 (Middle-Aged),Clothing,Formal Oxford Shirt,1,42.23,42.23,0.0,0.0,42.23,26.98,15.25,36.11,UPI / Digital Wallet
TXN-12313,2024-10-05,CUST-1471,Female,18,18-24 (Youth),Electronics,Noise-Cancelling Headphones,1,185.1,185.1,0.0,0.0,185.1,117.77,67.33,36.37,Debit Card
TXN-10526,2024-10-06,CUST-1105,Male,43,36-50 (Middle-Aged),Home & Kitchen,Stainless Steel Water Bottle,2,20.16,40.32,0.1,4.03,36.29,22.35,13.94,38.41,Debit Card
TXN-11921,2024-10-07,CUST-1557,Other,31,25-35 (Young Adults),Clothing,Slim-Fit Denim Jeans,1,47.8,47.8,0.1,4.78,43.02,28.33,14.69,34.15,Credit Card
TXN-11348,2024-10-07,CUST-1220,Male,70,51+ (Seniors),Beauty & Personal Care,Shea Butter Moisturizing Cream,4,15.88,63.52,0.05,3.18,60.34,38.35,21.99,36.44,Debit Card
TXN-10219,2024-10-07,CUST-1017,Male,42,36-50 (Middle-Aged),Clothing,Slim-Fit Denim Jeans,1,47.26,47.26,0.1,4.73,42.53,32.24,10.29,24.19,Credit Card
TXN-12374,2024-10-07,CUST-1031,Male,63,51+ (Seniors),Home & Kitchen,Air Fryer Digital Oven,1,109.97,109.97,0.2,21.99,87.98,74.46,13.52,15.37,Credit Card
TXN-11415,2024-10-07,CUST-1593,Female,42,36-50 (Middle-Aged),Beauty & Personal Care,Ionic Ceramic Hair Dryer,2,56.41,112.82,0.0,0.0,112.82,63.0,49.82,44.16,Credit Card
TXN-10159,2024-10-08,CUST-1227,Male,22,18-24 (Youth),Beauty & Personal Care,Anti-Aging Retinol Night Serum,3,45.21,135.63,0.1,13.56,122.07,80.52,41.55,34.04,Credit Card
TXN-12051,2024-10-09,CUST-1242,Male,45,36-50 (Middle-Aged),Clothing,Casual Breathable Sneakers,2,70.52,141.04,0.05,7.05,133.99,81.68,52.31,39.04,Debit Card
TXN-12306,2024-10-09,CUST-1072,Female,37,36-50 (Middle-Aged),Home & Kitchen,Air Fryer Digital Oven,2,107.1,214.2,0.1,21.42,192.78,147.99,44.79,23.23,Debit Card
TXN-11805,2024-10-09,CUST-1197,Female,40,36-50 (Middle-Aged),Home & Kitchen,Stainless Steel Water Bottle,2,20.66,41.32,0.05,2.07,39.25,26.74,12.51,31.87,Credit Card
TXN-11063,2024-10-10,CUST-1190,Male,31,25-35 (Young Adults),Clothing,Formal Oxford Shirt,3,43.99,131.97,0.0,0.0,131.97,79.89,52.08,39.46,Debit Card
TXN-10551,2024-10-10,CUST-1436,Female,60,51+ (Seniors),Electronics,Wireless Bluetooth Earbuds,1,74.92,74.92,0.1,7.49,67.43,51.83,15.6,23.14,UPI / Digital Wallet
TXN-12140,2024-10-10,CUST-1197,Female,40,36-50 (Middle-Aged),Home & Kitchen,Ergonomic Memory Foam Pillow,3,36.59,109.77,0.0,0.0,109.77,70.52,39.25,35.76,Cash
TXN-11266,2024-10-10,CUST-1385,Female,40,36-50 (Middle-Aged),Beauty & Personal Care,Ionic Ceramic Hair Dryer,2,56.45,112.9,0.05,5.64,107.26,78.89,28.37,26.45,Cash
TXN-10701,2024-10-10,CUST-1460,Male,65,51+ (Seniors),Clothing,Winter Hooded Parka,2,137.35,274.7,0.0,0.0,274.7,175.98,98.72,35.94,Credit Card
TXN-11475,2024-10-10,CUST-1333,Female,28,25-35 (Young Adults),Home & Kitchen,Non-Stick Ceramic Cookware Set,3,91.67,275.01,0.0,0.0,275.01,165.72,109.29,39.74,Credit Card
TXN-10895,2024-10-11,CUST-1050,Female,42,36-50 (Middle-Aged),Beauty & Personal Care,Organic Botanical Shampoo,1,23.96,23.96,0.05,1.2,22.76,14.55,8.21,36.07,Debit Card
TXN-12198,2024-10-11,CUST-1278,Other,38,36-50 (Middle-Aged),Beauty & Personal Care,Shea Butter Moisturizing Cream,1,15.27,15.27,0.05,0.76,14.51,8.7,5.81,40.04,UPI / Digital Wallet
TXN-11236,2024-10-11,CUST-1307,Male,29,25-35 (Young Adults),Home & Kitchen,Non-Stick Ceramic Cookware Set,1,90.68,90.68,0.0,0.0,90.68,57.89,32.79,36.16,UPI / Digital Wallet
TXN-11452,2024-10-11,CUST-1236,Male,18,18-24 (Youth),Books & Stationery,Minimalist Wooden Desk Organizer,5,27.29,136.45,0.05,6.82,129.63,87.31,42.32,32.65,Credit Card
TXN-10714,2024-10-11,CUST-1471,Female,18,18-24 (Youth),Electronics,Portable Bluetooth Speaker,1,54.71,54.71,0.0,0.0,54.71,33.7,21.01,38.4,Debit Card
TXN-10431,2024-10-12,CUST-1308,Male,45,36-50 (Middle-Aged),Home & Kitchen,Stainless Steel Water Bottle,1,20.61,20.61,0.0,0.0,20.61,12.68,7.93,38.48,Debit Card
TXN-11543,2024-10-12,CUST-1364,Male,47,36-50 (Middle-Aged),Books & Stationery,Minimalist Wooden Desk Organizer,2,28.5,57.0,0.0,0.0,57.0,32.35,24.65,43.25,Credit Card
TXN-12131,2024-10-12,CUST-1458,Male,30,25-35 (Young Adults),Beauty & Personal Care,Organic Botanical Shampoo,2,24.11,48.22,0.2,9.64,38.58,29.11,9.47,24.55,UPI / Digital Wallet
TXN-12180,2024-10-12,CUST-1033,Female,23,18-24 (Youth),Electronics,4K Ultra HD Smart TV,1,638.8,638.8,0.0,0.0,638.8,415.82,222.98,34.91,Debit Card
TXN-10634,2024-10-12,CUST-1098,Female,38,36-50 (Middle-Aged),Home & Kitchen,Air Fryer Digital Oven,1,112.63,112.63,0.0,0.0,112.63,67.29,45.34,40.26,UPI / Digital Wallet
TXN-11777,2024-10-12,CUST-1296,Female,50,36-50 (Middle-Aged),Electronics,Wireless Bluetooth Earbuds,3,73.27,219.81,0.0,0.0,219.81,128.25,91.56,41.65,Debit Card
TXN-12196,2024-10-12,CUST-1188,Female,26,25-35 (Young Adults),Electronics,Smart Fitness Watch,2,119.51,239.02,0.0,0.0,239.02,142.24,96.78,40.49,Debit Card
TXN-11094,2024-10-12,CUST-1563,Female,33,25-35 (Young Adults),Electronics,Portable Bluetooth Speaker,2,54.42,108.84,0.0,0.0,108.84,72.14,36.7,33.72,Credit Card
TXN-12157,2024-10-12,CUST-1052,Male,28,25-35 (Young Adults),Electronics,Smart Fitness Watch,3,122.14,366.42,0.0,0.0,366.42,231.42,135.0,36.84,Cash
TXN-10055,2024-10-13,CUST-1487,Female,22,18-24 (Youth),Electronics,Portable Bluetooth Speaker,2,55.45,110.9,0.15,16.64,94.26,71.92,22.34,23.7,Credit Card
TXN-10916,2024-10-13,CUST-1317,Male,33,25-35 (Young Adults),Books & Stationery,Data Science & ML Handbook,1,48.03,48.03,0.15,7.2,40.83,27.32,13.51,33.09,UPI / Digital Wallet
TXN-11687,2024-10-13,CUST-1432,Female,34,25-35 (Young Adults),Home & Kitchen,Non-Stick Ceramic Cookware Set,3,93.88,281.64,0.0,0.0,281.64,163.57,118.07,41.92,Credit Card
TXN-12107,2024-10-13,CUST-1026,Male,21,18-24 (Youth),Home & Kitchen,Stainless Steel Water Bottle,2,20.0,40.0,0.1,4.0,36.0,26.67,9.33,25.92,Credit Card
TXN-11630,2024-10-13,CUST-1497,Female,35,25-35 (Young Adults),Clothing,Classic Cotton Crewneck T-Shirt,1,22.31,22.31,0.15,3.35,18.96,13.83,5.13,27.06,Credit Card
TXN-11548,2024-10-14,CUST-1596,Male,34,25-35 (Young Adults),Home & Kitchen,Stainless Steel Water Bottle,1,19.55,19.55,0.1,1.96,17.59,12.63,4.96,28.2,Debit Card
TXN-11999,2024-10-14,CUST-1392,Female,19,18-24 (Youth),Clothing,Classic Cotton Crewneck T-Shirt,5,21.24,106.2,0.05,5.31,100.89,68.42,32.47,32.18,Debit Card
TXN-12009,2024-10-14,CUST-1370,Male,38,36-50 (Middle-Aged),Electronics,Portable Bluetooth Speaker,3,55.04,165.12,0.15,24.77,140.35,99.74,40.61,28.93,Credit Card
TXN-11377,2024-10-14,CUST-1114,Male,35,25-35 (Young Adults),Home & Kitchen,Air Fryer Digital Oven,2,106.91,213.82,0.1,21.38,192.44,131.05,61.39,31.9,Credit Card
TXN-10011,2024-10-15,CUST-1052,Male,28,25-35 (Young Adults),Home & Kitchen,Air Fryer Digital Oven,2,105.67,211.34,0.2,42.27,169.07,117.77,51.3,30.34,Cash
TXN-11626,2024-10-16,CUST-1179,Female,72,51+ (Seniors),Electronics,Portable Bluetooth Speaker,3,54.17,162.51,0.0,0.0,162.51,104.81,57.7,35.51,Cash
TXN-10025,2024-10-16,CUST-1418,Female,54,51+ (Seniors),Home & Kitchen,Espresso Coffee Machine,1,155.71,155.71,0.05,7.79,147.92,97.24,50.68,34.26,Cash
TXN-10316,2024-10-17,CUST-1315,Male,38,36-50 (Middle-Aged),Electronics,Smart Fitness Watch,2,117.31,234.62,0.0,0.0,234.62,153.41,81.21,34.61,Credit Card
TXN-11679,2024-10-17,CUST-1355,Female,23,18-24 (Youth),Home & Kitchen,Espresso Coffee Machine,1,167.4,167.4,0.2,33.48,133.92,108.51,25.41,18.97,Debit Card
TXN-11786,2024-10-17,CUST-1271,Female,18,18-24 (Youth),Beauty & Personal Care,Shea Butter Moisturizing Cream,1,15.23,15.23,0.2,3.05,12.18,10.37,1.81,14.86,Debit Card
TXN-11208,2024-10-18,CUST-1155,Male,27,25-35 (Young Adults),Home & Kitchen,Espresso Coffee Machine,1,155.3,155.3,0.0,0.0,155.3,101.61,53.69,34.57,Credit Card
TXN-10429,2024-10-18,CUST-1515,Female,48,36-50 (Middle-Aged),Electronics,Noise-Cancelling Headphones,2,177.84,355.68,0.2,71.14,284.54,234.44,50.1,17.61,Cash
TXN-12108,2024-10-18,CUST-1583,Male,69,51+ (Seniors),Clothing,Classic Cotton Crewneck T-Shirt,1,22.81,22.81,0.0,0.0,22.81,12.61,10.2,44.72,Credit Card
TXN-10605,2024-10-18,CUST-1597,Female,24,18-24 (Youth),Home & Kitchen,Non-Stick Ceramic Cookware Set,1,95.73,95.73,0.05,4.79,90.94,62.66,28.28,31.1,Debit Card
TXN-11455,2024-10-18,CUST-1543,Female,58,51+ (Seniors),Electronics,Portable Bluetooth Speaker,1,56.09,56.09,0.05,2.8,53.29,32.08,21.21,39.8,Credit Card
TXN-12082,2024-10-18,CUST-1455,Female,26,25-35 (Young Adults),Clothing,Winter Hooded Parka,3,138.13,414.39,0.1,41.44,372.95,262.97,109.98,29.49,Credit Card
TXN-11575,2024-10-19,CUST-1463,Female,40,36-50 (Middle-Aged),Home & Kitchen,Espresso Coffee Machine,1,164.21,164.21,0.05,8.21,156.0,96.48,59.52,38.15,Credit Card
TXN-10473,2024-10-19,CUST-1449,Male,23,18-24 (Youth),Clothing,Casual Breathable Sneakers,1,73.38,73.38,0.1,7.34,66.04,48.24,17.8,26.95,Debit Card
TXN-10514,2024-10-19,CUST-1008,Female,31,25-35 (Young Adults),Electronics,Portable Bluetooth Speaker,2,55.73,111.46,0.0,0.0,111.46,73.33,38.13,34.21,Credit Card
TXN-10561,2024-10-19,CUST-1242,Male,45,36-50 (Middle-Aged),Electronics,4K Ultra HD Smart TV,1,671.87,671.87,0.05,33.59,638.28,426.13,212.15,33.24,Credit Card
TXN-12209,2024-10-19,CUST-1089,Male,45,36-50 (Middle-Aged),Home & Kitchen,Espresso Coffee Machine,1,166.84,166.84,0.0,0.0,166.84,106.7,60.14,36.05,Credit Card
TXN-11894,2024-10-19,CUST-1461,Female,38,36-50 (Middle-Aged),Electronics,Noise-Cancelling Headphones,2,172.21,344.42,0.05,17.22,327.2,208.49,118.71,36.28,Credit Card
TXN-11396,2024-10-20,CUST-1487,Female,22,18-24 (Youth),Electronics,4K Ultra HD Smart TV,2,644.58,1289.16,0.15,193.37,1095.79,768.99,326.8,29.82,Credit Card
TXN-10405,2024-10-20,CUST-1001,Male,36,36-50 (Middle-Aged),Electronics,Portable Bluetooth Speaker,3,54.71,164.13,0.1,16.41,147.72,100.4,47.32,32.03,UPI / Digital Wallet
TXN-12423,2024-10-20,CUST-1328,Other,46,36-50 (Middle-Aged),Clothing,Classic Cotton Crewneck T-Shirt,3,20.91,62.73,0.0,0.0,62.73,38.4,24.33,38.79,Debit Card
TXN-11727,2024-10-20,CUST-1181,Female,25,25-35 (Young Adults),Home & Kitchen,Non-Stick Ceramic Cookware Set,1,96.95,96.95,0.05,4.85,92.1,54.14,37.96,41.22,Debit Card
TXN-10115,2024-10-20,CUST-1411,Female,22,18-24 (Youth),Home & Kitchen,Air Fryer Digital Oven,1,105.28,105.28,0.05,5.26,100.02,72.78,27.24,27.23,UPI / Digital Wallet
TXN-10106,2024-10-20,CUST-1025,Female,39,36-50 (Middle-Aged),Electronics,Portable Bluetooth Speaker,2,55.72,111.44,0.1,11.14,100.3,65.26,35.04,34.94,Debit Card
TXN-11498,2024-10-20,CUST-1110,Male,18,18-24 (Youth),Electronics,Wireless Bluetooth Earbuds,1,72.42,72.42,0.05,3.62,68.8,47.45,21.35,31.03,Cash
TXN-10104,2024-10-22,CUST-1324,Female,23,18-24 (Youth),Electronics,Portable Bluetooth Speaker,1,55.54,55.54,0.0,0.0,55.54,38.13,17.41,31.35,UPI / Digital Wallet
TXN-11127,2024-10-22,CUST-1246,Male,31,25-35 (Young Adults),Clothing,Formal Oxford Shirt,1,43.81,43.81,0.2,8.76,35.05,28.71,6.34,18.09,Credit Card
TXN-10268,2024-10-22,CUST-1566,Male,18,18-24 (Youth),Home & Kitchen,Espresso Coffee Machine,3,161.84,485.52,0.05,24.28,461.24,303.54,157.7,34.19,Credit Card
TXN-11231,2024-10-22,CUST-1074,Female,18,18-24 (Youth),Electronics,Noise-Cancelling Headphones,1,173.35,173.35,0.0,0.0,173.35,110.09,63.26,36.49,Credit Card
TXN-11739,2024-10-22,CUST-1169,Female,27,25-35 (Young Adults),Home & Kitchen,Non-Stick Ceramic Cookware Set,5,90.74,453.7,0.1,45.37,408.33,255.49,152.84,37.43,Credit Card
TXN-11464,2024-10-23,CUST-1138,Male,49,36-50 (Middle-Aged),Clothing,Classic Cotton Crewneck T-Shirt,1,22.28,22.28,0.2,4.46,17.82,14.71,3.11,17.45,Credit Card
TXN-12389,2024-10-23,CUST-1128,Female,39,36-50 (Middle-Aged),Books & Stationery,Data Science & ML Handbook,2,46.64,93.28,0.0,0.0,93.28,56.08,37.2,39.88,UPI / Digital Wallet
TXN-11637,2024-10-23,CUST-1359,Female,26,25-35 (Young Adults),Clothing,Formal Oxford Shirt,3,40.53,121.59,0.0,0.0,121.59,81.62,39.97,32.87,Cash
TXN-11384,2024-10-24,CUST-1595,Female,30,25-35 (Young Adults),Electronics,Noise-Cancelling Headphones,2,173.62,347.24,0.0,0.0,347.24,213.54,133.7,38.5,Debit Card
TXN-10903,2024-10-25,CUST-1123,Female,18,18-24 (Youth),Electronics,Noise-Cancelling Headphones,1,183.64,183.64,0.15,27.55,156.09,108.96,47.13,30.19,Credit Card
TXN-10243,2024-10-26,CUST-1275,Male,44,36-50 (Middle-Aged),Home & Kitchen,Espresso Coffee Machine,1,166.87,166.87,0.05,8.34,158.53,97.08,61.45,38.76,Cash
TXN-10584,2024-10-26,CUST-1332,Male,39,36-50 (Middle-Aged),Home & Kitchen,Stainless Steel Water Bottle,4,20.66,82.64,0.15,12.4,70.24,52.9,17.34,24.69,Debit Card
TXN-11214,2024-10-26,CUST-1591,Male,31,25-35 (Young Adults),Home & Kitchen,Non-Stick Ceramic Cookware Set,1,90.75,90.75,0.0,0.0,90.75,50.03,40.72,44.87,Credit Card
TXN-10993,2024-10-27,CUST-1070,Female,43,36-50 (Middle-Aged),Beauty & Personal Care,Shea Butter Moisturizing Cream,2,15.33,30.66,0.0,0.0,30.66,17.58,13.08,42.66,UPI / Digital Wallet
TXN-10630,2024-10-27,CUST-1547,Female,35,25-35 (Young Adults),Electronics,Smart Fitness Watch,1,123.68,123.68,0.1,12.37,111.31,82.99,28.32,25.44,Credit Card
TXN-11309,2024-10-27,CUST-1564,Female,54,51+ (Seniors),Electronics,4K Ultra HD Smart TV,3,642.29,1926.87,0.15,289.03,1637.84,1080.56,557.28,34.03,Debit Card
TXN-11124,2024-10-28,CUST-1185,Male,47,36-50 (Middle-Aged),Beauty & Personal Care,Shea Butter Moisturizing Cream,1,16.48,16.48,0.1,1.65,14.83,9.5,5.33,35.94,Debit Card
TXN-11196,2024-10-28,CUST-1072,Female,37,36-50 (Middle-Aged),Clothing,Winter Hooded Parka,3,129.43,388.29,0.15,58.24,330.05,261.96,68.09,20.63,UPI / Digital Wallet
TXN-10686,2024-10-28,CUST-1164,Female,51,51+ (Seniors),Electronics,Wireless Bluetooth Earbuds,1,74.85,74.85,0.0,0.0,74.85,44.79,30.06,40.16,Debit Card
TXN-12227,2024-10-29,CUST-1493,Female,25,25-35 (Young Adults),Home & Kitchen,Ergonomic Memory Foam Pillow,2,34.51,69.02,0.0,0.0,69.02,41.71,27.31,39.57,Debit Card
TXN-10455,2024-10-29,CUST-1527,Male,38,36-50 (Middle-Aged),Clothing,Slim-Fit Denim Jeans,3,47.85,143.55,0.0,0.0,143.55,83.1,60.45,42.11,Credit Card
TXN-11746,2024-10-29,CUST-1575,Male,18,18-24 (Youth),Electronics,4K Ultra HD Smart TV,2,650.36,1300.72,0.0,0.0,1300.72,723.41,577.31,44.38,Debit Card
TXN-10842,2024-10-29,CUST-1537,Male,32,25-35 (Young Adults),Electronics,Wireless Bluetooth Earbuds,1,77.89,77.89,0.05,3.89,74.0,48.33,25.67,34.69,UPI / Digital Wallet
TXN-11655,2024-10-30,CUST-1264,Male,34,25-35 (Young Adults),Home & Kitchen,Non-Stick Ceramic Cookware Set,1,92.55,92.55,0.05,4.63,87.92,61.55,26.37,29.99,Cash
TXN-12463,2024-10-30,CUST-1280,Male,39,36-50 (Middle-Aged),Clothing,Winter Hooded Parka,1,135.21,135.21,0.2,27.04,108.17,87.43,20.74,19.17,Credit Card
TXN-10383,2024-10-30,CUST-1190,Male,31,25-35 (Young Adults),Electronics,Smart Fitness Watch,2,121.5,243.0,0.0,0.0,243.0,164.99,78.01,32.1,Cash
TXN-10009,2024-10-30,CUST-1351,Female,58,51+ (Seniors),Electronics,Noise-Cancelling Headphones,5,182.91,914.55,0.05,45.73,868.82,505.41,363.41,41.83,Credit Card
TXN-11961,2024-10-31,CUST-1471,Female,18,18-24 (Youth),Beauty & Personal Care,Shea Butter Moisturizing Cream,2,15.89,31.78,0.0,0.0,31.78,18.98,12.8,40.28,UPI / Digital Wallet
TXN-10114,2024-10-31,CUST-1430,Male,21,18-24 (Youth),Electronics,Smart Fitness Watch,1,122.24,122.24,0.05,6.11,116.13,75.6,40.53,34.9,Credit Card
TXN-12094,2024-10-31,CUST-1257,Female,28,25-35 (Young Adults),Electronics,Wireless Bluetooth Earbuds,1,78.39,78.39,0.05,3.92,74.47,49.94,24.53,32.94,Credit Card
TXN-11332,2024-10-31,CUST-1375,Male,27,25-35 (Young Adults),Home & Kitchen,Stainless Steel Water Bottle,1,19.27,19.27,0.05,0.96,18.31,12.91,5.4,29.49,Credit Card
TXN-10511,2024-11-01,CUST-1560,Female,42,36-50 (Middle-Aged),Electronics,Smart Fitness Watch,1,114.08,114.08,0.1,11.41,102.67,66.62,36.05,35.11,Credit Card
TXN-11465,2024-11-01,CUST-1271,Female,18,18-24 (Youth),Electronics,Noise-Cancelling Headphones,2,188.65,377.3,0.0,0.0,377.3,245.95,131.35,34.81,UPI / Digital Wallet
TXN-11926,2024-11-02,CUST-1599,Male,43,36-50 (Middle-Aged),Beauty & Personal Care,Anti-Aging Retinol Night Serum,1,43.77,43.77,0.15,6.57,37.2,30.13,7.07,19.01,Credit Card
TXN-10077,2024-11-02,CUST-1147,Male,19,18-24 (Youth),Electronics,Portable Bluetooth Speaker,1,52.54,52.54,0.0,0.0,52.54,34.66,17.88,34.03,Cash
TXN-11064,2024-11-03,CUST-1289,Male,29,25-35 (Young Adults),Clothing,Slim-Fit Denim Jeans,2,46.23,92.46,0.05,4.62,87.84,54.94,32.9,37.45,Credit Card
TXN-10165,2024-11-03,CUST-1014,Female,18,18-24 (Youth),Clothing,Classic Cotton Crewneck T-Shirt,1,22.4,22.4,0.0,0.0,22.4,15.03,7.37,32.9,Debit Card
TXN-10944,2024-11-03,CUST-1381,Male,29,25-35 (Young Adults),Clothing,Casual Breathable Sneakers,2,73.29,146.58,0.0,0.0,146.58,87.63,58.95,40.22,Debit Card
TXN-10321,2024-11-04,CUST-1331,Male,25,25-35 (Young Adults),Electronics,Smart Fitness Watch,2,125.9,251.8,0.1,25.18,226.62,176.05,50.57,22.31,Debit Card
TXN-12242,2024-11-04,CUST-1459,Female,21,18-24 (Youth),Home & Kitchen,Stainless Steel Water Bottle,1,20.28,20.28,0.2,4.06,16.22,11.22,5.0,30.83,Debit Card
TXN-10128,2024-11-04,CUST-1378,Male,68,51+ (Seniors),Beauty & Personal Care,Ionic Ceramic Hair Dryer,1,56.85,56.85,0.0,0.0,56.85,31.76,25.09,44.13,Credit Card
TXN-11229,2024-11-04,CUST-1148,Female,45,36-50 (Middle-Aged),Clothing,Winter Hooded Parka,2,134.74,269.48,0.15,40.42,229.06,176.18,52.88,23.09,UPI / Digital Wallet
TXN-10158,2024-11-04,CUST-1500,Female,50,36-50 (Middle-Aged),Clothing,Classic Cotton Crewneck T-Shirt,2,21.39,42.78,0.05,2.14,40.64,27.17,13.47,33.14,UPI / Digital Wallet
TXN-11318,2024-11-05,CUST-1088,Female,30,25-35 (Young Adults),Electronics,Noise-Cancelling Headphones,1,175.45,175.45,0.1,17.54,157.91,119.55,38.36,24.29,Debit Card
TXN-10291,2024-11-05,CUST-1431,Female,18,18-24 (Youth),Electronics,Portable Bluetooth Speaker,3,54.66,163.98,0.2,32.8,131.18,101.11,30.07,22.92,UPI / Digital Wallet
TXN-12272,2024-11-06,CUST-1422,Male,34,25-35 (Young Adults),Beauty & Personal Care,Anti-Aging Retinol Night Serum,1,45.4,45.4,0.1,4.54,40.86,28.31,12.55,30.71,Credit Card
TXN-11564,2024-11-06,CUST-1318,Female,42,36-50 (Middle-Aged),Clothing,Slim-Fit Denim Jeans,1,49.15,49.15,0.0,0.0,49.15,30.57,18.58,37.8,UPI / Digital Wallet
TXN-11982,2024-11-06,CUST-1312,Other,49,36-50 (Middle-Aged),Beauty & Personal Care,Organic Botanical Shampoo,2,24.12,48.24,0.05,2.41,45.83,33.77,12.06,26.31,Credit Card
TXN-10024,2024-11-06,CUST-1241,Male,36,36-50 (Middle-Aged),Electronics,4K Ultra HD Smart TV,3,665.4,1996.2,0.0,0.0,1996.2,1126.57,869.63,43.56,Credit Card
TXN-11131,2024-11-07,CUST-1334,Male,51,51+ (Seniors),Electronics,4K Ultra HD Smart TV,1,619.0,619.0,0.1,61.9,557.1,414.94,142.16,25.52,Cash
TXN-10472,2024-11-08,CUST-1087,Female,42,36-50 (Middle-Aged),Electronics,4K Ultra HD Smart TV,4,620.61,2482.44,0.1,248.24,2234.2,1367.87,866.33,38.78,UPI / Digital Wallet
TXN-10499,2024-11-08,CUST-1224,Female,31,25-35 (Young Adults),Home & Kitchen,Air Fryer Digital Oven,1,111.06,111.06,0.0,0.0,111.06,73.33,37.73,33.97,Debit Card
TXN-10896,2024-11-08,CUST-1111,Female,37,36-50 (Middle-Aged),Clothing,Classic Cotton Crewneck T-Shirt,1,21.52,21.52,0.05,1.08,20.44,11.91,8.53,41.73,Debit Card
TXN-12494,2024-11-09,CUST-1279,Female,32,25-35 (Young Adults),Home & Kitchen,Stainless Steel Water Bottle,1,19.32,19.32,0.1,1.93,17.39,13.52,3.87,22.25,UPI / Digital Wallet
TXN-12153,2024-11-09,CUST-1185,Male,47,36-50 (Middle-Aged),Electronics,Noise-Cancelling Headphones,3,181.92,545.76,0.1,54.58,491.18,316.78,174.4,35.51,UPI / Digital Wallet
TXN-10329,2024-11-09,CUST-1101,Male,32,25-35 (Young Adults),Electronics,Wireless Bluetooth Earbuds,1,72.65,72.65,0.0,0.0,72.65,44.79,27.86,38.35,Debit Card
TXN-10810,2024-11-10,CUST-1177,Male,58,51+ (Seniors),Beauty & Personal Care,Daily Hydrating Facial Cleanser,2,17.57,35.14,0.0,0.0,35.14,19.54,15.6,44.39,Credit Card
TXN-10537,2024-11-10,CUST-1075,Male,49,36-50 (Middle-Aged),Beauty & Personal Care,Daily Hydrating Facial Cleanser,3,17.46,52.38,0.15,7.86,44.52,31.08,13.44,30.19,Cash
TXN-11743,2024-11-10,CUST-1560,Female,42,36-50 (Middle-Aged),Books & Stationery,Data Science & ML Handbook,1,45.77,45.77,0.0,0.0,45.77,26.52,19.25,42.06,UPI / Digital Wallet
TXN-10012,2024-11-11,CUST-1584,Male,40,36-50 (Middle-Aged),Electronics,4K Ultra HD Smart TV,2,624.59,1249.18,0.1,124.92,1124.26,860.5,263.76,23.46,Debit Card
TXN-11403,2024-11-11,CUST-1139,Female,20,18-24 (Youth),Electronics,Wireless Bluetooth Earbuds,2,75.38,150.76,0.05,7.54,143.22,99.44,43.78,30.57,Credit Card
TXN-12446,2024-11-13,CUST-1208,Male,45,36-50 (Middle-Aged),Home & Kitchen,Air Fryer Digital Oven,3,112.76,338.28,0.1,33.83,304.45,202.68,101.77,33.43,Cash
TXN-11760,2024-11-13,CUST-1056,Female,26,25-35 (Young Adults),Clothing,Classic Cotton Crewneck T-Shirt,1,22.67,22.67,0.0,0.0,22.67,14.72,7.95,35.07,UPI / Digital Wallet
TXN-10952,2024-11-13,CUST-1081,Female,42,36-50 (Middle-Aged),Home & Kitchen,Air Fryer Digital Oven,1,106.91,106.91,0.1,10.69,96.22,63.23,32.99,34.29,Credit Card
TXN-11422,2024-11-14,CUST-1461,Female,38,36-50 (Middle-Aged),Home & Kitchen,Non-Stick Ceramic Cookware Set,3,94.85,284.55,0.2,56.91,227.64,166.33,61.31,26.93,Credit Card
TXN-11129,2024-11-14,CUST-1294,Female,42,36-50 (Middle-Aged),Electronics,Noise-Cancelling Headphones,2,184.11,368.22,0.2,73.64,294.58,236.13,58.45,19.84,Credit Card
TXN-11055,2024-11-14,CUST-1004,Male,34,25-35 (Young Adults),Clothing,Formal Oxford Shirt,1,42.61,42.61,0.0,0.0,42.61,28.2,14.41,33.82,Debit Card
TXN-10166,2024-11-14,CUST-1002,Male,47,36-50 (Middle-Aged),Electronics,Portable Bluetooth Speaker,3,54.9,164.7,0.1,16.47,148.23,93.97,54.26,36.61,Cash
TXN-10968,2024-11-14,CUST-1193,Female,20,18-24 (Youth),Home & Kitchen,Espresso Coffee Machine,2,160.49,320.98,0.0,0.0,320.98,190.37,130.61,40.69,Credit Card
TXN-11985,2024-11-15,CUST-1005,Male,34,25-35 (Young Adults),Home & Kitchen,Stainless Steel Water Bottle,1,20.01,20.01,0.0,0.0,20.01,11.04,8.97,44.83,Debit Card
TXN-10069,2024-11-15,CUST-1112,Female,38,36-50 (Middle-Aged),Clothing,Classic Cotton Crewneck T-Shirt,1,21.72,21.72,0.15,3.26,18.46,14.44,4.02,21.78,UPI / Digital Wallet
TXN-12248,2024-11-15,CUST-1326,Male,54,51+ (Seniors),Beauty & Personal Care,Organic Botanical Shampoo,2,23.2,46.4,0.05,2.32,44.08,30.29,13.79,31.28,UPI / Digital Wallet
TXN-11070,2024-11-15,CUST-1026,Male,21,18-24 (Youth),Beauty & Personal Care,Ionic Ceramic Hair Dryer,3,55.83,167.49,0.15,25.12,142.37,103.31,39.06,27.44,UPI / Digital Wallet
TXN-10141,2024-11-15,CUST-1044,Male,18,18-24 (Youth),Books & Stationery,Data Science & ML Handbook,2,49.77,99.54,0.0,0.0,99.54,67.32,32.22,32.37,Credit Card
TXN-11481,2024-11-15,CUST-1599,Male,43,36-50 (Middle-Aged),Electronics,4K Ultra HD Smart TV,1,631.19,631.19,0.0,0.0,631.19,380.05,251.14,39.79,Cash
TXN-11036,2024-11-15,CUST-1001,Male,36,36-50 (Middle-Aged),Home & Kitchen,Espresso Coffee Machine,1,161.72,161.72,0.05,8.09,153.63,98.23,55.4,36.06,Debit Card
TXN-11040,2024-11-15,CUST-1355,Female,23,18-24 (Youth),Clothing,Slim-Fit Denim Jeans,4,49.02,196.08,0.0,0.0,196.08,135.91,60.17,30.69,Cash
TXN-10132,2024-11-15,CUST-1245,Female,33,25-35 (Young Adults),Electronics,Wireless Bluetooth Earbuds,1,75.37,75.37,0.1,7.54,67.83,46.73,21.1,31.11,Credit Card
TXN-12445,2024-11-15,CUST-1342,Female,41,36-50 (Middle-Aged),Beauty & Personal Care,Shea Butter Moisturizing Cream,1,15.66,15.66,0.05,0.78,14.88,10.91,3.97,26.68,Cash
TXN-11060,2024-11-15,CUST-1161,Male,49,36-50 (Middle-Aged),Home & Kitchen,Espresso Coffee Machine,1,160.01,160.01,0.0,0.0,160.01,104.66,55.35,34.59,UPI / Digital Wallet
TXN-10192,2024-11-16,CUST-1457,Female,23,18-24 (Youth),Beauty & Personal Care,Organic Botanical Shampoo,1,24.3,24.3,0.15,3.64,20.66,15.19,5.47,26.48,Credit Card
TXN-10381,2024-11-16,CUST-1537,Male,32,25-35 (Young Adults),Electronics,Noise-Cancelling Headphones,1,172.15,172.15,0.0,0.0,172.15,106.18,65.97,38.32,Credit Card
TXN-12401,2024-11-16,CUST-1308,Male,45,36-50 (Middle-Aged),Home & Kitchen,Air Fryer Digital Oven,5,109.17,545.85,0.1,54.59,491.26,363.78,127.48,25.95,Credit Card
TXN-10712,2024-11-16,CUST-1333,Female,28,25-35 (Young Adults),Home & Kitchen,Espresso Coffee Machine,1,157.89,157.89,0.05,7.89,150.0,106.65,43.35,28.9,Debit Card
TXN-11209,2024-11-16,CUST-1475,Female,34,25-35 (Young Adults),Clothing,Classic Cotton Crewneck T-Shirt,5,20.94,104.7,0.0,0.0,104.7,70.5,34.2,32.66,Debit Card
TXN-12399,2024-11-16,CUST-1051,Female,32,25-35 (Young Adults),Electronics,Portable Bluetooth Speaker,1,52.37,52.37,0.1,5.24,47.13,35.91,11.22,23.81,Credit Card
TXN-11100,2024-11-16,CUST-1020,Male,58,51+ (Seniors),Beauty & Personal Care,Shea Butter Moisturizing Cream,1,16.46,16.46,0.15,2.47,13.99,9.38,4.61,32.95,Credit Card
TXN-12152,2024-11-17,CUST-1482,Female,18,18-24 (Youth),Electronics,Wireless Bluetooth Earbuds,2,75.4,150.8,0.05,7.54,143.26,84.58,58.68,40.96,UPI / Digital Wallet
TXN-11009,2024-11-17,CUST-1255,Male,31,25-35 (Young Adults),Clothing,Slim-Fit Denim Jeans,4,48.4,193.6,0.05,9.68,183.92,132.79,51.13,27.8,UPI / Digital Wallet
TXN-11823,2024-11-18,CUST-1029,Male,33,25-35 (Young Adults),Home & Kitchen,Espresso Coffee Machine,3,162.59,487.77,0.1,48.78,438.99,307.34,131.65,29.99,Credit Card
TXN-11669,2024-11-18,CUST-1079,Female,18,18-24 (Youth),Electronics,Noise-Cancelling Headphones,4,179.32,717.28,0.05,35.86,681.42,437.85,243.57,35.74,Debit Card
TXN-10704,2024-11-18,CUST-1046,Female,31,25-35 (Young Adults),Home & Kitchen,Stainless Steel Water Bottle,1,19.12,19.12,0.15,2.87,16.25,12.48,3.77,23.2,Credit Card
TXN-10589,2024-11-18,CUST-1102,Female,33,25-35 (Young Adults),Beauty & Personal Care,Daily Hydrating Facial Cleanser,1,18.7,18.7,0.0,0.0,18.7,11.93,6.77,36.2,Credit Card
TXN-11164,2024-11-18,CUST-1111,Female,37,36-50 (Middle-Aged),Beauty & Personal Care,Shea Butter Moisturizing Cream,1,15.74,15.74,0.05,0.79,14.95,9.03,5.92,39.6,Debit Card
TXN-10936,2024-11-18,CUST-1041,Female,40,36-50 (Middle-Aged),Electronics,Portable Bluetooth Speaker,1,56.53,56.53,0.05,2.83,53.7,36.64,17.06,31.77,Cash
TXN-12147,2024-11-18,CUST-1310,Male,34,25-35 (Young Adults),Clothing,Slim-Fit Denim Jeans,1,49.01,49.01,0.05,2.45,46.56,29.7,16.86,36.21,Debit Card
TXN-10728,2024-11-19,CUST-1437,Male,18,18-24 (Youth),Electronics,Wireless Bluetooth Earbuds,2,72.98,145.96,0.0,0.0,145.96,84.13,61.83,42.36,UPI / Digital Wallet
TXN-12429,2024-11-19,CUST-1109,Female,36,36-50 (Middle-Aged),Clothing,Slim-Fit Denim Jeans,2,49.33,98.66,0.0,0.0,98.66,57.7,40.96,41.52,Cash
TXN-12019,2024-11-20,CUST-1593,Female,42,36-50 (Middle-Aged),Electronics,4K Ultra HD Smart TV,1,672.49,672.49,0.1,67.25,605.24,443.68,161.56,26.69,Credit Card
TXN-11122,2024-11-20,CUST-1539,Male,29,25-35 (Young Adults),Electronics,4K Ultra HD Smart TV,1,679.03,679.03,0.1,67.9,611.13,448.85,162.28,26.55,Debit Card
TXN-11149,2024-11-20,CUST-1339,Male,30,25-35 (Young Adults),Home & Kitchen,Stainless Steel Water Bottle,2,20.21,40.42,0.15,6.06,34.36,27.78,6.58,19.15,UPI / Digital Wallet
TXN-10475,2024-11-20,CUST-1415,Male,27,25-35 (Young Adults),Electronics,Noise-Cancelling Headphones,1,173.14,173.14,0.05,8.66,164.48,100.94,63.54,38.63,Credit Card
TXN-10592,2024-11-21,CUST-1161,Male,49,36-50 (Middle-Aged),Books & Stationery,Executive Hardcover Notebook,2,14.35,28.7,0.15,4.3,24.4,20.08,4.32,17.7,Debit Card
TXN-10352,2024-11-21,CUST-1135,Female,59,51+ (Seniors),Home & Kitchen,Stainless Steel Water Bottle,1,20.99,20.99,0.0,0.0,20.99,11.9,9.09,43.31,UPI / Digital Wallet
TXN-11188,2024-11-21,CUST-1422,Male,34,25-35 (Young Adults),Home & Kitchen,Non-Stick Ceramic Cookware Set,1,94.54,94.54,0.0,0.0,94.54,58.55,35.99,38.07,Credit Card
TXN-11606,2024-11-22,CUST-1546,Male,46,36-50 (Middle-Aged),Electronics,4K Ultra HD Smart TV,1,639.75,639.75,0.2,127.95,511.8,439.3,72.5,14.17,Credit Card
TXN-12372,2024-11-22,CUST-1301,Male,30,25-35 (Young Adults),Beauty & Personal Care,Anti-Aging Retinol Night Serum,1,46.66,46.66,0.15,7.0,39.66,31.58,8.08,20.37,UPI / Digital Wallet
TXN-11530,2024-11-22,CUST-1036,Female,40,36-50 (Middle-Aged),Clothing,Formal Oxford Shirt,1,42.91,42.91,0.0,0.0,42.91,24.8,18.11,42.2,Credit Card
TXN-10269,2024-11-22,CUST-1307,Male,29,25-35 (Young Adults),Books & Stationery,Executive Hardcover Notebook,2,15.44,30.88,0.0,0.0,30.88,18.54,12.34,39.96,Debit Card
TXN-10983,2024-11-23,CUST-1354,Male,37,36-50 (Middle-Aged),Clothing,Slim-Fit Denim Jeans,1,47.23,47.23,0.05,2.36,44.87,31.6,13.27,29.57,Debit Card
TXN-10559,2024-11-23,CUST-1411,Female,22,18-24 (Youth),Home & Kitchen,Air Fryer Digital Oven,2,112.68,225.36,0.0,0.0,225.36,152.21,73.15,32.46,Credit Card
TXN-12033,2024-11-23,CUST-1314,Male,56,51+ (Seniors),Clothing,Formal Oxford Shirt,3,43.9,131.7,0.0,0.0,131.7,88.83,42.87,32.55,Debit Card
TXN-11692,2024-11-23,CUST-1535,Male,38,36-50 (Middle-Aged),Books & Stationery,Data Science & ML Handbook,1,50.09,50.09,0.05,2.5,47.59,33.54,14.05,29.52,Credit Card
TXN-11615,2024-11-24,CUST-1358,Male,42,36-50 (Middle-Aged),Clothing,Formal Oxford Shirt,1,41.95,41.95,0.1,4.2,37.75,27.88,9.87,26.15,Credit Card
TXN-10829,2024-11-24,CUST-1244,Male,21,18-24 (Youth),Electronics,Wireless Bluetooth Earbuds,4,75.84,303.36,0.0,0.0,303.36,167.87,135.49,44.66,Credit Card
TXN-12021,2024-11-24,CUST-1010,Male,31,25-35 (Young Adults),Home & Kitchen,Air Fryer Digital Oven,5,111.22,556.1,0.2,111.22,444.88,386.47,58.41,13.13,Credit Card
TXN-11610,2024-11-25,CUST-1117,Female,21,18-24 (Youth),Home & Kitchen,Stainless Steel Water Bottle,1,19.66,19.66,0.05,0.98,18.68,13.03,5.65,30.25,Credit Card
TXN-12222,2024-11-25,CUST-1447,Male,24,18-24 (Youth),Electronics,Noise-Cancelling Headphones,2,178.77,357.54,0.05,17.88,339.66,242.57,97.09,28.58,Credit Card
TXN-10818,2024-11-26,CUST-1307,Male,29,25-35 (Young Adults),Home & Kitchen,Air Fryer Digital Oven,2,112.68,225.36,0.05,11.27,214.09,129.72,84.37,39.41,Credit Card
TXN-11886,2024-11-26,CUST-1011,Female,31,25-35 (Young Adults),Electronics,4K Ultra HD Smart TV,3,624.14,1872.42,0.1,187.24,1685.18,1103.51,581.67,34.52,Credit Card
TXN-12455,2024-11-26,CUST-1194,Male,40,36-50 (Middle-Aged),Clothing,Formal Oxford Shirt,3,40.35,121.05,0.15,18.16,102.89,83.08,19.81,19.25,UPI / Digital Wallet
TXN-11335,2024-11-26,CUST-1215,Male,48,36-50 (Middle-Aged),Beauty & Personal Care,Ionic Ceramic Hair Dryer,2,57.89,115.78,0.0,0.0,115.78,73.97,41.81,36.11,Credit Card
TXN-12300,2024-11-27,CUST-1389,Male,29,25-35 (Young Adults),Home & Kitchen,Espresso Coffee Machine,1,154.06,154.06,0.1,15.41,138.65,107.42,31.23,22.52,UPI / Digital Wallet
TXN-11456,2024-11-27,CUST-1212,Female,51,51+ (Seniors),Home & Kitchen,Air Fryer Digital Oven,1,114.06,114.06,0.15,17.11,96.95,71.7,25.25,26.04,Credit Card
TXN-10943,2024-11-27,CUST-1367,Male,38,36-50 (Middle-Aged),Clothing,Formal Oxford Shirt,1,42.83,42.83,0.0,0.0,42.83,26.49,16.34,38.15,Credit Card
TXN-10542,2024-11-27,CUST-1386,Female,42,36-50 (Middle-Aged),Home & Kitchen,Ergonomic Memory Foam Pillow,1,35.01,35.01,0.1,3.5,31.51,19.95,11.56,36.69,Debit Card
TXN-11000,2024-11-28,CUST-1533,Male,21,18-24 (Youth),Books & Stationery,Minimalist Wooden Desk Organizer,1,26.68,26.68,0.0,0.0,26.68,18.16,8.52,31.93,Debit Card
TXN-11612,2024-11-28,CUST-1303,Male,46,36-50 (Middle-Aged),Beauty & Personal Care,Organic Botanical Shampoo,1,24.14,24.14,0.0,0.0,24.14,15.16,8.98,37.2,Credit Card
TXN-12165,2024-11-29,CUST-1132,Female,23,18-24 (Youth),Beauty & Personal Care,Organic Botanical Shampoo,1,24.59,24.59,0.1,2.46,22.13,16.91,5.22,23.59,Credit Card
TXN-10523,2024-11-29,CUST-1490,Female,37,36-50 (Middle-Aged),Home & Kitchen,Ergonomic Memory Foam Pillow,3,35.43,106.29,0.2,21.26,85.03,61.53,23.5,27.64,UPI / Digital Wallet
TXN-11458,2024-11-29,CUST-1103,Female,26,25-35 (Young Adults),Clothing,Slim-Fit Denim Jeans,1,48.74,48.74,0.0,0.0,48.74,28.28,20.46,41.98,UPI / Digital Wallet
TXN-11865,2024-11-29,CUST-1446,Female,43,36-50 (Middle-Aged),Beauty & Personal Care,Anti-Aging Retinol Night Serum,2,43.96,87.92,0.0,0.0,87.92,58.02,29.9,34.01,Debit Card
TXN-10385,2024-11-29,CUST-1431,Female,18,18-24 (Youth),Beauty & Personal Care,Ionic Ceramic Hair Dryer,1,59.21,59.21,0.15,8.88,50.33,38.53,11.8,23.45,UPI / Digital Wallet
TXN-12062,2024-11-30,CUST-1534,Female,28,25-35 (Young Adults),Clothing,Classic Cotton Crewneck T-Shirt,1,21.53,21.53,0.0,0.0,21.53,13.2,8.33,38.69,Credit Card
TXN-11569,2024-11-30,CUST-1166,Male,49,36-50 (Middle-Aged),Books & Stationery,Fine Fountain Pen Set,1,36.16,36.16,0.0,0.0,36.16,19.9,16.26,44.97,Credit Card
TXN-10395,2024-11-30,CUST-1463,Female,40,36-50 (Middle-Aged),Electronics,Noise-Cancelling Headphones,1,174.42,174.42,0.05,8.72,165.7,116.92,48.78,29.44,Credit Card
TXN-12312,2024-11-30,CUST-1580,Male,42,36-50 (Middle-Aged),Books & Stationery,Data Science & ML Handbook,2,47.71,95.42,0.1,9.54,85.88,55.0,30.88,35.96,Cash
TXN-11306,2024-12-01,CUST-1025,Female,39,36-50 (Middle-Aged),Home & Kitchen,Espresso Coffee Machine,2,161.3,322.6,0.0,0.0,322.6,214.01,108.59,33.66,Credit Card
TXN-11336,2024-12-01,CUST-1260,Female,25,25-35 (Young Adults),Books & Stationery,Minimalist Wooden Desk Organizer,1,27.8,27.8,0.0,0.0,27.8,17.59,10.21,36.73,Credit Card
TXN-10548,2024-12-01,CUST-1530,Male,46,36-50 (Middle-Aged),Electronics,Wireless Bluetooth Earbuds,1,75.78,75.78,0.05,3.79,71.99,52.8,19.19,26.66,UPI / Digital Wallet
TXN-12394,2024-12-01,CUST-1586,Male,31,25-35 (Young Adults),Clothing,Classic Cotton Crewneck T-Shirt,5,22.21,111.05,0.2,22.21,88.84,61.12,27.72,31.2,UPI / Digital Wallet
TXN-10110,2024-12-01,CUST-1189,Female,18,18-24 (Youth),Beauty & Personal Care,Organic Botanical Shampoo,1,23.06,23.06,0.15,3.46,19.6,14.66,4.94,25.2,Debit Card
TXN-11658,2024-12-02,CUST-1548,Other,43,36-50 (Middle-Aged),Clothing,Formal Oxford Shirt,2,40.6,81.2,0.05,4.06,77.14,52.7,24.44,31.68,UPI / Digital Wallet
TXN-12099,2024-12-02,CUST-1358,Male,42,36-50 (Middle-Aged),Beauty & Personal Care,Anti-Aging Retinol Night Serum,2,45.62,91.24,0.05,4.56,86.68,61.76,24.92,28.75,Debit Card
TXN-12044,2024-12-02,CUST-1360,Male,45,36-50 (Middle-Aged),Home & Kitchen,Non-Stick Ceramic Cookware Set,2,92.49,184.98,0.0,0.0,184.98,113.88,71.1,38.44,Credit Card
TXN-10919,2024-12-02,CUST-1195,Male,43,36-50 (Middle-Aged),Home & Kitchen,Ergonomic Memory Foam Pillow,4,36.4,145.6,0.05,7.28,138.32,99.52,38.8,28.05,Credit Card
TXN-11935,2024-12-03,CUST-1380,Female,26,25-35 (Young Adults),Electronics,Noise-Cancelling Headphones,1,177.85,177.85,0.0,0.0,177.85,99.37,78.48,44.13,UPI / Digital Wallet
TXN-10880,2024-12-03,CUST-1598,Female,31,25-35 (Young Adults),Clothing,Casual Breathable Sneakers,3,69.06,207.18,0.1,20.72,186.46,137.43,49.03,26.3,Debit Card
TXN-10112,2024-12-04,CUST-1332,Male,39,36-50 (Middle-Aged),Books & Stationery,Artisan Sketching Pencil Kit,1,18.8,18.8,0.05,0.94,17.86,12.9,4.96,27.77,UPI / Digital Wallet
TXN-12387,2024-12-04,CUST-1472,Male,18,18-24 (Youth),Home & Kitchen,Air Fryer Digital Oven,4,106.69,426.76,0.0,0.0,426.76,254.61,172.15,40.34,Debit Card
TXN-12045,2024-12-04,CUST-1571,Female,61,51+ (Seniors),Clothing,Formal Oxford Shirt,1,43.72,43.72,0.2,8.74,34.98,26.0,8.98,25.67,Credit Card
TXN-11079,2024-12-05,CUST-1031,Male,63,51+ (Seniors),Electronics,Portable Bluetooth Speaker,1,57.55,57.55,0.0,0.0,57.55,37.4,20.15,35.01,UPI / Digital Wallet
TXN-12246,2024-12-05,CUST-1322,Male,26,25-35 (Young Adults),Home & Kitchen,Stainless Steel Water Bottle,2,20.22,40.44,0.1,4.04,36.4,25.26,11.14,30.6,UPI / Digital Wallet
TXN-10735,2024-12-05,CUST-1259,Male,48,36-50 (Middle-Aged),Electronics,Portable Bluetooth Speaker,3,53.11,159.33,0.1,15.93,143.4,107.75,35.65,24.86,Credit Card
TXN-11369,2024-12-06,CUST-1436,Female,60,51+ (Seniors),Beauty & Personal Care,Shea Butter Moisturizing Cream,1,16.22,16.22,0.15,2.43,13.79,11.28,2.51,18.2,Credit Card
TXN-12207,2024-12-06,CUST-1444,Male,19,18-24 (Youth),Clothing,Formal Oxford Shirt,3,40.88,122.64,0.05,6.13,116.51,82.79,33.72,28.94,Credit Card
TXN-11957,2024-12-06,CUST-1486,Female,28,25-35 (Young Adults),Books & Stationery,Executive Hardcover Notebook,2,14.37,28.74,0.1,2.87,25.87,15.81,10.06,38.89,Cash
TXN-11089,2024-12-06,CUST-1244,Male,21,18-24 (Youth),Beauty & Personal Care,Organic Botanical Shampoo,2,22.88,45.76,0.0,0.0,45.76,26.08,19.68,43.01,Credit Card
TXN-10637,2024-12-06,CUST-1000,Female,44,36-50 (Middle-Aged),Clothing,Classic Cotton Crewneck T-Shirt,1,21.1,21.1,0.15,3.16,17.94,14.47,3.47,19.34,Credit Card
TXN-10758,2024-12-06,CUST-1232,Female,38,36-50 (Middle-Aged),Electronics,Smart Fitness Watch,1,117.55,117.55,0.05,5.88,111.67,71.89,39.78,35.62,Credit Card
TXN-10003,2024-12-07,CUST-1591,Male,31,25-35 (Young Adults),Clothing,Classic Cotton Crewneck T-Shirt,1,22.37,22.37,0.05,1.12,21.25,14.28,6.97,32.8,Cash
TXN-10647,2024-12-07,CUST-1290,Female,35,25-35 (Young Adults),Home & Kitchen,Espresso Coffee Machine,2,164.08,328.16,0.05,16.41,311.75,185.35,126.4,40.55,UPI / Digital Wallet
TXN-10047,2024-12-08,CUST-1593,Female,42,36-50 (Middle-Aged),Clothing,Slim-Fit Denim Jeans,3,48.55,145.65,0.05,7.28,138.37,101.0,37.37,27.01,Credit Card
TXN-10397,2024-12-08,CUST-1247,Other,28,25-35 (Young Adults),Clothing,Classic Cotton Crewneck T-Shirt,5,22.08,110.4,0.15,16.56,93.84,62.33,31.51,33.58,UPI / Digital Wallet
TXN-12500,2024-12-08,CUST-1551,Male,35,25-35 (Young Adults),Electronics,Portable Bluetooth Speaker,5,56.63,283.15,0.2,56.63,226.52,188.76,37.76,16.67,Credit Card
TXN-11833,2024-12-08,CUST-1512,Female,34,25-35 (Young Adults),Books & Stationery,Executive Hardcover Notebook,2,14.68,29.36,0.0,0.0,29.36,20.25,9.11,31.03,Debit Card
TXN-12221,2024-12-08,CUST-1136,Male,27,25-35 (Young Adults),Books & Stationery,Minimalist Wooden Desk Organizer,4,28.98,115.92,0.0,0.0,115.92,69.55,46.37,40.0,Credit Card
TXN-11328,2024-12-09,CUST-1262,Female,18,18-24 (Youth),Home & Kitchen,Stainless Steel Water Bottle,1,20.53,20.53,0.05,1.03,19.5,12.88,6.62,33.95,Credit Card
TXN-10466,2024-12-09,CUST-1284,Male,67,51+ (Seniors),Electronics,Wireless Bluetooth Earbuds,1,72.03,72.03,0.0,0.0,72.03,46.83,25.2,34.99,Credit Card
TXN-12201,2024-12-09,CUST-1033,Female,23,18-24 (Youth),Home & Kitchen,Non-Stick Ceramic Cookware Set,5,92.55,462.75,0.15,69.41,393.34,291.21,102.13,25.96,Debit Card
TXN-11107,2024-12-09,CUST-1591,Male,31,25-35 (Young Adults),Home & Kitchen,Non-Stick Ceramic Cookware Set,5,96.66,483.3,0.1,48.33,434.97,301.57,133.4,30.67,UPI / Digital Wallet
TXN-11438,2024-12-09,CUST-1554,Male,42,36-50 (Middle-Aged),Home & Kitchen,Non-Stick Ceramic Cookware Set,1,95.57,95.57,0.2,19.11,76.46,63.98,12.48,16.32,Credit Card
TXN-10838,2024-12-09,CUST-1231,Male,41,36-50 (Middle-Aged),Clothing,Casual Breathable Sneakers,3,72.12,216.36,0.0,0.0,216.36,150.46,65.9,30.46,Cash
TXN-11620,2024-12-09,CUST-1120,Female,49,36-50 (Middle-Aged),Electronics,4K Ultra HD Smart TV,1,641.06,641.06,0.0,0.0,641.06,408.61,232.45,36.26,Credit Card
TXN-11027,2024-12-09,CUST-1589,Female,26,25-35 (Young Adults),Beauty & Personal Care,Daily Hydrating Facial Cleanser,3,18.03,54.09,0.05,2.7,51.39,36.96,14.43,28.08,Credit Card
TXN-10574,2024-12-09,CUST-1568,Male,18,18-24 (Youth),Electronics,4K Ultra HD Smart TV,1,626.78,626.78,0.2,125.36,501.42,374.79,126.63,25.25,UPI / Digital Wallet
TXN-10443,2024-12-10,CUST-1010,Male,31,25-35 (Young Adults),Home & Kitchen,Stainless Steel Water Bottle,1,19.08,19.08,0.05,0.95,18.13,10.92,7.21,39.77,Cash
TXN-10072,2024-12-10,CUST-1562,Female,50,36-50 (Middle-Aged),Books & Stationery,Fine Fountain Pen Set,1,39.34,39.34,0.05,1.97,37.37,24.36,13.01,34.81,Debit Card
TXN-11817,2024-12-11,CUST-1419,Male,38,36-50 (Middle-Aged),Home & Kitchen,Espresso Coffee Machine,1,152.63,152.63,0.0,0.0,152.63,85.58,67.05,43.93,UPI / Digital Wallet
TXN-10748,2024-12-11,CUST-1287,Female,46,36-50 (Middle-Aged),Beauty & Personal Care,Ionic Ceramic Hair Dryer,2,55.7,111.4,0.05,5.57,105.83,73.11,32.72,30.92,Credit Card
TXN-11903,2024-12-11,CUST-1229,Male,47,36-50 (Middle-Aged),Beauty & Personal Care,Anti-Aging Retinol Night Serum,5,45.33,226.65,0.0,0.0,226.65,138.28,88.37,38.99,Credit Card
TXN-11468,2024-12-12,CUST-1040,Male,48,36-50 (Middle-Aged),Home & Kitchen,Air Fryer Digital Oven,1,111.61,111.61,0.0,0.0,111.61,71.05,40.56,36.34,Cash
TXN-11148,2024-12-13,CUST-1445,Female,47,36-50 (Middle-Aged),Electronics,Smart Fitness Watch,1,121.46,121.46,0.0,0.0,121.46,82.02,39.44,32.47,Credit Card
TXN-12434,2024-12-13,CUST-1028,Female,29,25-35 (Young Adults),Clothing,Winter Hooded Parka,1,131.32,131.32,0.0,0.0,131.32,82.78,48.54,36.96,Credit Card
TXN-10614,2024-12-13,CUST-1252,Female,67,51+ (Seniors),Electronics,Smart Fitness Watch,1,122.13,122.13,0.1,12.21,109.92,79.95,29.97,27.27,Credit Card
TXN-11652,2024-12-14,CUST-1291,Female,31,25-35 (Young Adults),Clothing,Winter Hooded Parka,5,128.34,641.7,0.05,32.08,609.62,434.57,175.05,28.71,Debit Card
TXN-11253,2024-12-14,CUST-1473,Male,57,51+ (Seniors),Home & Kitchen,Stainless Steel Water Bottle,1,19.24,19.24,0.0,0.0,19.24,11.83,7.41,38.51,UPI / Digital Wallet
TXN-12037,2024-12-15,CUST-1029,Male,33,25-35 (Young Adults),Electronics,Noise-Cancelling Headphones,2,182.31,364.62,0.05,18.23,346.39,212.2,134.19,38.74,Credit Card
TXN-11882,2024-12-15,CUST-1327,Male,49,36-50 (Middle-Aged),Electronics,Noise-Cancelling Headphones,2,187.01,374.02,0.0,0.0,374.02,238.88,135.14,36.13,UPI / Digital Wallet
TXN-12023,2024-12-15,CUST-1018,Female,25,25-35 (Young Adults),Home & Kitchen,Stainless Steel Water Bottle,5,20.53,102.65,0.0,0.0,102.65,60.68,41.97,40.89,UPI / Digital Wallet
TXN-10362,2024-12-15,CUST-1438,Male,18,18-24 (Youth),Books & Stationery,Artisan Sketching Pencil Kit,1,18.87,18.87,0.05,0.94,17.93,11.38,6.55,36.53,Credit Card
TXN-11654,2024-12-15,CUST-1388,Female,51,51+ (Seniors),Home & Kitchen,Non-Stick Ceramic Cookware Set,1,94.2,94.2,0.0,0.0,94.2,62.33,31.87,33.83,UPI / Digital Wallet
TXN-10018,2024-12-15,CUST-1323,Female,67,51+ (Seniors),Books & Stationery,Data Science & ML Handbook,1,46.09,46.09,0.0,0.0,46.09,27.32,18.77,40.72,Credit Card
TXN-10227,2024-12-16,CUST-1291,Female,31,25-35 (Young Adults),Beauty & Personal Care,Organic Botanical Shampoo,1,24.36,24.36,0.05,1.22,23.14,16.34,6.8,29.39,Debit Card
TXN-10522,2024-12-16,CUST-1449,Male,23,18-24 (Youth),Electronics,Noise-Cancelling Headphones,1,178.51,178.51,0.0,0.0,178.51,98.63,79.88,44.75,UPI / Digital Wallet
TXN-10411,2024-12-16,CUST-1552,Male,54,51+ (Seniors),Clothing,Winter Hooded Parka,1,137.87,137.87,0.05,6.89,130.98,85.6,45.38,34.65,Credit Card
TXN-12168,2024-12-17,CUST-1451,Female,51,51+ (Seniors),Clothing,Slim-Fit Denim Jeans,1,47.46,47.46,0.2,9.49,37.97,28.99,8.98,23.65,Debit Card
TXN-11905,2024-12-17,CUST-1152,Male,28,25-35 (Young Adults),Home & Kitchen,Air Fryer Digital Oven,1,112.34,112.34,0.05,5.62,106.72,71.36,35.36,33.13,UPI / Digital Wallet
TXN-10798,2024-12-17,CUST-1215,Male,48,36-50 (Middle-Aged),Home & Kitchen,Espresso Coffee Machine,4,158.52,634.08,0.05,31.7,602.38,411.91,190.47,31.62,Credit Card
TXN-11075,2024-12-17,CUST-1543,Female,58,51+ (Seniors),Home & Kitchen,Espresso Coffee Machine,1,156.75,156.75,0.15,23.51,133.24,107.4,25.84,19.39,Cash
TXN-12295,2024-12-18,CUST-1103,Female,26,25-35 (Young Adults),Home & Kitchen,Stainless Steel Water Bottle,2,19.99,39.98,0.0,0.0,39.98,26.56,13.42,33.57,Credit Card
TXN-10742,2024-12-18,CUST-1164,Female,51,51+ (Seniors),Electronics,Noise-Cancelling Headphones,2,173.56,347.12,0.0,0.0,347.12,212.13,134.99,38.89,Credit Card
TXN-12329,2024-12-18,CUST-1253,Male,52,51+ (Seniors),Home & Kitchen,Espresso Coffee Machine,2,161.45,322.9,0.0,0.0,322.9,204.17,118.73,36.77,Debit Card
TXN-10571,2024-12-18,CUST-1338,Male,43,36-50 (Middle-Aged),Beauty & Personal Care,Ionic Ceramic Hair Dryer,1,56.21,56.21,0.15,8.43,47.78,31.34,16.44,34.41,UPI / Digital Wallet
TXN-10917,2024-12-18,CUST-1500,Female,50,36-50 (Middle-Aged),Electronics,Wireless Bluetooth Earbuds,2,76.4,152.8,0.05,7.64,145.16,104.87,40.29,27.76,Cash
TXN-12031,2024-12-19,CUST-1128,Female,39,36-50 (Middle-Aged),Books & Stationery,Minimalist Wooden Desk Organizer,3,26.89,80.67,0.05,4.03,76.64,53.71,22.93,29.92,Credit Card
TXN-12118,2024-12-20,CUST-1536,Male,25,25-35 (Young Adults),Home & Kitchen,Air Fryer Digital Oven,1,107.96,107.96,0.0,0.0,107.96,73.8,34.16,31.64,UPI / Digital Wallet
TXN-10260,2024-12-20,CUST-1427,Female,47,36-50 (Middle-Aged),Home & Kitchen,Ergonomic Memory Foam Pillow,3,34.51,103.53,0.05,5.18,98.35,62.04,36.31,36.92,Debit Card
TXN-10337,2024-12-20,CUST-1092,Male,28,25-35 (Young Adults),Beauty & Personal Care,Anti-Aging Retinol Night Serum,1,44.62,44.62,0.1,4.46,40.16,27.5,12.66,31.52,Debit Card
TXN-12355,2024-12-20,CUST-1379,Male,26,25-35 (Young Adults),Electronics,4K Ultra HD Smart TV,4,675.65,2702.6,0.1,270.26,2432.34,1507.82,924.52,38.01,UPI / Digital Wallet
TXN-10533,2024-12-20,CUST-1098,Female,38,36-50 (Middle-Aged),Home & Kitchen,Espresso Coffee Machine,1,162.96,162.96,0.0,0.0,162.96,96.5,66.46,40.78,Credit Card
TXN-10439,2024-12-20,CUST-1545,Female,26,25-35 (Young Adults),Electronics,Noise-Cancelling Headphones,2,187.43,374.86,0.05,18.74,356.12,220.22,135.9,38.16,Credit Card
TXN-11879,2024-12-20,CUST-1469,Male,29,25-35 (Young Adults),Clothing,Formal Oxford Shirt,1,39.93,39.93,0.05,2.0,37.93,26.73,11.2,29.53,Debit Card
TXN-10306,2024-12-20,CUST-1174,Male,41,36-50 (Middle-Aged),Beauty & Personal Care,Daily Hydrating Facial Cleanser,3,18.29,54.87,0.1,5.49,49.38,36.17,13.21,26.75,Debit Card
TXN-12184,2024-12-21,CUST-1252,Female,67,51+ (Seniors),Beauty & Personal Care,Ionic Ceramic Hair Dryer,3,55.93,167.79,0.1,16.78,151.01,103.31,47.7,31.59,Debit Card
TXN-10519,2024-12-21,CUST-1310,Male,34,25-35 (Young Adults),Electronics,Noise-Cancelling Headphones,1,172.26,172.26,0.0,0.0,172.26,109.75,62.51,36.29,Cash
TXN-11482,2024-12-21,CUST-1499,Female,18,18-24 (Youth),Clothing,Casual Breathable Sneakers,2,68.78,137.56,0.0,0.0,137.56,92.18,45.38,32.99,Cash
TXN-12277,2024-12-21,CUST-1338,Male,43,36-50 (Middle-Aged),Home & Kitchen,Espresso Coffee Machine,1,163.22,163.22,0.05,8.16,155.06,97.96,57.1,36.82,Credit Card
TXN-11409,2024-12-22,CUST-1282,Female,60,51+ (Seniors),Clothing,Formal Oxford Shirt,1,43.33,43.33,0.1,4.33,39.0,28.04,10.96,28.1,Credit Card
TXN-11082,2024-12-22,CUST-1430,Male,21,18-24 (Youth),Home & Kitchen,Stainless Steel Water Bottle,2,19.61,39.22,0.15,5.88,33.34,25.65,7.69,23.07,Cash
TXN-11740,2024-12-23,CUST-1534,Female,28,25-35 (Young Adults),Beauty & Personal Care,Organic Botanical Shampoo,2,24.38,48.76,0.05,2.44,46.32,29.55,16.77,36.2,Debit Card
TXN-11257,2024-12-23,CUST-1021,Male,34,25-35 (Young Adults),Electronics,Noise-Cancelling Headphones,3,175.18,525.54,0.15,78.83,446.71,307.16,139.55,31.24,Credit Card
TXN-12476,2024-12-24,CUST-1474,Male,61,51+ (Seniors),Home & Kitchen,Espresso Coffee Machine,2,161.77,323.54,0.1,32.35,291.19,194.12,97.07,33.34,UPI / Digital Wallet
TXN-10399,2024-12-24,CUST-1383,Female,30,25-35 (Young Adults),Electronics,Wireless Bluetooth Earbuds,1,74.46,74.46,0.0,0.0,74.46,45.01,29.45,39.55,Debit Card
TXN-11430,2024-12-24,CUST-1195,Male,43,36-50 (Middle-Aged),Beauty & Personal Care,Daily Hydrating Facial Cleanser,1,17.58,17.58,0.1,1.76,15.82,9.94,5.88,37.17,Debit Card
TXN-11337,2024-12-24,CUST-1398,Male,36,36-50 (Middle-Aged),Electronics,Noise-Cancelling Headphones,2,173.68,347.36,0.1,34.74,312.62,196.28,116.34,37.21,Cash
TXN-11323,2024-12-24,CUST-1219,Female,39,36-50 (Middle-Aged),Electronics,4K Ultra HD Smart TV,2,624.57,1249.14,0.0,0.0,1249.14,724.88,524.26,41.97,UPI / Digital Wallet
TXN-12003,2024-12-24,CUST-1524,Female,27,25-35 (Young Adults),Electronics,Portable Bluetooth Speaker,3,54.79,164.37,0.15,24.66,139.71,110.67,29.04,20.79,Credit Card
TXN-10057,2024-12-25,CUST-1434,Female,59,51+ (Seniors),Beauty & Personal Care,Shea Butter Moisturizing Cream,3,15.66,46.98,0.15,7.05,39.93,31.8,8.13,20.36,UPI / Digital Wallet
TXN-10137,2024-12-26,CUST-1565,Female,32,25-35 (Young Adults),Clothing,Formal Oxford Shirt,3,41.41,124.23,0.0,0.0,124.23,72.25,51.98,41.84,Cash
TXN-12004,2024-12-26,CUST-1283,Male,20,18-24 (Youth),Clothing,Slim-Fit Denim Jeans,1,49.67,49.67,0.05,2.48,47.19,33.61,13.58,28.78,UPI / Digital Wallet
TXN-11587,2024-12-27,CUST-1160,Female,24,18-24 (Youth),Clothing,Formal Oxford Shirt,3,40.95,122.85,0.1,12.28,110.57,81.0,29.57,26.74,Credit Card
TXN-10172,2024-12-28,CUST-1321,Female,46,36-50 (Middle-Aged),Clothing,Winter Hooded Parka,1,131.68,131.68,0.05,6.58,125.1,90.09,35.01,27.99,Credit Card
TXN-11226,2024-12-28,CUST-1541,Male,22,18-24 (Youth),Home & Kitchen,Espresso Coffee Machine,1,159.59,159.59,0.0,0.0,159.59,93.55,66.04,41.38,Credit Card
TXN-11389,2024-12-28,CUST-1087,Female,42,36-50 (Middle-Aged),Clothing,Winter Hooded Parka,1,132.53,132.53,0.1,13.25,119.28,81.27,38.01,31.87,UPI / Digital Wallet
TXN-11992,2024-12-29,CUST-1544,Female,18,18-24 (Youth),Electronics,Smart Fitness Watch,4,122.51,490.04,0.05,24.5,465.54,275.78,189.76,40.76,Debit Card
TXN-10149,2024-12-29,CUST-1174,Male,41,36-50 (Middle-Aged),Electronics,Portable Bluetooth Speaker,1,57.07,57.07,0.0,0.0,57.07,32.5,24.57,43.05,UPI / Digital Wallet
TXN-11293,2024-12-29,CUST-1241,Male,36,36-50 (Middle-Aged),Clothing,Formal Oxford Shirt,2,43.4,86.8,0.15,13.02,73.78,50.76,23.02,31.2,Credit Card
TXN-11911,2024-12-30,CUST-1059,Female,51,51+ (Seniors),Electronics,Portable Bluetooth Speaker,4,56.33,225.32,0.0,0.0,225.32,128.8,96.52,42.84,Debit Card
TXN-12402,2024-12-31,CUST-1092,Male,28,25-35 (Young Adults),Books & Stationery,Data Science & ML Handbook,1,49.74,49.74,0.2,9.95,39.79,27.8,11.99,30.13,Cash
TXN-10266,2024-12-31,CUST-1327,Male,49,36-50 (Middle-Aged),Electronics,Noise-Cancelling Headphones,2,185.14,370.28,0.0,0.0,370.28,246.56,123.72,33.41,UPI / Digital Wallet
