Applicant_ID,Application_Date,Gender,Age,Annual_Income,Credit_Score,Loan_Amount,Employment_Status,Marital_Status,City,Loan_Approved
APP-11292,2023-05-23,Male,37,50815.74,621,33921.67,Self-Employed,Single,Phoenix,Yes
APP-12318,2022-04-11,Male,33,34326.24,653,20808.57,Self-Employed,Married,Chicago,No
APP-12643,2023-01-21,Male,53,55745.85,534,28850.86,Self-Employed,Married,Phoenix,Yes
APP-10807,2023-12-11,Male,38,76831.14,681,34544.27,Self-Employed,Divorced,San Antonio,No
APP-12228,2023-04-25,Male,46,24854.53,771,23680.54,Retired,Single,New York,Yes
APP-11653,2023-09-18,Male,37,22399.1,725,48697.65,Employed,Single,Phoenix,No
APP-10332,2022-09-24,Male,23,60297.79,724,14744.07,Retired,Divorced,Houston,Yes
APP-12700,2023-02-25,Male,32,91352.0,731,35855.61,Employed,Married,Philadelphia,Yes
APP-13156,2023-04-25,Female,59,142718.49,680,15983.85,Employed,Divorced,San Diego,No
APP-12588,2023-04-06,Male,44,36257.0,577,28348.85,Unemployed,Single,Phoenix,Yes
APP-12044,2023-02-12,Male,20,205070.53,752,29990.39,Employed,Single,Los Angeles,Yes
APP-10680,2022-09-22,Other,19,85280.0,677,28261.27,Employed,Single,Los Angeles,No
APP-10279,2022-10-07,Female,48,47270.94,681,28314.82,Employed,Single,San Diego,No
APP-12900,2023-10-24,Male,45,41484.02,646,22627.52,Self-Employed,Single,Houston,Yes
APP-10170,2023-10-30,Male,36,50815.74,690,17425.86,Employed,Single,San Antonio,Yes
APP-12886,2022-07-13,Male,51,45197.0,726,19092.09,Unemployed,Divorced,Los Angeles,Yes
APP-12795,2022-05-20,Female,47,27769.07,768,21381.23,Employed,Married,Philadelphia,No
APP-11023,2022-10-07,Female,32,54673.82,731,18537.98,Employed,Single,San Diego,No
APP-10618,2023-01-31,Female,33,36464.24,699,31756.29,Employed,Married,Chicago,Yes
APP-11820,2022-04-28,Male,35,50815.74,692,23389.64,Employed,Married,New York,Yes
APP-10299,2023-04-25,Female,47,35200.91,551,17212.18,Employed,Single,Phoenix,Yes
APP-12338,2022-01-24,Female,35,27245.67,608,25311.89,Employed,Married,Phoenix,Yes
APP-11454,2023-10-04,Female,39,75279.0,646,30838.27,Employed,Married,Los Angeles,Yes
APP-11525,2022-10-26,Female,48,50815.74,616,23006.56,Unemployed,Divorced,Phoenix,Yes
APP-12692,2022-04-23,Female,26,29644.98,538,17060.57,Self-Employed,Divorced,Philadelphia,No
APP-10693,2023-11-03,Male,37,28979.68,527,33162.1,Employed,Married,New York,Yes
APP-11075,2022-01-15,Male,46,127870.44,596,15327.42,Unemployed,Single,Houston,No
APP-12356,2023-07-17,Male,19,145896.43,634,28348.85,Self-Employed,Married,Phoenix,Yes
APP-13095,2022-03-28,Female,36,53024.36,626,19236.32,Employed,Married,Chicago,No
APP-10070,2023-07-25,Male,41,96932.41,653,26592.03,Unemployed,Single,Phoenix,No
APP-11392,2023-09-26,Male,28,33223.51,747,32371.76,Employed,Married,Philadelphia,No
APP-10314,2023-09-19,Male,32,42714.69,611,23959.28,Employed,Married,Houston,Yes
APP-11357,2023-10-02,Male,23,108825.34,699,20587.4,Employed,Single,San Antonio,No
APP-11558,2023-02-05,Male,54,24857.46,819,28348.85,Employed,Single,New York,No
APP-11582,2022-04-27,Male,47,50815.74,677,26659.98,Retired,Married,San Antonio,Yes
APP-12647,2022-11-19,Male,52,75596.5,819,31200.17,Employed,Single,San Antonio,No
APP-13025,2022-04-04,Male,30,43973.87,742,23703.88,Retired,Single,Los Angeles,No
APP-10461,2023-10-27,Female,50,81769.0,584,28348.85,Employed,Married,Houston,Yes
APP-12630,2022-06-07,Male,32,36595.81,727,23318.96,Retired,Divorced,Chicago,No
APP-10965,2022-03-11,Male,39,20903.41,672,30636.38,Employed,Single,Philadelphia,Yes
APP-12877,2022-05-16,Female,42,191292.35,640,30581.51,Employed,Married,Houston,No
APP-12372,2023-06-05,Female,35,50815.74,716,8315.1,Unemployed,Married,Houston,Yes
APP-11298,2023-11-16,Female,33,50815.74,676,42032.3,Self-Employed,Single,New York,Yes
APP-13030,2022-08-23,Female,25,118037.99,721,25999.27,Employed,Divorced,Houston,Yes
APP-10030,2023-05-29,Female,38,86891.98,692,19299.41,Employed,Single,Philadelphia,No
APP-10486,2023-04-03,Female,44,26635.71,718,27982.68,Employed,Married,San Antonio,Yes
APP-10194,2023-06-08,Male,39,22580.0,644,24284.28,Employed,Single,Los Angeles,Yes
APP-11450,2023-01-31,Male,66,46448.0,545,36847.28,Unemployed,Divorced,San Diego,Yes
APP-11726,2023-10-30,Male,36,42667.0,730,22070.29,Employed,Divorced,Los Angeles,No
APP-11600,2023-07-12,Male,50,34767.02,850,27435.63,Employed,Single,Phoenix,Yes
APP-10139,2022-07-19,Male,27,59640.22,827,28123.68,Unemployed,Single,Phoenix,No
APP-10240,2023-09-07,Female,29,25740.23,681,55437.48,Unemployed,Married,Philadelphia,No
APP-10787,2022-12-24,Male,25,40588.0,636,61207.05,Unemployed,Divorced,Phoenix,Yes
APP-11064,2022-06-07,Male,69,95087.46,610,21058.63,Employed,Married,San Diego,Yes
APP-11427,2023-11-11,Female,59,47705.0,681,30149.66,Retired,Single,Los Angeles,Yes
APP-12310,2023-07-05,Female,58,51132.31,600,24825.42,Retired,Single,Philadelphia,Yes
APP-10594,2023-09-11,Male,28,54086.0,801,16944.87,Self-Employed,Married,Los Angeles,Yes
APP-12221,2023-03-09,Female,19,33704.64,675,45452.09,Self-Employed,Married,San Diego,No
APP-12232,2022-04-01,Female,55,84755.57,595,33587.84,Employed,Married,Phoenix,Yes
APP-12787,2023-05-08,Female,33,41694.15,655,26079.36,Self-Employed,Married,New York,Yes
APP-11660,2022-06-01,Female,51,54983.61,568,49177.86,Self-Employed,Married,Philadelphia,Yes
APP-10256,2022-12-31,Male,55,50815.74,783,26567.35,Employed,Married,San Diego,Yes
APP-13103,2022-01-20,Other,56,72746.62,603,12345.0,Self-Employed,Married,Houston,Yes
APP-11752,2022-06-11,Male,43,31742.5,565,39044.7,Unemployed,Married,Houston,No
APP-12541,2023-07-30,Male,51,29207.91,675,12345.0,Employed,Single,Houston,Yes
APP-12832,2022-08-07,Male,40,50815.74,620,28348.85,Self-Employed,Single,Phoenix,Yes
APP-12672,2023-12-27,Other,38,50815.74,681,11922.28,Retired,Single,Houston,Yes
APP-10032,2022-08-15,Male,36,102898.0,643,63005.49,Self-Employed,Married,Chicago,Yes
APP-10764,2022-10-28,Male,26,51143.0,800,49806.09,Employed,Married,San Diego,Yes
APP-11159,2022-09-06,Male,27,50815.74,681,36113.73,Retired,Single,New York,No
APP-12476,2023-10-07,Male,28,88962.0,589,54792.2,Self-Employed,Divorced,San Diego,No
APP-10430,2023-11-06,Male,48,50815.74,681,32934.96,Self-Employed,Married,Phoenix,Yes
APP-10457,2022-03-30,Female,44,106016.0,787,26991.8,Employed,Married,San Diego,No
APP-11620,2023-09-17,Female,41,30361.86,681,15675.99,Employed,Married,Los Angeles,Yes
APP-11424,2022-12-23,Female,53,37893.05,583,15543.79,Employed,Married,San Antonio,Yes
APP-10527,2023-10-31,Male,63,80144.64,782,46961.73,Employed,Married,Phoenix,Yes
APP-10203,2022-01-09,Female,37,88786.8,719,29978.61,Employed,Single,Philadelphia,No
APP-13170,2022-05-15,Male,19,25474.38,757,18960.7,Employed,Married,San Diego,Yes
APP-10463,2023-10-27,Female,35,67313.41,681,36950.7,Employed,Single,San Diego,Yes
APP-10393,2022-09-17,Female,19,50815.74,654,35142.64,Employed,Single,New York,Yes
APP-13038,2023-08-24,Male,61,28396.84,562,32880.72,Self-Employed,Single,San Antonio,Yes
APP-10052,2023-03-08,Male,47,46560.0,563,14669.22,Employed,Married,San Antonio,No
APP-10134,2022-12-07,Male,60,85237.27,747,33554.34,Self-Employed,Married,Phoenix,No
APP-11091,2023-02-08,Female,38,38299.65,729,55227.78,Employed,Single,Los Angeles,Yes
APP-12943,2022-07-11,Male,49,57310.07,768,25569.56,Self-Employed,Married,Chicago,Yes
APP-10017,2022-04-29,Female,61,57882.63,705,55668.87,Self-Employed,Married,Phoenix,Yes
APP-11034,2023-06-06,Male,34,41488.19,773,34967.13,Unemployed,Divorced,Chicago,Yes
APP-10809,2023-06-03,Male,53,124301.36,665,37189.91,Employed,Married,Houston,No
APP-10657,2023-06-29,Female,38,29818.0,535,33317.38,Unemployed,Divorced,Houston,No
APP-12093,2022-06-27,Male,43,42529.0,691,16553.33,Employed,Divorced,San Antonio,Yes
APP-11461,2023-12-17,Female,35,58092.47,703,28348.85,Self-Employed,Married,Los Angeles,No
APP-12889,2023-06-05,Male,30,22098.61,670,28348.85,Unemployed,Single,San Antonio,Yes
APP-10729,2023-06-11,Female,65,92376.0,650,28348.85,Employed,Married,San Antonio,Yes
APP-10765,2022-06-13,Male,56,27478.49,730,39302.69,Unemployed,Married,Phoenix,Yes
APP-12947,2022-06-02,Male,61,102289.52,670,35850.02,Employed,Married,Phoenix,No
APP-10387,2022-07-06,Female,30,67692.82,675,20398.9,Unemployed,Married,San Antonio,Yes
APP-11310,2022-07-06,Male,31,66241.71,611,41271.6,Employed,Married,Philadelphia,Yes
APP-10511,2022-06-22,Male,34,54175.66,681,15567.24,Employed,Married,New York,Yes
APP-11419,2022-07-28,Male,39,187544.76,618,14880.21,Employed,Married,Chicago,No
APP-10239,2023-10-12,Female,19,124771.0,659,30478.47,Employed,Married,Phoenix,Yes
APP-11105,2023-08-04,Male,40,35847.28,609,23329.53,Employed,Single,Chicago,No
APP-11370,2022-10-27,Female,39,69521.0,729,28348.85,Self-Employed,Married,San Diego,No
APP-12551,2023-11-29,Female,38,134757.85,639,21335.87,Self-Employed,Single,Chicago,Yes
APP-12802,2022-01-28,Male,19,46585.5,698,38629.49,Unemployed,Married,Chicago,No
APP-10080,2022-02-04,Female,20,27533.33,568,13785.21,Employed,Divorced,Houston,No
APP-10705,2022-11-09,Male,30,50815.74,738,49314.18,Self-Employed,Married,Chicago,Yes
APP-13126,2022-02-01,Male,30,50815.74,740,19541.04,Retired,Single,Los Angeles,Yes
APP-10093,2023-09-05,Male,39,33175.54,679,35626.8,Employed,Married,Phoenix,Yes
APP-11426,2023-11-13,Male,20,57291.28,599,28348.85,Self-Employed,Single,Houston,No
APP-13079,2022-01-02,Female,31,89429.59,700,46692.6,Employed,Married,Los Angeles,Yes
APP-11933,2023-12-16,Female,34,121204.0,556,24647.31,Employed,Married,Philadelphia,Yes
APP-12383,2022-08-25,Male,38,91014.23,702,31075.35,Employed,Married,San Diego,Yes
APP-10621,2022-05-08,Female,52,23335.0,627,23927.91,Self-Employed,Single,Philadelphia,No
APP-13001,2023-03-19,Female,49,25953.0,681,38695.41,Employed,Divorced,Phoenix,No
APP-12244,2022-09-13,Female,43,99470.14,712,55261.15,Unemployed,Divorced,Los Angeles,No
APP-11952,2022-11-23,Other,30,105032.0,690,23259.64,Retired,Married,Philadelphia,No
APP-13052,2023-05-17,Female,33,124035.64,727,19509.14,Employed,Single,Phoenix,No
APP-12451,2023-08-24,Female,29,91968.8,737,17514.96,Employed,Married,San Diego,Yes
APP-11756,2022-03-07,Male,43,58885.0,603,22973.97,Employed,Married,Los Angeles,Yes
APP-12457,2022-10-28,Male,23,142611.75,751,40153.09,Employed,Married,Philadelphia,Yes
APP-11399,2022-01-19,Female,49,89230.27,650,21129.86,Self-Employed,Single,Philadelphia,Yes
APP-11431,2022-07-05,Other,46,28128.56,683,21945.18,Unemployed,Married,Chicago,Yes
APP-10889,2022-04-16,Male,54,45593.0,724,23939.27,Employed,Married,Phoenix,No
APP-10291,2023-02-13,Female,30,21199.24,677,28348.85,Employed,Married,San Antonio,Yes
APP-11781,2023-04-24,Male,43,46652.0,629,22822.73,Unemployed,Married,Phoenix,Yes
APP-11954,2023-02-28,Female,33,88275.24,697,37664.12,Unemployed,Married,San Diego,Yes
APP-11602,2023-05-21,Male,33,50815.74,692,23675.72,Employed,Married,Los Angeles,No
APP-11878,2023-02-23,Female,35,23506.97,713,30262.59,Self-Employed,Married,San Antonio,Yes
APP-12127,2023-09-28,Male,23,78107.79,602,17887.01,Employed,Single,Chicago,Yes
APP-12831,2023-11-19,Male,43,33193.16,655,30878.34,Employed,Single,Philadelphia,No
APP-11364,2022-09-18,Female,37,58973.59,650,26229.66,Self-Employed,Married,New York,No
APP-10654,2022-10-26,Male,25,48227.66,650,38691.22,Employed,Married,San Diego,Yes
APP-11132,2022-05-18,Female,62,152552.43,602,23933.52,Self-Employed,Single,New York,Yes
APP-13070,2022-05-18,Female,30,50815.74,674,33606.36,Self-Employed,Married,Philadelphia,Yes
APP-10756,2022-06-06,Female,51,88347.07,707,34909.54,Unemployed,Single,San Diego,Yes
APP-12978,2023-10-11,Male,38,66972.0,717,16074.0,Employed,Single,Philadelphia,Yes
APP-12102,2022-02-02,Male,38,28922.09,652,21239.86,Employed,Single,New York,No
APP-12013,2023-02-13,Female,19,44295.71,664,23840.31,Unemployed,Single,Phoenix,Yes
APP-12615,2022-03-14,Male,26,120950.0,814,34784.29,Retired,Single,New York,Yes
APP-10238,2022-02-20,Female,39,88153.0,569,28751.64,Employed,Single,Chicago,Yes
APP-11236,2023-08-10,Female,43,78571.81,714,26358.49,Employed,Single,Phoenix,Yes
APP-10450,2022-11-17,Male,30,50815.74,749,50310.81,Employed,Married,Phoenix,Yes
APP-10102,2023-01-05,Male,47,45962.0,771,41410.49,Employed,Married,Los Angeles,Yes
APP-10331,2023-02-27,Female,19,25989.0,638,22752.72,Self-Employed,Married,San Diego,No
APP-10325,2022-06-15,Female,38,36360.86,681,33822.82,Employed,Single,Los Angeles,Yes
APP-12606,2023-01-09,Male,52,53431.78,583,33841.91,Employed,Single,New York,Yes
APP-12290,2022-05-11,Male,36,55875.19,586,46511.75,Employed,Married,Phoenix,No
APP-11181,2022-05-11,Male,56,50204.67,727,24024.64,Employed,Married,Houston,Yes
APP-12910,2023-10-27,Male,54,24608.74,767,24266.37,Employed,Single,Phoenix,Yes
APP-12370,2023-01-30,Female,33,119631.63,501,22810.92,Self-Employed,Married,San Diego,No
APP-10874,2022-08-23,Male,46,30990.0,716,22978.58,Employed,Married,Los Angeles,Yes
APP-10044,2023-10-24,Female,22,165736.21,652,28643.58,Employed,Single,San Antonio,Yes
APP-11320,2022-08-16,Male,45,68102.24,714,40224.01,Employed,Single,Philadelphia,Yes
APP-11261,2022-05-09,Female,23,66362.73,692,41543.34,Employed,Single,New York,No
APP-10076,2023-07-25,Female,38,44654.79,561,39397.47,Employed,Married,Los Angeles,No
APP-12186,2022-07-20,Male,47,23218.24,698,32339.74,Unemployed,Single,Phoenix,Yes
APP-11003,2023-09-13,Female,57,132431.48,589,28348.85,Employed,Married,San Antonio,Yes
APP-12148,2022-03-16,Male,39,45771.2,677,40934.6,Employed,Married,Houston,Yes
APP-10635,2023-04-12,Female,34,50815.74,725,12345.0,Unemployed,Married,New York,No
APP-10183,2022-02-18,Male,40,55477.95,502,58070.27,Unemployed,Married,Los Angeles,Yes
APP-12965,2023-03-20,Male,43,91854.97,652,29234.22,Self-Employed,Divorced,New York,No
APP-11961,2023-02-14,Male,23,111698.79,502,28348.85,Employed,Married,Houston,Yes
APP-10433,2022-10-30,Female,61,50815.74,668,17202.71,Employed,Married,Chicago,Yes
APP-12668,2023-03-01,Male,38,114683.4,683,17037.59,Self-Employed,Single,Chicago,No
APP-10174,2023-11-08,Male,39,52341.56,608,22399.5,Employed,Married,Los Angeles,Yes
APP-13186,2023-08-18,Male,41,107430.22,726,19973.84,Employed,Single,Phoenix,No
APP-10598,2023-06-29,Male,29,119037.86,730,36587.18,Unemployed,Single,Houston,No
APP-10229,2023-04-10,Female,41,70208.23,724,31674.7,Self-Employed,Single,San Antonio,Yes
APP-11709,2023-11-08,Female,50,26069.0,789,38648.7,Unemployed,Married,San Antonio,No
APP-12674,2023-05-30,Female,41,34405.61,619,21636.38,Employed,Married,San Diego,Yes
APP-10993,2023-09-15,Male,52,20994.0,640,56946.43,Unemployed,Married,Phoenix,Yes
APP-11344,2022-07-16,Female,44,136452.29,681,22175.22,Unemployed,Married,Chicago,Yes
APP-11859,2023-12-09,Female,37,107668.0,732,20088.29,Unemployed,Single,Phoenix,Yes
APP-11723,2022-09-04,Female,69,108539.65,763,22814.24,Self-Employed,Single,Houston,No
APP-12250,2022-01-29,Female,28,21551.34,681,12345.0,Employed,Married,Houston,Yes
APP-12657,2022-07-08,Male,29,35194.42,722,29215.54,Employed,Single,Los Angeles,No
APP-10478,2023-04-02,Male,38,29174.25,682,23917.38,Employed,Single,Los Angeles,Yes
APP-11225,2022-07-24,Female,29,100416.4,681,21194.37,Employed,Single,Houston,No
APP-12856,2023-09-16,Female,45,21857.06,722,30836.4,Employed,Married,Phoenix,No
APP-11210,2023-10-24,Male,32,76010.0,659,17944.55,Unemployed,Married,San Diego,No
APP-12975,2023-06-09,Other,25,89120.38,799,34468.05,Employed,Single,New York,Yes
APP-13110,2023-09-02,Male,37,34536.0,626,25410.26,Employed,Married,Chicago,Yes
APP-13044,2022-01-05,Male,19,39303.75,513,25828.77,Employed,Married,San Antonio,No
APP-11356,2023-10-21,Male,33,68286.0,681,45136.37,Retired,Married,Los Angeles,Yes
APP-12195,2023-04-30,Male,49,29599.48,595,29838.74,Unemployed,Single,Philadelphia,No
APP-12865,2023-01-14,Male,46,65535.24,644,31200.23,Self-Employed,Single,Los Angeles,Yes
APP-11094,2022-01-09,Female,50,83811.0,681,36612.09,Self-Employed,Single,Houston,No
APP-11228,2023-12-12,Male,58,63438.0,681,31831.94,Employed,Married,Chicago,Yes
APP-11871,2023-12-12,Female,29,52896.55,644,23736.47,Retired,Married,Philadelphia,Yes
APP-11924,2022-05-21,Male,21,74455.0,536,28604.76,Unemployed,Married,Chicago,Yes
APP-12441,2023-03-07,Male,43,52084.45,522,34745.61,Employed,Married,San Antonio,Yes
APP-12917,2022-08-03,Female,29,51951.3,757,15755.86,Employed,Divorced,Los Angeles,No
APP-11001,2022-09-20,Female,52,121950.0,718,40165.54,Unemployed,Single,Philadelphia,Yes
APP-12890,2023-05-08,Female,38,50815.74,670,17606.11,Employed,Married,New York,No
APP-12272,2022-09-13,Female,41,50312.4,729,34404.97,Self-Employed,Married,Philadelphia,No
APP-10781,2022-12-03,Male,29,122112.18,696,28434.16,Employed,Married,Houston,Yes
APP-10289,2022-11-28,Female,28,51482.29,753,17271.65,Employed,Married,San Antonio,No
APP-11412,2023-05-18,Male,61,142771.15,717,46135.51,Self-Employed,Married,Houston,Yes
APP-11316,2023-08-20,Male,28,29842.0,760,56265.31,Employed,Divorced,New York,Yes
APP-10538,2023-12-18,Male,66,34799.0,673,37318.77,Employed,Married,Phoenix,Yes
APP-12411,2023-03-26,Male,39,51086.0,552,45923.65,Employed,Single,New York,Yes
APP-10184,2022-08-12,Male,42,78148.0,667,34002.53,Self-Employed,Married,Los Angeles,Yes
APP-10192,2022-10-27,Male,30,22937.03,737,18454.1,Employed,Married,Houston,Yes
APP-12447,2023-07-10,Female,43,50815.74,565,24235.72,Employed,Married,Chicago,No
APP-10298,2023-03-08,Male,49,67074.53,681,46037.74,Unemployed,Married,San Diego,Yes
APP-11551,2023-01-12,Male,30,119652.75,789,29930.83,Employed,Married,San Antonio,Yes
APP-10026,2022-10-29,Female,43,132960.0,634,45408.74,Employed,Married,San Antonio,No
APP-11718,2022-08-07,Female,38,24750.0,808,36992.65,Unemployed,Single,Phoenix,No
APP-12610,2022-01-30,Female,19,32226.0,665,45044.71,Self-Employed,Married,San Diego,No
APP-11897,2023-02-16,Male,19,84125.2,792,17259.28,Self-Employed,Married,New York,No
APP-10144,2023-03-05,Female,56,50815.74,571,26981.49,Employed,Married,San Antonio,No
APP-11994,2022-10-02,Male,30,125359.0,586,12345.0,Employed,Single,San Diego,Yes
APP-10152,2022-04-16,Male,19,50815.74,714,33490.2,Employed,Married,Philadelphia,Yes
APP-11611,2022-03-03,Male,38,27924.0,647,21699.97,Self-Employed,Married,Phoenix,No
APP-12400,2022-10-15,Male,38,31619.89,601,32446.3,Employed,Single,San Diego,Yes
APP-12906,2022-09-20,Female,50,43733.0,674,38437.55,Self-Employed,Married,San Antonio,No
APP-13136,2022-06-12,Male,23,71037.0,779,54052.62,Retired,Single,Los Angeles,Yes
APP-10665,2022-12-27,Male,19,31715.05,811,49676.26,Employed,Married,Los Angeles,Yes
APP-11047,2022-09-15,Male,49,33090.19,527,28396.94,Employed,Married,Houston,Yes
APP-11506,2023-05-06,Male,36,125139.38,602,28348.85,Self-Employed,Married,Houston,Yes
APP-12254,2023-12-03,Female,52,50815.74,731,28348.85,Unemployed,Married,Los Angeles,Yes
APP-10718,2023-07-15,Female,31,39476.0,746,34999.76,Employed,Single,Philadelphia,Yes
APP-12392,2022-12-27,Male,19,124178.04,711,27188.18,Employed,Single,Houston,Yes
APP-12745,2022-08-21,Female,43,30340.0,713,23409.33,Employed,Married,Philadelphia,Yes
APP-12422,2022-07-16,Female,40,21591.55,672,38117.11,Employed,Married,Chicago,No
APP-12818,2023-11-12,Male,41,63847.0,643,32730.57,Employed,Single,San Diego,Yes
APP-12750,2022-12-22,Male,29,50815.74,532,34079.25,Employed,Single,Philadelphia,Yes
APP-12641,2023-01-21,Male,47,50815.74,692,47798.04,Self-Employed,Married,Phoenix,No
APP-10257,2023-10-03,Male,29,82091.74,708,21034.08,Self-Employed,Married,Philadelphia,No
APP-12531,2023-11-21,Other,23,20111.0,761,55018.19,Employed,Single,Los Angeles,Yes
APP-11644,2022-11-04,Female,41,98463.37,741,13080.54,Employed,Married,San Antonio,Yes
APP-10905,2022-02-12,Male,41,205851.05,674,51996.98,Employed,Divorced,Houston,No
APP-11080,2023-09-04,Female,44,65335.86,658,42094.06,Employed,Married,Houston,No
APP-12620,2023-06-11,Female,31,45988.53,601,15203.85,Employed,Single,Chicago,Yes
APP-12399,2022-08-14,Male,47,50815.74,636,22677.08,Employed,Married,San Diego,No
APP-10670,2023-04-05,Female,35,22182.77,778,21635.5,Employed,Single,Houston,Yes
APP-10178,2023-10-03,Male,51,51598.72,681,22911.45,Employed,Single,San Antonio,Yes
APP-11655,2022-03-06,Male,39,26315.0,588,14295.6,Self-Employed,Single,Houston,Yes
APP-13063,2022-05-03,Male,28,27953.67,648,55791.0,Employed,Single,Los Angeles,Yes
APP-10322,2022-08-26,Female,30,30898.11,663,49270.66,Retired,Married,Chicago,Yes
APP-11352,2023-11-07,Male,29,50815.74,635,23874.65,Employed,Single,Phoenix,Yes
APP-11921,2023-07-07,Female,38,45307.0,638,22991.73,Employed,Married,Philadelphia,Yes
APP-12387,2023-02-12,Other,39,27169.55,686,36502.72,Unemployed,Married,Philadelphia,Yes
APP-10309,2023-10-02,Female,23,215907.27780000013,624,17874.03,Employed,Married,Chicago,Yes
APP-12567,2023-10-28,Male,58,50815.74,794,24380.29,Self-Employed,Married,Philadelphia,Yes
APP-10051,2023-01-20,Male,48,66807.72,703,48732.97,Unemployed,Single,Phoenix,No
APP-11588,2023-08-31,Male,32,132208.0,678,23946.65,Self-Employed,Married,San Antonio,No
APP-11565,2023-04-03,Male,53,26787.66,651,12776.8,Employed,Single,New York,Yes
APP-12840,2023-07-01,Female,29,50815.74,452,38513.36,Employed,Married,Chicago,Yes
APP-10014,2023-04-14,Female,19,25602.77,812,31080.55,Self-Employed,Divorced,Houston,No
APP-10354,2022-03-25,Male,22,215907.27780000013,638,26489.78,Employed,Single,Los Angeles,No
APP-10173,2022-06-16,Male,46,26322.0,558,43227.74,Employed,Divorced,Chicago,Yes
APP-10932,2022-04-28,Male,33,78908.0,545,38386.56,Employed,Married,Los Angeles,No
APP-10442,2022-12-20,Male,19,50815.74,681,24393.21,Employed,Single,San Diego,Yes
APP-11866,2022-01-10,Male,38,51530.14,696,26631.97,Employed,Married,Phoenix,No
APP-12144,2023-06-16,Male,51,41758.0,779,13425.61,Unemployed,Single,Los Angeles,Yes
APP-11221,2023-10-22,Male,36,50815.74,754,16284.52,Employed,Married,Philadelphia,Yes
APP-11689,2022-11-06,Female,35,53944.0,602,19865.19,Employed,Married,Houston,Yes
APP-10776,2023-03-31,Female,43,111356.42,672,45984.73,Self-Employed,Married,Los Angeles,Yes
APP-12157,2023-05-15,Male,25,47169.87,545,19201.49,Employed,Married,Philadelphia,Yes
APP-11721,2022-02-12,Male,32,215907.27780000013,580,28048.67,Employed,Married,Philadelphia,No
APP-10605,2023-08-12,Female,41,24977.0,646,20336.75,Employed,Married,Philadelphia,No
APP-10063,2022-03-11,Other,19,20145.06,789,22865.76,Employed,Single,San Antonio,Yes
APP-12507,2022-01-31,Female,45,44782.08,640,39769.31,Retired,Single,Los Angeles,Yes
APP-10642,2022-05-03,Female,19,128885.72,754,30746.08,Employed,Married,New York,No
APP-10999,2023-05-24,Female,38,81703.31,693,22762.48,Self-Employed,Divorced,San Diego,Yes
APP-11860,2023-12-31,Male,31,82092.84,691,16044.03,Employed,Married,Chicago,Yes
APP-11846,2022-01-22,Male,35,23376.0,729,17462.5,Employed,Married,San Antonio,Yes
APP-12822,2022-10-19,Male,45,48474.0,846,15865.01,Unemployed,Married,San Diego,No
APP-10802,2022-12-11,Male,61,36432.5,664,39991.67,Employed,Single,Chicago,Yes
APP-10254,2023-10-10,Female,40,87703.72,783,41176.09,Employed,Married,Phoenix,Yes
APP-13021,2023-02-12,Male,27,20714.52,626,17999.59,Self-Employed,Married,New York,Yes
APP-10295,2023-10-15,Female,19,28638.0,577,12641.79,Employed,Single,Philadelphia,No
APP-12912,2022-10-12,Male,19,86966.39,589,35210.56,Employed,Divorced,San Antonio,No
APP-12402,2022-10-12,Female,52,180442.47,699,31794.7,Employed,Single,Philadelphia,Yes
APP-10124,2022-07-02,Male,34,71578.0,710,13759.89,Employed,Married,San Diego,Yes
APP-11213,2023-10-07,Male,53,49555.0,681,17225.26,Self-Employed,Single,Philadelphia,No
APP-10263,2022-03-08,Female,49,33702.54,651,11699.57,Employed,Single,Phoenix,Yes
APP-12469,2023-08-24,Male,53,50815.74,575,17564.16,Employed,Single,New York,No
APP-12887,2023-11-05,Female,36,35090.07,681,47139.68,Self-Employed,Married,San Diego,Yes
APP-11632,2022-11-20,Male,47,28113.31,601,23041.64,Self-Employed,Married,New York,Yes
APP-12603,2023-08-31,Male,40,103483.67,595,36333.72,Retired,Married,San Diego,Yes
APP-12042,2023-02-13,Female,46,50815.74,652,25977.59,Self-Employed,Single,Philadelphia,No
APP-10564,2023-07-11,Male,39,74704.6,670,40549.78,Employed,Divorced,Houston,Yes
APP-10321,2023-01-11,Male,19,50815.74,603,42285.54,Employed,Married,San Diego,Yes
APP-11770,2022-07-13,Female,45,30206.47,658,48214.59,Self-Employed,Single,Houston,Yes
APP-10611,2023-02-01,Male,43,128133.9,685,34241.35,Employed,Married,Los Angeles,Yes
APP-12993,2023-10-20,Female,38,72768.62,778,29041.41,Employed,Divorced,Houston,Yes
APP-11174,2023-08-07,Male,41,27199.93,776,38157.21,Retired,Divorced,New York,Yes
APP-11927,2023-09-13,Female,51,46479.0,685,44968.69,Employed,Divorced,San Diego,Yes
APP-12274,2022-01-28,Male,46,40183.62,754,28309.76,Employed,Single,San Antonio,Yes
APP-12222,2022-01-06,Female,29,22017.0,739,32454.75,Unemployed,Single,New York,No
APP-10120,2022-04-19,Female,38,62983.0,667,35526.91,Self-Employed,Married,Houston,Yes
APP-10829,2023-08-27,Male,62,30875.03,688,33796.34,Employed,Married,Chicago,Yes
APP-12554,2022-06-16,Male,28,30427.44,705,25347.91,Unemployed,Single,San Antonio,Yes
APP-12486,2023-03-23,Male,37,126318.59,742,25212.0,Self-Employed,Married,Chicago,No
APP-10423,2022-09-03,Male,38,40028.89,737,34956.87,Self-Employed,Married,San Diego,Yes
APP-13140,2023-02-01,Female,51,108067.0,617,26172.61,Self-Employed,Married,San Diego,No
APP-10869,2023-08-06,Female,56,24689.0,681,33022.37,Self-Employed,Married,San Diego,No
APP-10501,2023-03-26,Male,19,109817.85,663,26776.49,Self-Employed,Single,Philadelphia,Yes
APP-11073,2023-09-08,Male,52,82595.35,630,33583.45,Employed,Married,Houston,Yes
APP-10432,2022-03-30,Other,36,50815.74,745,21935.39,Employed,Single,New York,No
APP-10109,2023-07-28,Male,42,24510.4,702,43942.43,Self-Employed,Single,San Antonio,No
APP-10997,2023-02-23,Other,39,57067.41,652,49298.38,Employed,Single,Chicago,No
APP-11616,2023-01-30,Male,19,35203.0,756,30945.35,Employed,Married,San Antonio,Yes
APP-10214,2023-07-12,Male,47,74528.0,706,19972.55,Employed,Single,San Diego,Yes
APP-10414,2023-11-09,Female,29,48407.0,596,28348.85,Employed,Single,New York,Yes
APP-10479,2022-10-02,Female,40,25463.0,624,28348.85,Retired,Divorced,New York,Yes
APP-10507,2022-04-17,Female,38,121114.0,685,27270.72,Self-Employed,Married,Los Angeles,Yes
APP-11747,2022-02-20,Male,21,39791.26,693,26764.69,Employed,Divorced,San Diego,No
APP-11637,2022-07-26,Male,41,207223.24,706,35801.49,Employed,Divorced,San Diego,Yes
APP-11601,2023-01-08,Female,32,60719.12,678,27001.56,Self-Employed,Single,San Diego,Yes
APP-12540,2023-06-11,Female,38,29594.0,678,24525.23,Employed,Single,Houston,No
APP-12302,2023-11-05,Female,25,53659.0,559,15944.51,Retired,Married,Phoenix,Yes
APP-10439,2023-01-02,Male,37,35274.08,645,27937.07,Employed,Divorced,Philadelphia,No
APP-12683,2022-07-03,Female,36,44145.0,748,18901.93,Employed,Married,New York,No
APP-11444,2022-04-08,Male,42,98784.0,526,22677.72,Employed,Married,New York,No
APP-10755,2023-11-20,Male,33,63636.42,660,48467.28,Retired,Married,Chicago,Yes
APP-10045,2023-07-06,Male,57,43975.26,800,14689.08,Self-Employed,Single,Houston,Yes
APP-13123,2022-12-13,Female,47,166588.0,780,28348.85,Employed,Single,New York,Yes
APP-10218,2023-09-24,Male,42,22267.88,633,41312.33,Employed,Single,Houston,Yes
APP-11514,2023-05-17,Male,40,87082.0,700,14392.26,Employed,Single,San Antonio,Yes
APP-12138,2023-03-20,Female,50,206981.31,596,29827.33,Self-Employed,Married,Phoenix,Yes
APP-11624,2023-02-12,Male,24,49679.0,713,22619.9,Employed,Single,New York,Yes
APP-11788,2022-09-21,Male,39,56960.62,737,24129.08,Unemployed,Single,Houston,Yes
APP-11877,2023-04-13,Male,48,23780.0,657,26446.06,Unemployed,Married,San Diego,Yes
APP-13165,2022-11-20,Male,40,176071.0,750,19889.04,Retired,Divorced,Chicago,Yes
APP-10251,2022-01-31,Male,38,27213.0,681,30895.82,Self-Employed,Single,Houston,Yes
APP-10818,2022-12-17,Male,43,115696.0,691,44260.82,Employed,Married,Los Angeles,Yes
APP-10810,2023-11-19,Female,42,94606.0,555,58753.12,Employed,Single,Los Angeles,No
APP-12168,2022-07-29,Male,21,53928.02,816,16509.97,Employed,Single,Los Angeles,Yes
APP-12866,2023-03-28,Male,32,51839.88,728,15364.46,Employed,Single,Houston,No
APP-10557,2022-08-16,Male,46,55803.0,672,20846.85,Employed,Married,Houston,No
APP-12989,2023-04-11,Female,48,27532.7,759,16962.46,Self-Employed,Single,Chicago,Yes
APP-12780,2023-02-12,Male,44,32529.11,632,38058.94,Employed,Married,Houston,No
APP-10712,2023-04-19,Male,32,69855.0,690,18460.5,Unemployed,Single,Los Angeles,Yes
APP-12785,2023-04-18,Female,24,50815.74,806,30584.79,Self-Employed,Married,Houston,Yes
APP-12954,2022-05-03,Male,73,68247.73,627,14280.7,Employed,Married,Houston,Yes
APP-10897,2022-10-28,Female,36,51845.26,653,22810.12,Unemployed,Married,San Diego,Yes
APP-12396,2023-12-07,Male,53,72128.8,763,23928.68,Employed,Single,Chicago,Yes
APP-11662,2023-12-28,Male,51,118340.47,688,28076.57,Employed,Married,Chicago,Yes
APP-12915,2023-09-09,Female,52,21332.29,770,37166.85,Employed,Single,Los Angeles,Yes
APP-10506,2022-12-20,Male,25,29073.04,850,28348.85,Self-Employed,Married,San Antonio,Yes
APP-11710,2023-11-25,Female,29,44660.43,623,13205.24,Employed,Married,San Diego,Yes
APP-12826,2022-07-28,Female,41,34610.0,799,64300.813,Unemployed,Married,Los Angeles,Yes
APP-10000,2022-04-13,Male,19,22613.0,681,23404.95,Employed,Married,San Antonio,No
APP-11964,2023-03-04,Male,46,23125.0,524,16330.72,Self-Employed,Divorced,Houston,No
APP-12487,2022-07-05,Male,34,21628.82,825,25380.63,Unemployed,Married,Los Angeles,No
APP-13191,2022-12-29,Male,47,131118.83,630,35648.55,Retired,Single,Houston,Yes
APP-11891,2023-08-04,Male,20,98411.0,793,32753.58,Self-Employed,Single,New York,Yes
APP-10746,2022-05-16,Female,30,82256.15,771,37010.99,Self-Employed,Married,Chicago,Yes
APP-12446,2022-05-26,Male,42,183643.77,728,25751.23,Self-Employed,Divorced,San Diego,Yes
APP-11255,2023-06-06,Female,46,27267.75,681,32252.76,Self-Employed,Single,New York,No
APP-13071,2023-05-12,Female,40,31803.16,576,24958.29,Employed,Single,Los Angeles,No
APP-10211,2022-11-08,Male,42,152844.06,830,37980.68,Retired,Married,New York,No
APP-11717,2022-10-09,Male,38,31203.06,673,28348.85,Employed,Married,Chicago,Yes
APP-10346,2022-10-09,Male,41,73250.0,748,19213.35,Retired,Single,Los Angeles,Yes
APP-10270,2023-01-06,Female,32,44164.42,632,32263.43,Employed,Single,Chicago,Yes
APP-11457,2023-08-18,Female,19,31384.13,681,33530.99,Employed,Married,Phoenix,No
APP-12365,2023-08-02,Male,19,32578.38,674,28348.85,Retired,Single,San Antonio,No
APP-11832,2023-05-20,Female,33,50815.74,520,21195.65,Employed,Single,Houston,Yes
APP-11161,2023-07-10,Female,45,28911.49,540,43413.05,Employed,Married,Houston,Yes
APP-12962,2023-12-21,Male,29,76295.22,824,48130.81,Employed,Single,San Diego,Yes
APP-10149,2022-01-28,Male,19,147722.97,743,59550.22,Employed,Single,Chicago,Yes
APP-10438,2023-12-14,Male,42,99066.96,738,18723.16,Employed,Single,San Diego,Yes
APP-12211,2022-06-22,Female,59,50815.74,850,32921.29,Employed,Divorced,San Antonio,Yes
APP-12898,2022-06-01,Male,37,50815.74,654,41855.38,Self-Employed,Single,New York,No
APP-10949,2023-08-15,Female,19,50815.74,728,28787.75,Retired,Divorced,San Antonio,No
APP-11979,2022-05-06,Male,30,35899.86,790,21502.41,Employed,Single,San Diego,No
APP-12110,2023-08-26,Female,42,124526.0,653,49927.97,Employed,Divorced,Los Angeles,Yes
APP-10033,2022-01-17,Male,45,32925.78,761,38337.51,Employed,Divorced,San Antonio,Yes
APP-10179,2023-01-28,Male,19,34377.0,681,22465.96,Employed,Married,Los Angeles,Yes
APP-11835,2022-01-21,Male,49,42365.0,705,28348.85,Retired,Married,Houston,Yes
APP-10805,2022-02-18,Female,28,25549.36,567,25380.82,Self-Employed,Married,Philadelphia,Yes
APP-11867,2022-09-10,Male,38,22577.48,740,21390.69,Employed,Single,Philadelphia,No
APP-10495,2023-08-13,Male,49,67493.0,692,20984.37,Self-Employed,Married,Houston,Yes
APP-11171,2023-09-06,Female,48,50815.74,688,18845.77,Self-Employed,Single,Houston,No
APP-10567,2022-05-13,Female,56,20783.53,681,37278.97,Employed,Single,Houston,No
APP-11090,2023-07-29,Male,39,67786.0,729,18613.51,Self-Employed,Married,New York,No
APP-12466,2023-08-05,Male,29,46684.64,681,28191.15,Self-Employed,Married,Philadelphia,Yes
APP-10736,2022-08-05,Male,28,50815.74,571,44903.55,Employed,Married,San Antonio,No
APP-10789,2023-11-08,Female,21,78807.04,604,18496.84,Employed,Single,Philadelphia,Yes
APP-11779,2022-08-14,Male,49,125672.68,676,31947.29,Unemployed,Married,Philadelphia,Yes
APP-11576,2022-06-10,Male,38,25121.0,698,22960.11,Employed,Married,San Diego,Yes
APP-11113,2022-12-18,Female,41,22328.0,707,22254.88,Employed,Single,Houston,Yes
APP-12839,2023-07-08,Female,25,63881.42,722,29850.93,Employed,Divorced,Houston,No
APP-10679,2022-11-21,Male,32,115939.0,647,32063.29,Self-Employed,Married,Los Angeles,Yes
APP-11211,2022-04-26,Male,26,32635.07,567,32111.26,Retired,Single,Houston,Yes
APP-11222,2022-09-26,Female,38,140037.8,594,36693.65,Self-Employed,Divorced,Philadelphia,Yes
APP-11057,2023-09-20,Female,38,24543.0,666,23703.91,Employed,Divorced,New York,No
APP-12348,2023-09-22,Female,21,50815.74,531,31595.73,Employed,Married,Philadelphia,No
APP-11127,2023-01-16,Female,35,58748.12,654,28348.85,Self-Employed,Married,New York,Yes
APP-10188,2023-05-07,Male,46,58391.73,622,26661.08,Employed,Single,Phoenix,Yes
APP-12099,2023-07-13,Male,46,53897.17,703,21576.11,Retired,Single,Phoenix,Yes
APP-11456,2023-01-19,Male,38,23473.21,580,36452.12,Self-Employed,Married,Chicago,No
APP-10812,2023-12-18,Male,52,71726.5,641,43152.75,Employed,Single,New York,Yes
APP-12582,2023-12-18,Female,42,208535.0,613,23660.74,Employed,Single,San Diego,No
APP-13180,2022-04-25,Male,32,64035.46,669,21138.36,Employed,Married,Chicago,No
APP-13148,2023-12-29,Male,57,99321.11,681,37374.68,Self-Employed,Married,Chicago,Yes
APP-11569,2023-05-25,Male,37,25878.43,724,25356.47,Employed,Married,Philadelphia,No
APP-12702,2022-05-18,Male,38,50815.74,557,20901.86,Employed,Married,New York,Yes
APP-12059,2023-04-22,Female,42,30140.83,683,27625.67,Self-Employed,Married,San Diego,Yes
APP-10324,2023-04-25,Other,31,48134.35,564,45757.66,Employed,Married,New York,Yes
APP-10449,2022-02-25,Female,59,59486.0,783,49206.53,Self-Employed,Married,Houston,Yes
APP-12201,2022-03-06,Female,42,34216.55,653,26812.28,Employed,Married,Philadelphia,No
APP-10246,2022-08-04,Female,74,24042.0,605,19891.96,Employed,Married,San Antonio,No
APP-10058,2023-11-24,Female,24,49083.42,676,21826.94,Employed,Divorced,Los Angeles,Yes
APP-12308,2022-04-02,Male,38,36337.64,592,10260.43,Employed,Married,Los Angeles,Yes
APP-11268,2023-02-08,Male,40,98059.59,534,19588.49,Unemployed,Married,Philadelphia,Yes
APP-10411,2022-10-26,Female,59,58037.3,709,39750.23,Employed,Married,Phoenix,Yes
APP-10485,2022-11-13,Male,70,58456.05,649,38084.57,Employed,Divorced,Phoenix,Yes
APP-11703,2022-10-16,Male,62,20556.64,796,49045.58,Employed,Single,Philadelphia,Yes
APP-12868,2023-06-07,Male,48,113377.98,681,27831.85,Unemployed,Married,Phoenix,Yes
APP-10157,2022-04-16,Male,73,92968.38,765,28637.22,Employed,Divorced,New York,Yes
APP-10554,2023-05-11,Male,34,49030.14,731,44187.12,Self-Employed,Married,Houston,No
APP-10576,2023-07-16,Female,47,34038.65,748,39913.37,Employed,Single,Los Angeles,Yes
APP-12984,2023-10-30,Male,52,27761.0,658,23479.63,Employed,Married,New York,Yes
APP-11490,2022-07-22,Male,28,65426.42,671,39646.73,Employed,Single,Philadelphia,No
APP-10443,2022-10-01,Male,47,68325.82,755,45383.78,Employed,Single,New York,Yes
APP-13049,2022-09-04,Male,33,29657.23,758,43235.7,Self-Employed,Single,Los Angeles,No
APP-13028,2023-11-29,Male,39,25242.66,663,28222.4,Employed,Single,San Antonio,Yes
APP-12413,2022-10-26,Female,34,50815.74,590,28322.88,Employed,Married,Houston,No
APP-12295,2022-03-28,Male,54,22099.0,681,30559.23,Employed,Single,San Antonio,Yes
APP-12990,2023-07-03,Female,49,134680.13,623,33675.95,Employed,Married,San Diego,Yes
APP-10612,2023-09-07,Male,45,123801.95,604,28348.85,Employed,Single,San Diego,Yes
APP-11861,2022-09-20,Male,48,87254.18,602,31023.82,Self-Employed,Married,San Antonio,No
APP-10274,2023-11-23,Female,27,26268.15,749,28348.85,Employed,Married,Los Angeles,Yes
APP-11451,2022-05-10,Male,29,33349.0,676,44946.7,Self-Employed,Married,Philadelphia,Yes
APP-13142,2022-05-10,Female,19,53409.76,619,22572.92,Employed,Married,San Diego,Yes
APP-11795,2023-09-04,Female,20,46688.83,578,8605.41,Employed,Married,Houston,Yes
APP-12897,2022-03-04,Male,41,149894.0,629,23896.52,Self-Employed,Married,Chicago,Yes
APP-12477,2023-04-30,Female,19,26099.81,735,15627.64,Retired,Divorced,San Diego,No
APP-10175,2022-12-24,Female,37,50815.74,685,13765.76,Self-Employed,Divorced,New York,Yes
APP-10976,2022-06-03,Male,19,48752.28,537,22170.88,Unemployed,Married,Los Angeles,No
APP-10800,2022-03-13,Male,28,215907.27780000013,681,30227.22,Self-Employed,Married,Los Angeles,Yes
APP-12941,2022-04-05,Female,40,147192.0,696,17334.97,Employed,Married,San Antonio,Yes
APP-12608,2023-11-23,Female,50,30190.0,685,15784.89,Self-Employed,Single,San Diego,Yes
APP-10578,2023-08-23,Male,19,26846.82,720,19705.49,Self-Employed,Married,Chicago,No
APP-10416,2023-10-16,Female,21,42084.65,731,34763.71,Self-Employed,Single,Los Angeles,Yes
APP-11783,2022-11-05,Male,38,45808.0,681,57773.15,Unemployed,Married,New York,No
APP-11748,2022-04-26,Female,59,41382.79,629,55293.01,Employed,Married,New York,Yes
APP-11078,2023-06-11,Male,38,22960.0,691,50332.83,Self-Employed,Single,Chicago,Yes
APP-11128,2022-05-31,Male,27,76591.02,697,31159.41,Employed,Divorced,Los Angeles,No
APP-12002,2022-03-26,Male,31,30931.09,531,49441.71,Employed,Single,Houston,Yes
APP-12293,2023-07-29,Female,25,41710.43,690,20163.72,Self-Employed,Married,Houston,Yes
APP-13115,2022-06-16,Male,19,79710.65,744,63547.31,Self-Employed,Married,Houston,Yes
APP-12929,2023-04-10,Male,19,47990.89,691,28999.15,Employed,Married,Philadelphia,Yes
APP-11025,2022-07-02,Female,41,86130.0,817,24691.15,Retired,Married,Phoenix,No
APP-12291,2023-06-21,Male,44,96818.36,820,13483.4,Self-Employed,Married,San Diego,No
APP-13189,2022-03-15,Female,44,50815.74,850,24690.88,Employed,Married,Phoenix,Yes
APP-13113,2023-07-25,Male,29,44895.0,574,26617.49,Employed,Divorced,Philadelphia,Yes
APP-10315,2022-04-28,Male,42,62257.05,619,28999.38,Employed,Married,San Antonio,Yes
APP-10544,2023-11-29,Female,19,27402.02,715,60873.47,Employed,Married,Houston,Yes
APP-11883,2022-07-25,Female,42,73599.89,617,29686.64,Self-Employed,Single,Houston,Yes
APP-11694,2023-03-30,Male,41,27258.29,693,37548.29,Retired,Single,San Antonio,Yes
APP-12115,2022-09-10,Female,24,28489.76,631,28348.85,Self-Employed,Married,Los Angeles,Yes
APP-12717,2022-06-22,Male,32,47449.81,717,57744.83,Employed,Married,Chicago,Yes
APP-11313,2022-11-21,Male,40,40124.62,692,23958.66,Employed,Single,Los Angeles,Yes
APP-11237,2022-08-15,Male,33,22014.2,582,16922.28,Employed,Married,San Antonio,No
APP-10794,2023-02-04,Female,19,50815.74,684,27877.94,Employed,Single,Houston,No
APP-10842,2023-08-17,Female,38,21833.53,634,28092.09,Employed,Married,San Diego,Yes
APP-13116,2023-07-23,Male,43,33500.1,804,19004.81,Employed,Single,San Antonio,Yes
APP-12215,2022-04-19,Male,41,50815.74,607,21308.99,Employed,Married,Chicago,No
APP-10296,2023-10-02,Male,42,50815.74,703,18152.57,Retired,Married,Philadelphia,Yes
APP-11894,2022-07-30,Female,49,39187.54,803,12239.79,Employed,Single,New York,No
APP-10862,2022-05-13,Female,28,170312.0,584,43307.58,Employed,Married,New York,Yes
APP-10596,2022-08-26,Female,58,117293.0,533,19759.08,Employed,Married,San Antonio,Yes
APP-12553,2023-07-13,Female,53,23972.21,681,44792.22,Employed,Married,Los Angeles,Yes
APP-10266,2022-05-08,Male,43,43446.0,714,45663.92,Self-Employed,Single,New York,No
APP-12178,2023-06-22,Male,54,57453.0,604,28348.85,Retired,Married,San Diego,Yes
APP-10196,2023-08-27,Female,27,71943.97,571,28348.85,Employed,Married,Chicago,No
APP-10402,2023-01-29,Female,47,135543.1,743,48636.75,Employed,Single,Philadelphia,Yes
APP-11366,2023-01-29,Female,26,21603.8,743,26344.51,Employed,Married,Phoenix,Yes
APP-10912,2023-06-18,Male,36,77002.0,720,28348.85,Employed,Single,Philadelphia,Yes
APP-13198,2022-09-27,Female,22,47331.07,608,29994.05,Employed,Single,New York,Yes
APP-10088,2022-08-23,Male,54,50815.74,693,28348.85,Self-Employed,Married,Los Angeles,Yes
APP-10278,2023-08-15,Male,32,45854.1,594,24390.63,Employed,Single,Houston,Yes
APP-10945,2022-11-15,Male,28,50815.74,718,20488.98,Employed,Married,Houston,Yes
APP-10166,2023-09-23,Female,25,36229.13,650,18337.65,Retired,Married,San Antonio,Yes
APP-11068,2022-01-17,Female,38,50815.74,608,42264.13,Employed,Married,Philadelphia,No
APP-12629,2022-12-18,Male,42,40255.85,646,28376.62,Self-Employed,Married,San Antonio,Yes
APP-12951,2022-01-19,Female,46,142019.0,725,27009.55,Retired,Single,New York,Yes
APP-11381,2022-06-15,Male,59,57976.0,740,33656.98,Self-Employed,Married,Phoenix,No
APP-10734,2023-10-07,Male,24,77800.73,607,25533.91,Retired,Married,Phoenix,Yes
APP-12957,2022-06-07,Male,45,39666.3,707,23799.94,Employed,Single,Chicago,Yes
APP-11609,2022-08-20,Female,34,55572.02,691,32522.46,Employed,Single,Phoenix,Yes
APP-11272,2023-04-17,Female,57,50815.74,760,38098.9,Employed,Single,Houston,No
APP-10247,2023-02-21,Female,19,84334.11,672,40411.41,Employed,Married,New York,Yes
APP-10408,2022-03-09,Female,50,28833.5,606,35803.41,Retired,Married,Houston,No
APP-11675,2022-05-29,Male,53,69033.0,681,43417.01,Retired,Single,Los Angeles,Yes
APP-12421,2022-05-04,Female,26,42488.32,797,35954.72,Employed,Married,New York,No
APP-10368,2022-10-16,Male,34,40867.71,797,18228.29,Employed,Single,San Antonio,Yes
APP-10025,2022-10-16,Female,57,97481.36,710,23855.89,Self-Employed,Married,Chicago,Yes
APP-10879,2022-12-08,Male,40,21987.38,610,28308.42,Employed,Divorced,Chicago,No
APP-12844,2022-03-10,Male,56,36927.61,678,19158.54,Employed,Single,Houston,Yes
APP-12517,2023-10-28,Female,32,162498.7,487,48380.5,Employed,Married,San Diego,No
APP-11289,2022-11-09,Male,55,33698.14,661,42833.52,Employed,Married,Philadelphia,Yes
APP-10927,2022-08-16,Female,40,156772.08,715,37623.58,Self-Employed,Single,San Diego,No
APP-10410,2023-06-24,Female,46,59629.0,681,30480.55,Retired,Married,Houston,Yes
APP-11052,2022-02-28,Male,45,28745.98,611,27299.6,Employed,Single,Chicago,Yes
APP-11204,2023-02-21,Female,21,101449.53,722,41505.39,Employed,Married,New York,Yes
APP-13122,2022-12-30,Male,49,33370.0,576,23381.36,Employed,Single,Philadelphia,Yes
APP-11475,2023-05-02,Male,38,57379.63,727,16699.52,Employed,Married,Phoenix,Yes
APP-10907,2023-05-17,Female,38,62391.2,683,31659.19,Self-Employed,Single,Chicago,Yes
APP-11940,2023-09-21,Female,39,29084.52,762,22118.03,Self-Employed,Divorced,San Diego,No
APP-11563,2022-02-03,Female,27,164157.0,719,27129.4,Self-Employed,Single,Chicago,No
APP-10067,2023-03-21,Male,45,108520.0,617,29276.22,Retired,Married,Philadelphia,Yes
APP-11850,2022-02-12,Female,35,27555.93,751,20355.59,Self-Employed,Married,Phoenix,No
APP-12501,2022-10-18,Male,32,65348.71,743,25622.07,Self-Employed,Single,Chicago,Yes
APP-10847,2023-07-15,Female,40,36660.0,727,28348.85,Employed,Married,San Diego,No
APP-10838,2023-01-31,Female,29,57058.04,628,34035.72,Self-Employed,Single,San Antonio,Yes
APP-10031,2022-03-16,Female,60,33774.3,678,64300.813,Self-Employed,Divorced,Chicago,No
APP-12405,2022-03-13,Other,29,20986.55,681,28320.14,Employed,Single,Houston,Yes
APP-13076,2023-06-01,Male,24,35813.0,563,39851.26,Self-Employed,Married,Phoenix,Yes
APP-10343,2023-08-29,Male,38,35076.0,660,43905.49,Employed,Married,Houston,Yes
APP-11425,2022-01-17,Female,35,45971.17,742,35931.76,Retired,Single,Houston,Yes
APP-12307,2023-09-27,Male,19,21893.0,631,25075.12,Employed,Married,Los Angeles,Yes
APP-12728,2023-10-14,Male,32,50815.74,589,19403.67,Employed,Single,Houston,No
APP-12078,2022-04-12,Male,70,50923.18,554,30428.57,Employed,Married,San Antonio,Yes
APP-10727,2022-01-29,Male,30,136264.47,664,15107.45,Employed,Single,San Antonio,No
APP-10761,2023-12-04,Male,36,45546.92,668,21442.45,Retired,Single,Philadelphia,No
APP-11483,2022-06-17,Female,47,70740.0,706,28028.65,Employed,Married,Philadelphia,Yes
APP-11667,2022-07-25,Female,38,112195.0,675,23972.77,Employed,Married,Phoenix,Yes
APP-12924,2023-11-09,Male,54,27221.75,663,22428.43,Unemployed,Married,San Antonio,Yes
APP-11084,2022-03-20,Male,40,83957.0,767,24657.38,Self-Employed,Married,Philadelphia,Yes
APP-11966,2022-12-23,Male,52,21617.34,641,61308.25,Unemployed,Married,San Antonio,Yes
APP-10990,2022-08-18,Male,38,93297.05,662,26772.26,Employed,Divorced,San Antonio,Yes
APP-10528,2023-06-19,Female,21,50815.74,649,38850.52,Unemployed,Married,New York,No
APP-10176,2022-08-26,Male,34,43361.0,717,9087.21,Employed,Married,New York,No
APP-11896,2022-11-28,Male,43,50815.74,850,17079.5,Unemployed,Married,Phoenix,No
APP-10857,2023-01-25,Male,42,147963.0,616,28055.67,Employed,Single,San Antonio,No
APP-11455,2023-05-15,Male,28,140694.0,790,13981.11,Employed,Single,San Diego,Yes
APP-11114,2022-07-01,Female,56,33231.91,649,21207.15,Employed,Single,San Antonio,Yes
APP-10288,2023-11-09,Female,32,60556.51,683,50287.38,Employed,Married,Houston,Yes
APP-12202,2022-12-11,Male,39,23731.33,635,17708.21,Unemployed,Married,Houston,Yes
APP-11784,2023-08-10,Male,37,23779.0,548,14655.58,Retired,Married,Houston,No
APP-10177,2022-02-11,Female,44,116403.5,655,28348.85,Unemployed,Married,Chicago,Yes
APP-11915,2022-01-24,Female,41,31664.77,735,32662.16,Employed,Married,San Antonio,Yes
APP-10310,2022-01-24,Female,20,35769.0,722,20939.87,Self-Employed,Single,Los Angeles,No
APP-12226,2023-02-26,Male,23,50296.66,786,31083.25,Self-Employed,Single,Phoenix,Yes
APP-13153,2022-01-11,Female,29,36898.73,599,36601.0,Self-Employed,Single,New York,No
APP-10370,2022-12-10,Male,30,37713.92,564,18797.86,Self-Employed,Married,Houston,Yes
APP-11271,2022-12-05,Male,38,39114.0,672,43031.98,Employed,Single,Philadelphia,No
APP-11978,2022-10-16,Male,35,91446.0,580,19697.37,Employed,Single,Phoenix,Yes
APP-11744,2023-04-01,Female,38,67171.0,595,31202.9,Employed,Single,San Diego,Yes
APP-10937,2023-02-21,Female,52,25146.45,583,19391.59,Employed,Married,Houston,Yes
APP-11149,2023-03-21,Male,36,102300.62,681,47956.19,Self-Employed,Married,Philadelphia,Yes
APP-11477,2023-02-25,Male,33,55748.27,649,22662.91,Employed,Single,San Antonio,No
APP-10944,2023-10-10,Male,39,42412.0,831,31355.7,Employed,Married,Philadelphia,Yes
APP-10141,2023-05-22,Male,50,27389.24,553,18928.23,Self-Employed,Single,Chicago,Yes
APP-13086,2023-01-26,Male,41,78934.0,665,22721.5,Employed,Married,Chicago,Yes
APP-10602,2022-04-02,Male,42,78382.56,663,42310.93,Unemployed,Married,New York,No
APP-11610,2022-07-23,Male,46,30676.16,708,22515.55,Self-Employed,Single,Los Angeles,No
APP-10471,2023-02-01,Male,42,27659.21,677,31532.77,Employed,Married,Chicago,Yes
APP-13027,2022-11-25,Female,49,48209.52,688,34124.45,Unemployed,Single,New York,Yes
APP-12268,2022-11-25,Female,20,50815.74,577,33480.71,Employed,Single,San Antonio,Yes
APP-11106,2023-04-09,Male,34,50815.74,684,33850.46,Employed,Married,San Diego,Yes
APP-10676,2022-05-19,Male,38,102144.33,641,22182.63,Employed,Married,Houston,No
APP-13176,2023-09-11,Male,63,33397.85,786,19840.63,Unemployed,Married,Los Angeles,Yes
APP-10195,2022-10-05,Male,30,50815.74,657,28348.85,Unemployed,Single,Houston,Yes
APP-10532,2023-08-05,Male,35,73501.86,635,42503.64,Employed,Married,San Diego,Yes
APP-11652,2022-07-12,Female,30,38486.39,705,52132.88,Employed,Divorced,New York,No
APP-12011,2022-06-01,Male,23,215907.27780000013,681,64300.813,Employed,Married,Los Angeles,Yes
APP-11391,2023-12-21,Male,37,24873.0,728,36658.26,Retired,Married,San Antonio,Yes
APP-10555,2022-03-04,Female,19,73692.0,631,22832.39,Employed,Married,Los Angeles,Yes
APP-12515,2022-06-04,Male,36,35707.91,578,28348.85,Employed,Single,San Diego,Yes
APP-10811,2022-04-30,Male,38,23567.61,695,23760.22,Retired,Single,Houston,Yes
APP-10610,2022-05-19,Male,40,50815.74,799,55177.57,Employed,Single,San Antonio,Yes
APP-12154,2023-02-11,Female,36,193741.0,687,22236.34,Employed,Married,Houston,Yes
APP-10599,2022-03-06,Male,43,93456.0,700,16111.09,Employed,Single,San Antonio,No
APP-10162,2023-02-28,Female,32,59205.0,760,19680.04,Employed,Married,Houston,Yes
APP-12430,2023-01-01,Male,41,50815.74,846,26822.52,Employed,Single,San Diego,Yes
APP-12322,2022-01-20,Female,25,58734.0,773,20871.94,Employed,Divorced,Phoenix,Yes
APP-11234,2022-10-19,Female,51,38957.78,700,44802.88,Unemployed,Married,New York,Yes
APP-12893,2022-03-27,Male,51,50815.74,590,24238.58,Self-Employed,Married,New York,Yes
APP-10547,2023-04-09,Male,45,28871.53,687,21396.43,Retired,Single,San Antonio,No
APP-11027,2022-06-07,Male,30,23098.0,778,21785.27,Unemployed,Single,San Antonio,No
APP-10568,2023-02-27,Female,26,42863.97,823,29978.72,Employed,Married,San Antonio,Yes
APP-11847,2022-11-03,Female,26,23870.89,681,28347.27,Employed,Married,Phoenix,Yes
APP-11302,2022-09-19,Male,27,77492.73,681,20875.28,Unemployed,Married,Los Angeles,Yes
APP-12428,2023-09-06,Male,48,45140.51,717,44587.17,Employed,Married,New York,Yes
APP-12213,2023-04-27,Male,48,88676.1,676,16924.65,Unemployed,Divorced,Los Angeles,Yes
APP-13012,2022-12-22,Male,40,50815.74,624,25997.04,Employed,Divorced,Phoenix,Yes
APP-11965,2023-11-16,Female,40,92094.37,727,18920.49,Employed,Divorced,San Diego,Yes
APP-10581,2023-05-30,Female,26,95240.73,540,64300.813,Self-Employed,Single,Chicago,Yes
APP-11743,2022-12-26,Male,45,45676.03,775,24770.4,Employed,Married,San Diego,Yes
APP-11480,2023-09-24,Male,32,39401.29,617,43364.84,Employed,Single,Chicago,No
APP-10073,2023-02-02,Male,48,78961.04,638,17637.32,Employed,Married,Phoenix,Yes
APP-10048,2023-08-11,Female,49,61793.88,816,25616.61,Self-Employed,Divorced,Phoenix,Yes
APP-11608,2022-10-04,Female,43,121789.0,699,27575.44,Self-Employed,Married,Phoenix,No
APP-10867,2022-03-24,Male,38,59018.0,682,23726.44,Employed,Divorced,Houston,Yes
APP-13036,2023-01-30,Male,55,41828.0,712,20669.18,Self-Employed,Single,San Diego,Yes
APP-12224,2023-03-12,Male,27,24871.5,704,17723.25,Employed,Married,San Antonio,Yes
APP-13183,2022-04-07,Male,38,50815.74,580,40773.71,Employed,Married,Phoenix,No
APP-13081,2023-07-09,Male,35,102265.98,548,28946.63,Unemployed,Married,Los Angeles,No
APP-12528,2022-06-28,Female,28,29791.73,709,24302.67,Employed,Married,Chicago,No
APP-11178,2023-05-18,Male,28,142177.52,687,59982.76,Employed,Married,Phoenix,Yes
APP-12580,2023-09-04,Male,48,95454.0,630,36231.37,Retired,Married,Phoenix,No
APP-10572,2023-04-28,Female,44,50815.74,738,43756.27,Employed,Married,New York,Yes
APP-10942,2023-10-24,Male,55,47743.0,714,39901.43,Employed,Single,Houston,Yes
APP-10859,2023-03-12,Male,49,28449.16,714,36614.13,Employed,Single,Houston,No
APP-11309,2022-01-18,Male,46,26200.51,595,22667.28,Employed,Married,Philadelphia,No
APP-13138,2022-09-28,Female,26,50347.97,643,23867.08,Employed,Married,Chicago,Yes
APP-12005,2022-05-19,Male,38,64788.16,604,24142.7,Employed,Married,New York,No
APP-12113,2022-03-24,Female,43,50105.5,696,23384.09,Retired,Single,Los Angeles,No
APP-11862,2023-05-23,Female,40,68827.0,682,33156.51,Employed,Married,New York,Yes
APP-12751,2022-04-25,Male,38,215907.27780000013,668,39029.95,Retired,Single,Houston,No
APP-11196,2023-09-06,Female,41,59411.11,668,37541.53,Employed,Married,Los Angeles,Yes
APP-10840,2023-12-04,Male,22,93000.0,751,16532.12,Employed,Divorced,San Antonio,No
APP-11187,2022-04-30,Male,48,54928.48,538,21421.83,Employed,Single,San Antonio,No
APP-11359,2022-08-12,Male,36,41112.56,751,16025.49,Employed,Single,Los Angeles,No
APP-12996,2023-11-28,Male,38,49435.0,691,19882.3,Employed,Divorced,San Diego,Yes
APP-12808,2023-08-23,Male,40,57217.3,726,53018.93,Employed,Single,Los Angeles,Yes
APP-12119,2023-08-24,Male,57,111714.85,692,12447.45,Self-Employed,Single,San Antonio,No
APP-12581,2023-03-26,Female,58,41275.07,779,19162.24,Employed,Single,Phoenix,Yes
APP-13035,2022-02-12,Other,38,53856.0,832,10142.77,Self-Employed,Married,Houston,Yes
APP-11173,2023-07-22,Female,31,25642.0,788,34919.2,Self-Employed,Single,Los Angeles,No
APP-12820,2023-10-18,Female,41,99473.79,728,27821.16,Employed,Married,Phoenix,Yes
APP-10631,2023-10-09,Female,38,23626.26,681,19191.09,Employed,Single,Chicago,No
APP-10831,2023-09-21,Female,32,125223.33,696,28348.85,Self-Employed,Married,Los Angeles,Yes
APP-12552,2023-11-19,Male,43,50815.74,717,54026.3,Employed,Married,Houston,Yes
APP-12183,2022-01-18,Male,38,145165.51,681,44938.23,Self-Employed,Single,San Antonio,Yes
APP-12340,2022-01-13,Male,45,28072.22,611,16103.99,Employed,Single,Philadelphia,No
APP-12378,2022-05-02,Male,33,156336.9,651,20323.33,Employed,Married,Houston,No
APP-11587,2022-09-07,Female,33,50815.74,710,35216.64,Employed,Married,Philadelphia,No
APP-11623,2022-10-19,Male,66,41837.92,768,28348.85,Self-Employed,Single,Chicago,Yes
APP-12527,2023-06-10,Female,42,46575.9,681,36363.91,Employed,Married,Chicago,No
APP-12983,2022-02-05,Male,54,26414.73,751,23517.0,Self-Employed,Single,Philadelphia,Yes
APP-10108,2023-05-14,Male,38,50815.74,579,27404.1,Retired,Divorced,Los Angeles,Yes
APP-11067,2023-06-05,Female,25,35752.0,797,34045.01,Retired,Married,Phoenix,Yes
APP-13124,2022-12-30,Female,36,57008.33,760,30359.16,Employed,Single,Los Angeles,Yes
APP-10318,2023-08-01,Female,24,50815.74,624,28348.85,Self-Employed,Married,New York,Yes
APP-11017,2023-05-03,Female,37,143614.16,718,18401.89,Employed,Married,San Diego,Yes
APP-11487,2023-02-22,Female,31,67651.0,627,56068.28,Unemployed,Single,San Antonio,Yes
APP-12225,2023-06-02,Male,25,107258.0,642,39349.89,Unemployed,Married,Los Angeles,Yes
APP-11206,2023-10-20,Male,35,30825.0,675,21555.03,Self-Employed,Single,Philadelphia,Yes
APP-10793,2022-03-22,Male,24,50815.74,672,29115.36,Employed,Single,San Antonio,Yes
APP-11323,2023-01-30,Female,45,49681.92,681,14906.9,Self-Employed,Married,San Diego,No
APP-10691,2023-05-17,Female,32,26554.79,610,52673.04,Employed,Divorced,Houston,No
APP-11102,2023-11-28,Male,36,54469.74,777,21213.76,Employed,Married,Philadelphia,No
APP-11041,2022-10-13,Female,38,50815.74,708,24323.47,Employed,Married,New York,No
APP-12140,2022-02-18,Male,40,28437.77,682,58378.34,Employed,Married,Los Angeles,Yes
APP-11936,2023-08-13,Female,38,46541.0,635,13788.12,Unemployed,Single,Chicago,No
APP-11812,2023-12-13,Female,51,27137.0,683,11380.09,Employed,Married,Phoenix,Yes
APP-12053,2023-07-31,Female,30,203895.0,737,16974.59,Employed,Divorced,Phoenix,Yes
APP-10582,2022-03-25,Male,65,126528.0,690,26763.46,Employed,Single,New York,Yes
APP-12578,2023-12-22,Female,48,50815.74,785,14539.16,Self-Employed,Married,Houston,Yes
APP-10785,2022-05-09,Female,35,55973.81,570,22477.08,Employed,Single,Phoenix,Yes
APP-12346,2023-04-30,Male,20,28835.0,561,31194.08,Self-Employed,Single,New York,No
APP-10056,2023-06-21,Male,34,50815.74,727,42999.34,Employed,Married,Phoenix,Yes
APP-13133,2023-06-02,Male,38,50815.74,712,22998.25,Employed,Married,New York,Yes
APP-11808,2023-05-20,Male,44,88135.0,781,37600.05,Employed,Married,Phoenix,Yes
APP-12240,2023-05-17,Male,24,157254.4,652,21583.77,Employed,Married,San Diego,Yes
APP-12740,2023-04-29,Female,45,75322.0,610,31969.26,Employed,Divorced,Phoenix,Yes
APP-10468,2022-12-05,Male,50,33414.08,463,13642.33,Employed,Married,Houston,Yes
APP-12067,2023-11-27,Male,67,94201.17,632,60503.98,Self-Employed,Married,Los Angeles,Yes
APP-12712,2022-04-24,Male,36,89937.61,579,33005.92,Unemployed,Single,Philadelphia,Yes
APP-10535,2023-02-12,Male,44,46455.63,673,29725.05,Employed,Married,Phoenix,Yes
APP-10678,2023-02-24,Female,56,41954.19,789,24832.95,Employed,Married,Philadelphia,No
APP-13008,2023-05-11,Male,54,132996.0,611,38366.35,Employed,Married,Phoenix,Yes
APP-13164,2022-06-29,Female,33,132465.52,692,16841.35,Employed,Married,Los Angeles,No
APP-11886,2022-10-22,Male,73,27697.0,735,42751.85,Employed,Single,Phoenix,Yes
APP-12325,2023-10-23,Male,34,38198.34,736,37531.65,Employed,Married,Los Angeles,Yes
APP-13160,2023-05-02,Male,28,51550.0,740,30721.03,Employed,Single,San Diego,Yes
APP-10839,2023-10-29,Male,39,123527.64,616,37551.53,Self-Employed,Single,New York,No
APP-10069,2022-08-26,Male,38,204756.37,702,37554.77,Employed,Married,San Antonio,Yes
APP-13014,2023-11-17,Male,19,80052.4,758,47800.24,Employed,Married,San Antonio,Yes
APP-12907,2023-07-07,Female,38,62214.04,691,16409.3,Employed,Married,Phoenix,Yes
APP-11926,2022-09-11,Female,33,81768.03,705,14892.29,Employed,Married,New York,Yes
APP-10436,2022-01-07,Female,39,68593.0,619,15494.66,Employed,Single,Philadelphia,Yes
APP-12821,2022-04-03,Male,48,97784.51,681,31534.92,Self-Employed,Married,Houston,No
APP-11103,2022-09-06,Other,45,44276.0,752,19228.75,Employed,Married,Philadelphia,No
APP-11507,2022-06-24,Male,60,42370.92,663,28434.66,Employed,Married,San Diego,Yes
APP-10208,2023-09-15,Female,25,24004.47,666,41033.41,Employed,Single,Phoenix,Yes
APP-11338,2022-11-10,Female,26,30052.67,635,24405.11,Self-Employed,Married,Philadelphia,Yes
APP-10565,2022-04-29,Male,49,37678.58,647,44959.64,Retired,Married,Houston,Yes
APP-10313,2022-10-31,Male,55,50815.74,700,30625.37,Employed,Married,Los Angeles,Yes
APP-10601,2023-04-08,Female,35,26659.0,641,43119.81,Employed,Divorced,San Antonio,Yes
APP-10233,2023-09-13,Male,38,59768.56,807,11199.4,Self-Employed,Married,New York,No
APP-11706,2022-05-10,Female,31,34271.0,693,32330.26,Employed,Married,Houston,Yes
APP-12691,2023-03-24,Male,44,46324.75,625,31818.48,Self-Employed,Married,Los Angeles,No
APP-10012,2023-10-26,Female,45,30869.67,759,12345.0,Employed,Married,New York,Yes
APP-12408,2022-07-06,Male,38,74898.18,585,50545.24,Employed,Single,Chicago,Yes
APP-10111,2022-05-06,Male,37,86858.0,778,22777.77,Self-Employed,Married,San Antonio,No
APP-11404,2022-08-24,Female,49,20782.25,630,48779.54,Self-Employed,Single,New York,Yes
APP-10969,2023-01-17,Female,19,34334.0,624,32300.85,Employed,Married,Chicago,Yes
APP-10759,2022-11-18,Male,48,26522.69,753,64300.813,Employed,Married,Chicago,Yes
APP-11055,2023-05-06,Female,32,77851.0,605,56820.82,Self-Employed,Single,Houston,Yes
APP-12519,2023-12-25,Female,19,147299.64,661,51841.78,Employed,Single,Philadelphia,No
APP-10472,2022-09-23,Female,34,28677.94,663,35451.47,Self-Employed,Married,Los Angeles,No
APP-12170,2023-10-18,Female,37,51697.1,791,34939.99,Employed,Married,San Diego,No
APP-11791,2022-03-21,Male,31,27026.58,607,59671.01,Self-Employed,Married,San Antonio,Yes
APP-12592,2022-03-21,Female,46,37829.3,623,23543.69,Employed,Single,San Antonio,Yes
APP-13010,2023-09-16,Female,46,41563.62,722,45111.24,Employed,Married,New York,Yes
APP-11446,2022-07-12,Female,48,50815.74,678,24992.7,Employed,Divorced,Los Angeles,Yes
APP-11117,2022-05-27,Male,19,103252.84,744,35704.94,Employed,Married,Los Angeles,Yes
APP-11042,2023-08-24,Female,59,32971.13,679,22884.41,Employed,Single,New York,No
APP-12706,2022-05-21,Female,36,42403.77,665,16370.12,Employed,Married,Houston,No
APP-12878,2023-10-30,Female,38,49130.0,664,26395.67,Unemployed,Married,Los Angeles,Yes
APP-10655,2023-04-01,Male,42,169031.79,723,16399.95,Employed,Single,San Diego,Yes
APP-13039,2023-03-26,Male,38,44131.0,805,34477.99,Employed,Divorced,Phoenix,Yes
APP-10361,2022-11-26,Male,30,43879.6,595,35128.02,Employed,Married,Los Angeles,Yes
APP-10135,2023-07-08,Female,19,50815.74,807,49057.3,Employed,Married,Houston,Yes
APP-12698,2022-11-01,Male,37,45173.0,676,12345.0,Unemployed,Married,Chicago,Yes
APP-12403,2023-04-01,Female,47,27078.47,681,23478.91,Employed,Married,Philadelphia,Yes
APP-11029,2022-04-10,Male,33,39034.0,554,21300.27,Employed,Single,Los Angeles,Yes
APP-12503,2022-04-28,Male,49,51752.04,719,49493.16,Employed,Single,Los Angeles,Yes
APP-10366,2023-04-22,Female,30,34283.0,578,25856.31,Employed,Married,Chicago,Yes
APP-12472,2023-01-31,Female,59,62412.97,681,26387.61,Self-Employed,Divorced,Chicago,Yes
APP-10029,2023-01-26,Male,38,28850.5,741,19578.37,Self-Employed,Single,San Antonio,Yes
APP-12766,2023-05-12,Female,38,54130.61,658,13294.43,Employed,Single,Chicago,Yes
APP-10022,2022-10-04,Male,19,42826.0,731,34172.83,Employed,Married,New York,Yes
APP-11780,2023-05-12,Female,38,22969.0,775,48099.48,Employed,Single,Phoenix,Yes
APP-11134,2022-06-28,Female,49,26379.0,706,24423.04,Employed,Single,Philadelphia,Yes
APP-10921,2023-05-17,Male,38,91942.03,777,30593.0,Self-Employed,Single,Phoenix,No
APP-11097,2022-02-08,Female,19,61037.0,740,42048.13,Employed,Married,San Antonio,Yes
APP-10695,2023-09-01,Female,66,123601.27,652,31902.71,Unemployed,Married,Los Angeles,Yes
APP-13064,2023-12-02,Male,26,22031.6,734,30326.31,Employed,Married,San Diego,No
APP-10700,2023-03-10,Female,38,28716.0,658,28348.85,Self-Employed,Single,New York,Yes
APP-10420,2022-09-06,Male,44,82755.47,667,28348.85,Self-Employed,Single,Philadelphia,Yes
APP-10682,2023-10-15,Female,28,98203.84,754,27018.11,Employed,Married,Phoenix,No
APP-13087,2022-07-28,Male,29,43936.0,689,27267.76,Self-Employed,Single,Houston,Yes
APP-10460,2023-10-02,Male,29,50815.74,714,42998.57,Employed,Married,Los Angeles,No
APP-10043,2023-07-07,Female,51,55693.0,810,30536.96,Employed,Divorced,San Antonio,Yes
APP-10087,2023-06-24,Male,38,56140.26,710,38598.84,Employed,Married,Houston,No
APP-12715,2022-04-26,Male,33,90656.79,618,15202.13,Employed,Married,Houston,No
APP-10742,2023-12-26,Male,19,26174.25,682,51260.12,Self-Employed,Married,Houston,Yes
APP-11745,2022-11-27,Female,39,23168.88,591,25555.22,Employed,Single,Chicago,Yes
APP-10561,2022-04-06,Female,29,71588.0,643,33603.59,Employed,Divorced,Los Angeles,Yes
APP-10282,2022-10-30,Male,38,20819.0,649,36749.47,Employed,Single,Chicago,Yes
APP-11264,2022-05-20,Male,38,61659.0,558,28348.85,Employed,Married,San Diego,Yes
APP-11258,2023-05-31,Male,19,43184.0,829,23009.56,Self-Employed,Single,San Antonio,No
APP-11442,2022-03-27,Male,31,212420.0,730,27948.7,Retired,Single,Chicago,No
APP-13149,2023-06-12,Female,28,69627.26,739,36102.58,Self-Employed,Single,San Antonio,No
APP-12030,2023-11-27,Male,36,37383.78,641,38728.7,Employed,Married,Phoenix,Yes
APP-10533,2022-07-17,Female,35,44099.0,742,21162.14,Self-Employed,Single,Chicago,Yes
APP-13132,2023-02-13,Male,51,45723.5,682,32196.2,Unemployed,Divorced,Philadelphia,Yes
APP-12713,2022-03-08,Female,55,67254.72,756,47617.25,Retired,Married,Chicago,Yes
APP-11295,2023-10-29,Male,38,31539.57,741,29675.07,Employed,Married,San Antonio,Yes
APP-11813,2022-11-18,Male,32,38090.03,699,21810.69,Employed,Married,San Diego,No
APP-12609,2022-11-18,Male,39,50815.74,673,41858.7,Employed,Married,New York,No
APP-12645,2022-02-21,Female,29,20711.45,741,15975.84,Employed,Married,Houston,No
APP-11270,2022-02-21,Male,27,74975.32,653,20920.53,Employed,Married,Phoenix,Yes
APP-12776,2023-09-26,Male,23,35216.13,627,15461.82,Self-Employed,Single,Houston,No
APP-11554,2023-10-09,Male,39,215907.27780000013,597,20241.94,Employed,Married,Los Angeles,Yes
APP-10373,2023-05-07,Male,40,69126.41,757,28348.85,Employed,Married,Phoenix,Yes
APP-12018,2022-03-23,Female,44,50815.74,769,36125.16,Employed,Single,San Antonio,Yes
APP-10817,2023-04-06,Male,47,103154.0,686,28595.61,Retired,Single,Phoenix,Yes
APP-12626,2023-11-13,Male,51,28440.14,681,15889.11,Employed,Married,New York,Yes
APP-10637,2023-10-19,Female,50,37753.49,681,48700.88,Employed,Single,Chicago,Yes
APP-11800,2022-09-23,Female,29,131957.0,681,25934.25,Self-Employed,Married,Los Angeles,Yes
APP-11037,2023-02-27,Male,56,27774.47,759,49343.46,Employed,Married,Chicago,Yes
APP-12417,2023-07-30,Female,51,65306.7,655,16706.08,Employed,Married,Los Angeles,Yes
APP-12381,2022-08-20,Male,35,32158.56,586,23176.06,Employed,Married,Los Angeles,Yes
APP-12431,2022-12-23,Female,24,31041.0,628,38785.98,Employed,Married,Philadelphia,Yes
APP-12933,2023-02-05,Male,30,56220.0,711,41944.28,Employed,Single,Philadelphia,Yes
APP-11659,2022-06-16,Female,40,61229.31,582,31134.28,Employed,Married,New York,Yes
APP-12025,2022-10-20,Female,33,83941.96,604,19143.81,Employed,Married,Los Angeles,No
APP-10221,2022-05-29,Male,31,108073.47,735,17625.69,Self-Employed,Married,Chicago,Yes
APP-10543,2022-10-06,Female,36,53904.0,810,64300.813,Employed,Married,New York,No
APP-12495,2022-08-28,Male,35,99219.0,700,19173.18,Employed,Divorced,New York,Yes
APP-12375,2022-10-16,Male,31,23119.89,612,15070.19,Retired,Married,Phoenix,No
APP-10685,2022-10-02,Male,39,23456.0,706,21884.81,Employed,Married,Phoenix,Yes
APP-10871,2023-02-20,Male,19,86964.49,832,44865.3,Employed,Married,Houston,Yes
APP-10790,2023-11-21,Female,19,40781.69,764,32367.34,Employed,Married,San Antonio,Yes
APP-12153,2023-04-01,Male,34,30973.0,725,31514.9,Employed,Married,Phoenix,Yes
APP-12176,2023-12-02,Female,38,55564.39,659,35372.36,Employed,Married,Phoenix,Yes
APP-12573,2023-01-06,Male,46,83348.0,637,26672.92,Employed,Married,Los Angeles,No
APP-12928,2022-12-12,Female,59,97429.41,636,22438.43,Employed,Married,Houston,Yes
APP-11385,2023-12-14,Female,39,33287.0,724,41624.54,Retired,Married,New York,Yes
APP-10798,2022-03-18,Male,28,63179.14,706,17461.01,Employed,Married,San Antonio,No
APP-11253,2023-10-07,Female,50,43375.71,655,24594.52,Employed,Single,Philadelphia,Yes
APP-11543,2022-11-27,Male,33,21579.0,528,20489.17,Unemployed,Married,New York,Yes
APP-11991,2022-04-11,Male,42,40605.44,660,27870.61,Employed,Married,San Antonio,Yes
APP-10272,2022-11-02,Male,28,50815.74,667,35421.03,Employed,Married,Houston,Yes
APP-12276,2023-06-02,Male,45,94895.23,649,40642.5,Employed,Married,New York,Yes
APP-10521,2023-03-19,Male,47,50815.74,675,29295.29,Self-Employed,Single,San Antonio,No
APP-10522,2023-01-29,Female,35,45149.49,653,58265.15,Employed,Single,Philadelphia,Yes
APP-11869,2023-06-25,Male,32,118981.53,681,27030.31,Retired,Married,Chicago,Yes
APP-12619,2022-02-21,Male,19,57903.5,646,35735.53,Employed,Married,Philadelphia,Yes
APP-12371,2023-09-03,Male,29,26874.66,710,29955.11,Employed,Single,Philadelphia,Yes
APP-10350,2022-08-11,Male,38,45617.0,694,19343.95,Retired,Single,New York,Yes
APP-11557,2022-01-16,Male,46,25832.93,696,15562.83,Self-Employed,Married,San Diego,Yes
APP-11190,2022-03-17,Female,38,23119.66,689,20254.34,Employed,Divorced,San Antonio,Yes
APP-11909,2022-09-04,Female,22,51636.89,694,23287.68,Employed,Married,New York,No
APP-12298,2023-09-25,Female,46,139224.38,681,17962.27,Employed,Married,San Diego,No
APP-11074,2022-10-05,Male,51,129962.8,657,20500.54,Retired,Single,Philadelphia,Yes
APP-12564,2022-02-17,Male,57,35837.68,659,28348.85,Employed,Single,Houston,No
APP-10651,2022-06-18,Male,22,78775.96,663,16520.94,Unemployed,Married,Philadelphia,Yes
APP-12764,2023-10-11,Male,34,32883.0,675,20098.22,Employed,Married,San Diego,Yes
APP-11983,2023-06-28,Female,40,95382.15,753,28374.9,Employed,Married,New York,Yes
APP-12090,2023-07-04,Female,19,24577.37,700,24334.09,Employed,Married,Chicago,No
APP-12867,2022-05-29,Female,48,36239.0,690,20943.71,Self-Employed,Married,San Diego,Yes
APP-13077,2023-11-15,Male,33,79324.49,636,43093.3,Employed,Single,San Diego,No
APP-12872,2022-09-28,Female,47,51878.73,490,32490.3,Employed,Single,San Antonio,Yes
APP-11361,2023-06-30,Male,19,80944.79,704,18792.74,Self-Employed,Married,Phoenix,No
APP-12930,2023-06-07,Male,29,50815.74,712,23962.63,Employed,Single,San Antonio,Yes
APP-11578,2022-01-27,Female,44,25465.14,664,33305.08,Self-Employed,Divorced,Phoenix,Yes
APP-10168,2023-01-17,Male,35,198781.31,641,48168.91,Employed,Single,Los Angeles,Yes
APP-12770,2022-06-14,Male,25,28889.63,659,41022.68,Employed,Single,Los Angeles,No
APP-11251,2022-03-28,Male,38,149750.25,702,27724.2,Unemployed,Single,New York,No
APP-11006,2023-12-21,Other,26,30390.75,568,17569.31,Employed,Married,San Diego,Yes
APP-10803,2023-04-13,Male,46,124167.0,804,13305.35,Unemployed,Single,Phoenix,Yes
APP-11061,2023-12-13,Female,29,34419.15,759,28348.85,Self-Employed,Single,Chicago,Yes
APP-11283,2023-03-17,Female,38,29618.68,759,16057.71,Unemployed,Married,San Diego,Yes
APP-11032,2022-02-22,Female,20,104123.52,623,51531.47,Employed,Married,San Antonio,No
APP-11730,2022-08-07,Female,39,40896.55,627,17392.74,Employed,Divorced,Houston,Yes
APP-11334,2023-08-27,Female,61,45913.69,668,27826.85,Employed,Single,Houston,Yes
APP-11135,2022-11-30,Male,30,27026.0,571,25068.07,Employed,Married,Los Angeles,Yes
APP-12066,2022-03-02,Male,43,21696.37,850,33307.79,Employed,Single,Houston,Yes
APP-12475,2022-04-28,Male,46,98962.0,684,44855.75,Employed,Married,Houston,Yes
APP-10219,2022-12-22,Male,38,30022.89,654,24217.02,Employed,Single,Houston,No
APP-10367,2023-11-17,Male,33,80907.0,723,28837.83,Retired,Married,Phoenix,Yes
APP-12423,2023-01-08,Female,36,85558.62,605,56917.94,Unemployed,Married,Houston,No
APP-10549,2022-11-12,Male,41,20115.06,710,33893.87,Employed,Divorced,New York,No
APP-12522,2023-09-04,Female,38,116818.82,797,35895.43,Employed,Married,Phoenix,No
APP-12369,2022-07-28,Female,26,50815.74,784,35318.21,Employed,Divorced,San Diego,Yes
APP-11614,2022-03-02,Female,46,30835.16,732,25244.49,Employed,Divorced,New York,No
APP-10351,2023-01-15,Male,22,50815.74,675,19976.47,Unemployed,Single,San Diego,No
APP-12719,2023-01-15,Male,38,46305.0,610,38394.33,Self-Employed,Single,Houston,No
APP-10772,2023-01-15,Female,41,55742.11,850,21509.23,Self-Employed,Married,Los Angeles,Yes
APP-12107,2022-01-15,Male,21,28757.79,730,19850.47,Employed,Married,New York,Yes
APP-12271,2023-09-29,Female,54,21735.0,741,64193.43,Unemployed,Married,San Antonio,Yes
APP-10490,2022-01-17,Female,56,24112.0,657,18543.98,Employed,Divorced,San Diego,Yes
APP-12974,2023-10-02,Female,53,22292.0,778,25718.03,Employed,Married,San Antonio,No
APP-12623,2023-10-02,Female,49,63180.0,742,39166.88,Employed,Married,Houston,Yes
APP-10498,2022-01-24,Female,39,36321.48,671,30462.99,Employed,Married,Phoenix,Yes
APP-12010,2023-09-17,Female,38,92722.91,670,29227.97,Self-Employed,Single,San Diego,Yes
APP-10210,2022-06-29,Female,58,50815.74,681,37187.21,Employed,Single,New York,Yes
APP-11053,2022-09-09,Male,70,31394.15,733,17160.03,Self-Employed,Married,Phoenix,No
APP-10903,2022-07-15,Male,19,47017.26,664,32266.62,Unemployed,Married,Chicago,Yes
APP-10650,2023-04-07,Female,25,215907.27780000013,817,33196.46,Employed,Married,San Antonio,Yes
APP-10227,2022-06-27,Male,30,31572.0,574,38127.9,Employed,Married,Los Angeles,Yes
APP-10365,2022-02-22,Male,35,50815.74,660,23824.15,Retired,Married,New York,No
APP-11995,2022-03-31,Male,42,31297.37,790,12608.69,Unemployed,Married,Los Angeles,No
APP-10881,2022-03-18,Female,39,69714.0,609,28348.85,Employed,Married,Phoenix,Yes
APP-10276,2022-09-14,Male,19,50815.74,735,24219.98,Employed,Married,San Diego,Yes
APP-12798,2022-07-01,Female,33,22874.71,689,19937.54,Employed,Single,Houston,Yes
APP-12709,2023-01-05,Female,20,37382.03,681,12159.1,Employed,Single,San Diego,No
APP-11503,2022-07-03,Female,43,71641.0,819,31033.18,Retired,Single,Houston,Yes
APP-11263,2023-08-01,Female,47,43786.74,681,24858.49,Employed,Married,San Diego,Yes
APP-10407,2023-08-01,Male,19,34408.65,755,49529.89,Self-Employed,Married,New York,No
APP-11192,2022-09-10,Male,38,50815.74,566,41722.87,Employed,Married,New York,Yes
APP-12584,2023-07-24,Female,47,106766.93,581,22609.25,Employed,Divorced,Chicago,No
APP-13157,2022-11-17,Male,39,42124.0,639,23804.35,Employed,Single,Los Angeles,Yes
APP-12880,2022-11-06,Other,42,54565.0,596,38588.44,Employed,Single,Chicago,No
APP-11499,2023-06-17,Female,31,39644.0,618,15108.05,Employed,Single,New York,No
APP-10844,2023-07-26,Male,19,47088.18,769,60126.11,Self-Employed,Divorced,New York,Yes
APP-10007,2023-05-25,Other,48,20820.83,745,40291.78,Self-Employed,Divorced,Chicago,Yes
APP-10978,2023-07-17,Male,38,74095.41,684,27962.87,Employed,Married,Phoenix,Yes
APP-12425,2023-05-22,Male,45,61880.94,543,30229.18,Employed,Divorced,San Antonio,Yes
APP-11071,2022-06-05,Female,29,34993.0,570,49303.25,Employed,Married,Chicago,No
APP-10415,2022-02-09,Female,59,44138.0,738,40439.92,Employed,Married,Philadelphia,No
APP-12429,2022-03-02,Male,37,50815.74,714,39282.96,Retired,Married,Houston,Yes
APP-11011,2023-08-13,Female,20,20918.0,596,40340.89,Employed,Married,Phoenix,Yes
APP-12723,2022-03-20,Male,22,50815.74,640,23479.09,Employed,Married,Philadelphia,Yes
APP-11725,2023-08-23,Male,36,50815.74,751,11027.91,Employed,Married,Chicago,Yes
APP-13093,2023-04-25,Female,20,77837.81,727,51307.54,Self-Employed,Divorced,Phoenix,Yes
APP-11825,2022-07-10,Female,45,86690.0,653,41546.41,Employed,Married,San Antonio,No
APP-10199,2022-06-10,Female,40,24279.64,639,31666.6,Employed,Single,San Antonio,Yes
APP-12649,2022-11-14,Male,30,67320.14,539,24842.05,Retired,Married,San Diego,Yes
APP-11123,2023-02-13,Female,38,33639.02,564,28348.85,Employed,Single,San Antonio,Yes
APP-10801,2022-08-30,Female,42,79534.0,701,28702.58,Self-Employed,Single,Chicago,Yes
APP-11947,2023-03-04,Male,41,92185.18,644,22434.57,Employed,Single,Los Angeles,No
APP-11468,2022-01-02,Male,53,36387.0,578,20316.66,Self-Employed,Married,New York,Yes
APP-10283,2022-12-03,Female,53,27672.82,681,26782.81,Employed,Single,San Antonio,No
APP-11376,2023-01-13,Male,29,46546.0,736,31135.22,Employed,Single,Los Angeles,Yes
APP-10231,2023-05-25,Female,23,105323.21,612,24674.44,Employed,Single,Philadelphia,Yes
APP-10940,2022-03-07,Male,44,147993.58,650,22054.02,Retired,Single,Phoenix,No
APP-12015,2023-06-15,Female,19,30758.03,638,18844.11,Employed,Married,New York,Yes
APP-11188,2022-08-26,Male,43,50815.74,671,64300.813,Unemployed,Married,New York,No
APP-10096,2022-06-18,Male,68,124498.0,789,14249.08,Self-Employed,Single,New York,No
APP-11677,2023-03-27,Female,19,43682.49,747,35411.82,Employed,Single,Houston,Yes
APP-13167,2023-07-11,Female,53,39858.0,723,27601.5,Employed,Married,Chicago,Yes
APP-11918,2022-01-22,Male,30,113692.0,681,44280.25,Employed,Married,San Antonio,Yes
APP-11018,2022-12-26,Female,34,88082.76,711,48675.43,Unemployed,Married,Houston,No
APP-12130,2022-02-22,Other,38,40192.0,642,27077.57,Employed,Single,Los Angeles,Yes
APP-11133,2023-09-12,Female,33,29814.05,596,28391.93,Employed,Single,New York,Yes
APP-13166,2022-11-11,Male,35,108097.0,673,37963.2,Employed,Married,San Antonio,Yes
APP-12861,2022-09-22,Male,27,124687.0,593,23255.04,Employed,Married,Los Angeles,Yes
APP-11731,2022-02-07,Female,30,29021.0,702,17298.67,Employed,Married,San Diego,Yes
APP-12108,2023-11-24,Other,39,56477.0,629,28482.48,Employed,Married,San Diego,Yes
APP-10104,2023-06-14,Male,51,137846.56,585,38265.22,Employed,Single,Phoenix,Yes
APP-12471,2023-03-21,Female,28,42096.84,742,35640.66,Self-Employed,Single,Phoenix,Yes
APP-11815,2023-03-15,Male,19,79093.47,640,28348.85,Employed,Single,Houston,No
APP-12686,2022-12-26,Male,39,65863.32,656,37107.21,Unemployed,Married,Chicago,Yes
APP-11786,2023-05-30,Male,44,167702.44,632,23356.69,Unemployed,Married,San Diego,Yes
APP-11691,2023-03-14,Female,40,35871.67,670,32623.87,Employed,Divorced,Houston,Yes
APP-11288,2022-10-18,Female,54,115796.13,614,28348.85,Employed,Married,Philadelphia,No
APP-10435,2022-11-06,Female,38,48784.9,762,17357.81,Retired,Married,Chicago,No
APP-12714,2023-07-16,Male,28,30601.74,683,20743.03,Employed,Single,Los Angeles,Yes
APP-10744,2023-10-01,Other,31,50815.74,772,16657.43,Self-Employed,Married,New York,Yes
APP-10226,2023-12-10,Male,47,92459.0,684,28642.15,Employed,Married,Chicago,Yes
APP-11138,2023-12-02,Male,23,21241.34,652,13055.26,Self-Employed,Single,Houston,No
APP-11360,2022-06-21,Male,51,215907.27780000013,623,25615.38,Employed,Single,Philadelphia,Yes
APP-12857,2022-07-30,Female,37,22197.0,585,25227.76,Retired,Married,Los Angeles,Yes
APP-12545,2022-09-05,Male,35,154372.0,679,30270.63,Employed,Married,San Antonio,Yes
APP-11882,2022-08-23,Male,43,43662.0,669,31112.55,Self-Employed,Single,Houston,No
APP-11950,2023-06-04,Male,39,48604.7,733,34944.59,Employed,Married,San Antonio,No
APP-12636,2023-01-30,Female,40,46099.3,674,28029.37,Employed,Married,Philadelphia,Yes
APP-10952,2022-04-21,Male,41,29598.54,743,31239.18,Employed,Single,New York,Yes
APP-11429,2023-04-15,Female,28,54421.0,681,24582.71,Self-Employed,Single,San Antonio,No
APP-11765,2022-11-11,Female,54,215907.27780000013,621,40379.93,Employed,Married,Phoenix,Yes
APP-11200,2022-07-27,Male,29,75036.79,694,23829.81,Retired,Single,Chicago,No
APP-10962,2022-07-27,Female,58,67701.84,640,38964.69,Employed,Married,New York,Yes
APP-11330,2023-06-04,Female,31,177692.39,654,31274.95,Self-Employed,Single,Los Angeles,Yes
APP-11395,2022-12-24,Male,51,64381.42,636,31818.2,Employed,Married,Phoenix,Yes
APP-10964,2023-04-28,Male,34,44965.0,529,16494.78,Unemployed,Single,Philadelphia,Yes
APP-11583,2023-12-04,Male,38,70169.0,822,31299.23,Self-Employed,Married,Houston,Yes
APP-11146,2023-05-20,Female,38,50815.74,652,21033.84,Self-Employed,Single,San Antonio,Yes
APP-11967,2022-05-30,Female,34,39286.58,661,22153.85,Employed,Single,San Diego,No
APP-10464,2022-04-10,Male,39,30135.58,746,29645.92,Employed,Divorced,Philadelphia,Yes
APP-11044,2022-11-08,Female,39,33975.09,674,46543.93,Employed,Married,Chicago,Yes
APP-11022,2023-11-27,Male,23,50815.74,625,19429.2,Employed,Married,Chicago,Yes
APP-12676,2023-06-16,Female,45,31639.0,713,40739.85,Employed,Married,Los Angeles,Yes
APP-11577,2022-01-28,Male,38,69938.07,644,39826.8,Unemployed,Married,Los Angeles,Yes
APP-12805,2022-06-29,Male,29,60463.0,613,57853.73,Unemployed,Married,San Diego,Yes
APP-11993,2023-05-17,Male,34,41040.81,595,17827.66,Employed,Married,Los Angeles,Yes
APP-12665,2023-11-24,Other,39,37568.0,713,46492.3,Employed,Married,Los Angeles,Yes
APP-12120,2022-02-28,Female,37,94213.0,776,12460.97,Employed,Single,Chicago,No
APP-10212,2022-05-16,Female,42,37959.32,669,24047.74,Employed,Single,Chicago,Yes
APP-10116,2022-12-16,Female,50,23499.57,720,17495.62,Employed,Divorced,Los Angeles,No
APP-10900,2022-12-16,Male,23,50581.94,653,28348.85,Employed,Married,Houston,Yes
APP-10422,2022-12-01,Male,50,27352.39,656,60133.24,Employed,Married,Los Angeles,No
APP-10887,2022-08-14,Female,64,28079.42,746,25675.17,Employed,Married,San Antonio,Yes
APP-12398,2022-08-04,Male,19,25285.86,750,42109.62,Employed,Single,New York,No
APP-11462,2022-07-08,Male,40,35803.02,608,26260.82,Employed,Single,Los Angeles,Yes
APP-12987,2022-07-08,Female,20,38513.85,729,24454.66,Employed,Married,Chicago,Yes
APP-12023,2023-05-31,Female,35,48551.47,603,31035.38,Unemployed,Married,San Antonio,Yes
APP-11613,2023-06-14,Male,25,48848.0,643,21814.31,Retired,Married,San Diego,Yes
APP-10741,2023-03-14,Female,38,111324.0,699,11390.22,Employed,Married,San Antonio,Yes
APP-12921,2022-06-01,Female,34,35907.74,689,43202.05,Employed,Married,Philadelphia,No
APP-12583,2022-02-27,Female,38,50815.74,649,34425.37,Employed,Married,New York,No
APP-12185,2023-04-17,Male,28,50815.74,809,19242.15,Employed,Divorced,Chicago,No
APP-11397,2022-10-13,Male,34,75199.27,654,29887.38,Unemployed,Married,San Antonio,Yes
APP-11586,2023-09-07,Female,33,109213.0,719,29857.22,Retired,Single,San Antonio,Yes
APP-11973,2023-08-22,Female,40,24471.3,716,35655.42,Employed,Single,San Diego,Yes
APP-10509,2023-03-28,Female,28,50815.74,664,37003.24,Employed,Married,San Diego,Yes
APP-10644,2023-10-19,Female,38,23696.0,679,35148.89,Self-Employed,Single,Chicago,Yes
APP-10597,2022-09-06,Male,35,50815.74,681,25238.02,Employed,Single,Los Angeles,Yes
APP-12855,2023-05-14,Male,24,118038.27,592,46635.01,Employed,Married,San Diego,Yes
APP-12694,2023-05-25,Male,44,56397.59,660,28205.48,Self-Employed,Married,San Diego,No
APP-11423,2023-09-01,Male,46,30556.14,666,22582.89,Unemployed,Married,Chicago,Yes
APP-12496,2023-11-20,Male,23,28188.55,744,23673.23,Self-Employed,Married,Chicago,Yes
APP-12925,2022-12-06,Female,39,77272.56,667,60840.34,Employed,Married,San Diego,Yes
APP-10518,2022-12-06,Female,60,45145.0,711,40701.27,Employed,Divorced,Houston,Yes
APP-11036,2023-06-25,Other,25,32755.19,633,28894.6,Employed,Single,Philadelphia,Yes
APP-10767,2022-10-12,Male,44,50815.74,595,29155.07,Employed,Married,Los Angeles,No
APP-10573,2023-11-25,Female,70,82675.89,713,13853.04,Unemployed,Married,San Antonio,No
APP-13015,2022-01-03,Male,32,28364.91,797,22690.99,Employed,Single,Phoenix,Yes
APP-12529,2023-02-22,Female,45,129109.85,650,38186.56,Employed,Divorced,Philadelphia,Yes
APP-12216,2022-03-05,Female,36,91454.36,669,56783.57,Employed,Married,Phoenix,Yes
APP-12063,2022-02-05,Male,40,63827.42,670,55539.27,Self-Employed,Married,Chicago,Yes
APP-11411,2023-12-10,Other,36,75975.24,521,29218.81,Employed,Married,Los Angeles,Yes
APP-10123,2023-01-05,Male,33,51328.45,741,38303.57,Employed,Married,Los Angeles,Yes
APP-11957,2022-08-11,Female,54,102630.0,747,41747.48,Self-Employed,Divorced,Chicago,Yes
APP-12034,2023-06-14,Female,45,26369.0,754,55731.75,Self-Employed,Divorced,New York,Yes
APP-10220,2022-05-08,Male,19,50969.81,667,40022.42,Employed,Married,New York,Yes
APP-10819,2023-03-07,Female,40,26032.0,581,28906.34,Employed,Single,Houston,No
APP-10358,2023-06-08,Male,28,27627.0,615,19900.67,Employed,Married,San Antonio,Yes
APP-10100,2023-07-23,Male,53,59272.05,709,64300.813,Self-Employed,Married,New York,Yes
APP-12922,2022-06-20,Female,38,37497.94,521,31195.43,Retired,Married,Chicago,No
APP-10551,2023-04-04,Female,24,70397.03,634,42420.51,Unemployed,Married,Phoenix,Yes
APP-11988,2023-09-12,Male,31,23551.51,696,28348.85,Self-Employed,Married,Los Angeles,Yes
APP-12678,2023-05-09,Male,33,38575.0,548,47437.85,Employed,Married,Houston,Yes
APP-10259,2022-11-21,Female,21,147008.0,651,49888.68,Retired,Married,Houston,Yes
APP-13068,2022-10-28,Female,30,36922.17,717,30163.48,Employed,Married,Los Angeles,Yes
APP-12708,2023-01-06,Male,49,73891.7,757,21477.92,Employed,Married,Chicago,No
APP-12646,2023-02-12,Male,38,60514.44,588,54034.07,Self-Employed,Single,San Antonio,No
APP-11501,2023-07-07,Male,41,30258.44,705,26181.07,Employed,Married,Phoenix,No
APP-12004,2023-07-01,Female,52,153748.38,760,27117.25,Employed,Single,San Diego,No
APP-11220,2023-07-06,Female,35,122093.15,569,20104.52,Unemployed,Married,Houston,Yes
APP-12661,2022-03-29,Male,41,42372.0,757,30243.97,Employed,Single,Houston,No
APP-11373,2022-12-11,Female,52,26200.0,693,17060.46,Employed,Married,Philadelphia,No
APP-11980,2022-01-09,Female,39,27555.0,832,27724.72,Employed,Single,Houston,Yes
APP-11089,2022-03-21,Female,39,23556.99,692,11794.05,Unemployed,Married,Chicago,Yes
APP-13006,2022-05-03,Female,38,50815.74,587,36272.65,Employed,Married,Philadelphia,No
APP-12132,2022-05-08,Male,53,215907.27780000013,520,21843.03,Unemployed,Married,Houston,Yes
APP-12575,2023-08-14,Male,47,92798.0,592,22157.29,Employed,Divorced,New York,No
APP-11972,2023-01-25,Male,27,38313.22,759,41816.82,Employed,Divorced,Los Angeles,No
APP-10456,2023-04-02,Female,47,50815.74,647,25319.4,Employed,Married,San Diego,Yes
APP-10462,2023-11-12,Male,36,24417.01,669,20909.34,Self-Employed,Divorced,Phoenix,Yes
APP-12465,2022-01-14,Female,44,50815.74,670,24025.37,Employed,Married,Phoenix,No
APP-10926,2023-03-02,Male,36,53266.92,730,14375.6,Employed,Married,Houston,Yes
APP-12316,2023-03-06,Male,33,50815.74,730,17835.01,Employed,Married,New York,Yes
APP-12547,2022-06-11,Female,30,50815.74,632,18085.48,Employed,Single,Phoenix,No
APP-11826,2022-06-14,Female,31,87042.43,681,22706.32,Self-Employed,Married,New York,Yes
APP-10381,2022-11-28,Male,40,25206.0,527,17403.7,Unemployed,Married,San Antonio,Yes
APP-13096,2022-05-31,Female,33,57784.0,807,13687.95,Employed,Single,San Antonio,Yes
APP-12064,2023-06-16,Male,29,33715.0,618,28749.99,Employed,Married,Houston,Yes
APP-12019,2023-08-13,Female,33,56188.42,785,30114.72,Self-Employed,Married,San Antonio,No
APP-10929,2022-12-16,Female,25,24786.0,644,14282.68,Unemployed,Married,Houston,Yes
APP-12600,2022-12-13,Female,56,25105.0,625,28348.85,Employed,Married,San Diego,Yes
APP-11010,2023-06-11,Female,49,25140.74,681,53792.72,Employed,Divorced,San Diego,Yes
APP-11110,2023-03-01,Male,30,37214.87,647,32380.38,Employed,Single,Los Angeles,No
APP-11720,2023-03-07,Female,32,43100.55,692,32586.1,Self-Employed,Single,Los Angeles,Yes
APP-10662,2023-04-26,Female,42,72899.1,683,33677.02,Employed,Single,Houston,Yes
APP-10059,2022-06-22,Female,51,23326.53,578,19333.46,Employed,Single,Philadelphia,Yes
APP-11612,2023-02-08,Male,27,109012.17,614,19330.84,Employed,Married,Chicago,Yes
APP-13009,2023-08-02,Male,37,50815.74,640,17809.23,Employed,Single,Philadelphia,No
APP-12468,2022-05-31,Female,19,56122.67,681,25584.9,Employed,Single,New York,No
APP-11282,2023-09-14,Male,29,38323.46,671,12345.0,Self-Employed,Married,New York,No
APP-11749,2022-04-16,Female,50,20970.04,679,32597.37,Self-Employed,Single,San Antonio,Yes
APP-12611,2022-04-16,Male,27,50815.74,479,34433.19,Employed,Married,Houston,Yes
APP-12534,2022-02-16,Male,65,23130.02,725,58950.08,Retired,Single,Phoenix,No
APP-11641,2022-08-26,Female,53,36741.0,570,30141.32,Unemployed,Single,Chicago,No
APP-10845,2023-01-03,Male,44,35160.37,681,18054.46,Employed,Single,Phoenix,Yes
APP-10542,2023-12-20,Female,38,23754.0,681,34745.24,Employed,Married,Chicago,Yes
APP-11553,2022-09-22,Male,26,133372.26,628,22903.64,Self-Employed,Married,Philadelphia,Yes
APP-12124,2023-04-25,Male,38,20697.48,785,44439.96,Employed,Single,New York,Yes
APP-12236,2023-08-11,Male,51,66667.35,701,35717.59,Employed,Married,San Antonio,Yes
APP-12032,2022-11-14,Female,51,41328.59,780,22404.69,Employed,Married,Phoenix,Yes
APP-11535,2023-01-08,Male,32,48074.0,757,35806.49,Self-Employed,Married,San Diego,Yes
APP-11345,2022-12-07,Male,46,42209.34,722,16388.94,Employed,Single,Chicago,Yes
APP-12418,2023-07-22,Female,20,39360.43,600,28793.9,Employed,Married,Chicago,No
APP-12084,2023-04-15,Female,45,26110.58,664,38416.31,Unemployed,Single,Los Angeles,No
APP-10391,2023-04-15,Female,51,96288.01,619,12345.0,Employed,Married,San Antonio,No
APP-12292,2022-11-20,Male,57,30699.0,695,41109.72,Employed,Single,Phoenix,No
APP-10237,2022-06-29,Female,37,32305.8,529,29367.88,Employed,Married,Chicago,Yes
APP-12768,2022-10-14,Male,38,95467.63,521,36391.49,Employed,Single,Chicago,No
APP-11235,2023-11-28,Female,24,25031.0,651,45270.12,Employed,Married,Phoenix,Yes
APP-12172,2023-01-18,Male,45,20280.23,684,33123.06,Retired,Married,San Antonio,Yes
APP-12281,2022-08-30,Male,35,31273.23,571,31547.79,Employed,Single,Phoenix,Yes
APP-10163,2023-06-22,Male,51,84630.0,650,40910.45,Self-Employed,Married,San Diego,Yes
APP-11742,2022-06-27,Male,37,119437.0,661,28348.85,Employed,Single,Phoenix,Yes
APP-10252,2022-07-23,Female,27,37366.8,718,21867.24,Employed,Married,New York,Yes
APP-11231,2022-12-23,Male,41,47315.8,706,27286.78,Employed,Married,Phoenix,Yes
APP-11925,2022-06-23,Female,41,50815.74,702,31265.09,Employed,Single,San Diego,Yes
APP-10930,2023-07-01,Male,41,33505.0,691,50265.03,Retired,Married,Houston,No
APP-12827,2023-08-09,Female,54,35597.0,743,15380.6,Self-Employed,Divorced,Phoenix,No
APP-12599,2022-09-11,Male,46,87486.24,681,19941.01,Employed,Married,Chicago,Yes
APP-12697,2022-03-01,Female,38,70890.0,551,9940.91,Employed,Married,Philadelphia,Yes
APP-11232,2023-02-23,Male,20,72560.42,687,14776.18,Employed,Single,San Diego,Yes
APP-12412,2023-06-06,Male,42,33874.31,667,28348.85,Employed,Married,Los Angeles,Yes
APP-11681,2022-05-26,Male,46,20569.0,635,20882.91,Employed,Married,Philadelphia,No
APP-12622,2023-06-02,Female,57,39315.0,681,19183.92,Employed,Married,San Diego,Yes
APP-12653,2022-12-25,Male,35,43798.39,634,28348.85,Employed,Single,Houston,Yes
APP-12309,2023-02-08,Female,47,26045.05,757,48139.27,Employed,Married,New York,Yes
APP-10677,2023-05-18,Male,59,65172.0,699,21528.52,Employed,Single,San Diego,No
APP-10041,2022-01-27,Female,53,26018.47,716,29744.55,Employed,Married,San Antonio,Yes
APP-11378,2023-07-26,Male,37,104505.7,681,41552.74,Employed,Married,Los Angeles,No
APP-11402,2023-08-08,Female,33,143609.0,673,33196.55,Self-Employed,Married,Philadelphia,No
APP-11350,2023-02-04,Female,32,48738.6,512,25484.65,Unemployed,Single,Chicago,No
APP-10243,2023-01-17,Female,30,30907.0,587,28348.85,Employed,Divorced,San Antonio,Yes
APP-12345,2023-10-23,Male,45,67401.0,767,14395.59,Employed,Divorced,Los Angeles,Yes
APP-12450,2023-01-13,Female,51,92966.0,706,25963.8,Employed,Married,Philadelphia,Yes
APP-11278,2022-10-06,Female,44,49118.84,596,58397.96,Self-Employed,Single,San Diego,Yes
APP-10261,2023-10-01,Female,47,50815.74,577,13768.83,Employed,Married,Philadelphia,Yes
APP-11108,2023-11-07,Male,35,45727.17,683,37435.28,Employed,Married,San Diego,Yes
APP-10834,2023-11-25,Male,37,78154.08,675,30502.58,Employed,Divorced,San Diego,No
APP-12566,2023-10-28,Female,34,83475.53,751,28348.85,Retired,Married,Phoenix,Yes
APP-11157,2022-02-14,Male,35,81103.63,647,19707.69,Employed,Married,Chicago,Yes
APP-11754,2023-05-27,Male,19,32591.0,629,22929.71,Employed,Divorced,San Diego,Yes
APP-11116,2022-01-04,Female,32,50815.74,710,21527.51,Employed,Married,San Diego,Yes
APP-10340,2022-10-27,Female,33,71289.97,677,22574.13,Employed,Married,Houston,Yes
APP-12118,2022-01-10,Male,38,50815.74,847,28348.85,Self-Employed,Married,New York,Yes
APP-10748,2022-03-02,Female,54,46130.56,759,36691.35,Self-Employed,Divorced,Los Angeles,Yes
APP-12329,2022-09-19,Male,51,131965.0,676,43663.87,Employed,Divorced,Los Angeles,Yes
APP-10480,2022-06-11,Female,48,50815.74,698,33814.01,Employed,Single,Chicago,Yes
APP-13020,2023-07-31,Female,41,60030.0,690,22496.64,Employed,Married,Chicago,Yes
APP-11665,2023-06-19,Female,27,123684.0,690,47477.86,Employed,Married,Chicago,No
APP-13125,2022-06-09,Male,35,50815.74,707,27262.57,Employed,Married,New York,Yes
APP-10783,2023-02-25,Male,33,121035.65,704,23280.9,Employed,Single,Phoenix,No
APP-12849,2022-12-29,Male,24,36309.0,773,40236.0,Employed,Single,San Diego,Yes
APP-12956,2022-12-21,Other,39,24193.86,760,25081.19,Self-Employed,Married,New York,No
APP-12669,2022-07-19,Female,43,102059.43,629,37522.65,Employed,Married,Chicago,Yes
APP-13007,2022-12-14,Female,22,67613.6,593,23278.56,Employed,Married,Houston,Yes
APP-12783,2022-09-16,Male,44,45377.04,482,27378.87,Employed,Married,Houston,Yes
APP-11124,2023-06-12,Male,41,156737.0,696,52177.52,Employed,Single,San Diego,No
APP-12597,2022-04-17,Female,38,143199.0,719,57520.6,Retired,Single,San Antonio,Yes
APP-12351,2023-07-26,Male,53,50815.74,826,23393.65,Employed,Single,Philadelphia,Yes
APP-12992,2023-10-14,Female,65,59778.0,706,19463.61,Employed,Single,New York,Yes
APP-12129,2023-10-14,Female,28,72622.39,476,23266.22,Employed,Married,Houston,No
APP-10626,2022-02-03,Female,25,61132.1,586,24339.22,Employed,Single,San Antonio,Yes
APP-10347,2022-05-22,Male,63,30514.23,601,20357.35,Self-Employed,Single,Chicago,No
APP-12121,2022-04-11,Male,36,36317.77,579,20202.18,Employed,Single,San Antonio,Yes
APP-11502,2022-05-28,Male,44,47510.5,611,34268.04,Self-Employed,Single,San Antonio,Yes
APP-10979,2023-12-16,Male,52,43970.0,601,30894.41,Employed,Divorced,Phoenix,No
APP-12862,2022-03-08,Male,29,79135.16,751,22484.75,Employed,Single,San Antonio,Yes
APP-11351,2023-02-16,Other,48,50815.74,562,28348.85,Self-Employed,Married,Los Angeles,No
APP-10911,2022-03-28,Male,56,41108.05,739,34767.0,Employed,Married,Phoenix,Yes
APP-12077,2022-06-14,Male,46,27616.74,668,24020.33,Employed,Single,Phoenix,Yes
APP-10632,2022-04-05,Male,38,28943.12,664,14734.12,Employed,Married,New York,No
APP-12659,2023-12-16,Female,46,39226.54,771,40289.5,Self-Employed,Married,Philadelphia,Yes
APP-10445,2022-12-19,Male,27,20364.0,785,26164.6,Employed,Single,New York,Yes
APP-10617,2023-07-18,Female,34,91021.0,651,28348.85,Self-Employed,Married,San Antonio,Yes
APP-11509,2023-05-28,Male,60,22588.53,724,59724.38,Employed,Married,Philadelphia,Yes
APP-12319,2023-07-17,Female,39,61679.86,678,46524.18,Employed,Married,Chicago,Yes
APP-11592,2023-12-24,Male,21,60000.26,731,31305.54,Employed,Married,Los Angeles,No
APP-12754,2022-04-18,Male,46,43282.4,643,30180.71,Employed,Single,San Diego,Yes
APP-12730,2023-03-18,Female,47,90653.37,668,29575.76,Employed,Single,Philadelphia,Yes
APP-10118,2022-02-09,Male,33,37902.97,757,55535.08,Employed,Single,Houston,Yes
APP-12335,2022-07-14,Male,38,50034.0,706,36617.74,Employed,Married,Chicago,Yes
APP-10353,2023-10-21,Other,29,28975.23,719,38245.91,Employed,Married,New York,Yes
APP-10613,2023-09-20,Male,22,45792.87,630,36266.41,Retired,Married,Phoenix,Yes
APP-11151,2023-09-18,Male,38,36729.0,819,43352.54,Employed,Married,Houston,Yes
APP-12288,2023-05-07,Female,70,55736.15,720,28348.85,Employed,Married,San Antonio,No
APP-12104,2023-09-02,Male,57,33966.27,734,21157.81,Employed,Single,Chicago,Yes
APP-10057,2022-09-17,Male,19,90680.04,534,64300.813,Employed,Single,San Diego,Yes
APP-11414,2023-10-29,Male,22,77977.77,742,24802.43,Employed,Divorced,Los Angeles,No
APP-13108,2022-05-14,Male,29,20060.7,681,23220.37,Unemployed,Divorced,San Antonio,Yes
APP-13091,2023-09-14,Female,29,23682.57,633,27978.0,Self-Employed,Married,Houston,Yes
APP-12775,2023-07-06,Male,25,59093.0,694,54996.08,Employed,Married,San Antonio,Yes
APP-13050,2022-11-11,Male,38,47466.4,779,29986.21,Self-Employed,Single,Philadelphia,No
APP-11842,2022-02-08,Male,31,43581.56,637,39757.31,Self-Employed,Married,Phoenix,No
APP-11532,2022-02-08,Male,50,30293.87,850,31225.32,Retired,Single,San Antonio,No
APP-11322,2022-12-06,Male,62,42188.0,592,34780.53,Employed,Married,Houston,Yes
APP-11666,2022-02-17,Male,19,37352.38,666,34769.49,Employed,Married,Chicago,Yes
APP-11566,2022-07-24,Female,49,43125.02,681,44754.66,Employed,Single,San Diego,Yes
APP-10560,2023-11-05,Female,35,57646.0,649,32574.26,Retired,Single,San Antonio,Yes
APP-10707,2023-11-02,Female,49,50815.74,606,18344.33,Employed,Single,Los Angeles,Yes
APP-11233,2023-02-20,Female,38,45613.76,773,21457.37,Self-Employed,Married,San Diego,No
APP-10424,2022-04-27,Male,38,41233.02,671,37564.16,Employed,Married,Phoenix,Yes
APP-11093,2023-11-03,Male,38,31251.8,706,22622.0,Employed,Married,Los Angeles,Yes
APP-10647,2022-08-01,Male,21,48770.23,595,22216.16,Employed,Married,New York,Yes
APP-10072,2022-07-26,Female,52,189362.77,681,27057.07,Unemployed,Married,San Antonio,Yes
APP-11467,2023-02-19,Female,38,137628.0,681,13236.12,Employed,Single,Chicago,Yes
APP-12020,2023-07-29,Female,60,74746.15,604,35682.77,Employed,Married,Philadelphia,Yes
APP-12009,2023-02-18,Male,39,45102.78,668,15325.62,Self-Employed,Married,Los Angeles,Yes
APP-11005,2023-04-19,Male,23,33367.15,703,30010.23,Unemployed,Married,San Diego,Yes
APP-10620,2022-04-20,Other,23,71803.0,621,30832.77,Employed,Single,Phoenix,No
APP-13013,2022-03-28,Female,55,63494.49,694,31084.43,Employed,Married,Phoenix,Yes
APP-10553,2023-07-22,Male,19,62880.82,738,28348.85,Employed,Married,San Antonio,No
APP-11143,2022-01-18,Male,51,109957.03,701,41021.36,Unemployed,Married,Houston,Yes
APP-12948,2022-02-19,Female,29,32869.54,664,46668.58,Employed,Married,Phoenix,Yes
APP-11727,2023-12-24,Male,26,79488.8,714,18280.54,Employed,Single,Phoenix,No
APP-10998,2023-06-03,Male,33,50815.74,494,18037.17,Employed,Married,Chicago,Yes
APP-11511,2022-03-05,Male,30,65595.0,681,22494.55,Employed,Married,San Diego,Yes
APP-11436,2023-03-29,Male,34,42029.56,748,19006.61,Employed,Single,Los Angeles,No
APP-13037,2022-01-08,Female,38,85332.43,681,47172.5,Unemployed,Single,San Diego,Yes
APP-12174,2022-11-09,Female,28,215907.27780000013,585,38411.35,Employed,Single,Chicago,No
APP-10440,2023-10-22,Female,42,55860.41,627,25630.12,Unemployed,Married,Houston,Yes
APP-10508,2023-04-10,Female,42,30786.0,681,17150.4,Employed,Married,San Diego,Yes
APP-11100,2022-09-12,Female,43,50815.74,771,21372.42,Retired,Married,Phoenix,Yes
APP-10589,2022-05-04,Male,38,39706.71,649,46487.68,Employed,Single,San Diego,No
APP-11766,2023-01-28,Female,44,50815.74,620,40537.53,Employed,Single,San Diego,No
APP-10649,2022-09-26,Female,19,77743.0,668,40901.19,Employed,Single,Philadelphia,Yes
APP-12685,2023-03-31,Male,48,30260.7,627,28348.85,Self-Employed,Single,New York,Yes
APP-11849,2022-04-28,Male,39,108278.66,680,28348.85,Employed,Married,San Diego,Yes
APP-11459,2023-12-24,Female,52,28028.0,796,33640.26,Employed,Married,San Diego,Yes
APP-13117,2023-02-12,Female,41,80661.0,842,36919.14,Employed,Married,Phoenix,No
APP-12360,2023-12-20,Female,50,51728.0,687,46869.95,Retired,Married,Chicago,Yes
APP-10630,2022-04-06,Female,38,37430.25,649,20223.53,Unemployed,Single,Philadelphia,Yes
APP-11552,2022-10-21,Female,25,57189.65,705,20808.88,Retired,Single,Houston,No
APP-11873,2023-09-16,Female,48,50815.74,729,35665.76,Employed,Married,Los Angeles,Yes
APP-10482,2022-10-31,Female,38,67722.85,704,12342.58,Employed,Single,Houston,Yes
APP-11377,2023-07-28,Male,34,82283.0,730,29120.99,Employed,Married,Los Angeles,Yes
APP-12836,2022-01-19,Male,39,77565.05,737,35373.58,Employed,Divorced,New York,Yes
APP-11702,2023-12-04,Female,50,58801.31,616,21755.67,Employed,Married,New York,Yes
APP-12313,2023-06-16,Male,36,196016.0,733,21648.82,Employed,Married,Chicago,Yes
APP-12149,2023-06-28,Female,58,103329.0,730,45522.13,Unemployed,Single,San Diego,No
APP-12488,2023-02-09,Female,23,27850.0,607,26142.11,Self-Employed,Married,Houston,Yes
APP-10856,2022-12-20,Female,46,31734.0,707,25048.29,Employed,Divorced,Los Angeles,Yes
APP-11618,2022-07-21,Female,38,21532.68,617,39949.05,Employed,Married,San Diego,No
APP-10530,2022-06-14,Male,55,38115.0,850,36598.19,Retired,Single,New York,Yes
APP-12594,2022-07-12,Female,44,26533.17,782,19857.29,Employed,Single,San Diego,Yes
APP-10049,2022-03-06,Male,32,23420.59,511,21706.33,Employed,Married,San Antonio,Yes
APP-10858,2022-03-06,Male,45,65291.44,725,30749.31,Employed,Married,Los Angeles,Yes
APP-12484,2023-12-04,Male,39,50815.74,751,31501.3,Retired,Single,San Diego,Yes
APP-11072,2023-04-08,Male,49,28802.03,608,31874.39,Employed,Divorced,Los Angeles,Yes
APP-10719,2023-10-26,Male,54,36519.2,633,21954.32,Employed,Married,San Antonio,Yes
APP-11916,2022-04-28,Male,34,62352.69,625,34057.3,Employed,Married,New York,No
APP-11584,2023-10-16,Male,43,26628.74,698,27246.13,Self-Employed,Married,San Antonio,Yes
APP-12493,2022-12-08,Male,34,71124.74,703,26409.87,Employed,Married,San Antonio,Yes
APP-12344,2023-04-12,Male,48,37037.0,683,41216.81,Employed,Single,Philadelphia,No
APP-11811,2023-04-10,Male,30,46589.4,706,37017.93,Self-Employed,Single,San Diego,No
APP-12359,2023-10-22,Male,24,20887.58,713,39082.94,Unemployed,Married,Phoenix,Yes
APP-11593,2023-12-02,Female,51,28625.32,681,44403.46,Employed,Married,Philadelphia,No
APP-12474,2022-05-24,Male,28,43098.0,692,32537.07,Employed,Single,San Diego,Yes
APP-11590,2022-12-10,Other,40,38293.28,522,37760.99,Employed,Married,Phoenix,Yes
APP-12284,2023-10-03,Female,46,66043.0,659,22595.48,Employed,Married,Phoenix,Yes
APP-11533,2023-12-12,Male,34,41588.94,718,24141.12,Self-Employed,Single,New York,Yes
APP-11226,2023-05-28,Female,49,50815.74,688,19956.76,Self-Employed,Single,New York,Yes
APP-11242,2023-08-31,Male,28,34497.44,556,42763.42,Employed,Married,San Antonio,Yes
APP-12382,2022-03-29,Female,27,21994.0,718,39821.51,Employed,Single,Philadelphia,Yes
APP-11195,2023-06-10,Male,41,32372.76,736,30475.85,Unemployed,Single,San Diego,Yes
APP-13159,2023-10-12,Female,21,60019.29,701,54165.45,Employed,Divorced,Houston,Yes
APP-12909,2023-10-23,Female,42,36678.69,850,21546.7,Employed,Married,Phoenix,Yes
APP-11830,2023-07-29,Male,27,74854.0,691,36993.17,Employed,Divorced,San Antonio,Yes
APP-10297,2023-04-08,Male,19,84576.0,681,33398.59,Self-Employed,Single,New York,No
APP-12837,2022-06-07,Female,29,21460.68,721,22464.09,Employed,Single,Phoenix,No
APP-12117,2022-01-17,Male,59,155723.0,689,42320.66,Self-Employed,Married,New York,No
APP-10958,2023-10-27,Male,41,34417.47,753,61299.35,Employed,Married,San Antonio,No
APP-13135,2023-04-30,Female,37,36791.64,587,31899.67,Employed,Divorced,San Antonio,Yes
APP-12212,2022-08-02,Male,34,87926.0,643,12373.99,Retired,Single,New York,Yes
APP-11340,2022-09-12,Male,45,36244.71,732,28019.58,Employed,Divorced,Chicago,Yes
APP-11956,2022-07-19,Male,43,43320.02,466,15545.6,Unemployed,Married,San Antonio,Yes
APP-10349,2022-09-04,Male,21,57216.39,823,31559.31,Unemployed,Married,Chicago,Yes
APP-11538,2023-11-26,Female,43,29293.13,647,10912.35,Employed,Married,Phoenix,No
APP-10643,2022-04-23,Female,38,46492.72,693,31028.48,Employed,Married,Los Angeles,Yes
APP-11713,2022-08-14,Male,35,34066.0,736,28348.85,Employed,Married,Phoenix,Yes
APP-11421,2023-08-24,Male,63,40617.78,660,20663.09,Employed,Single,Chicago,Yes
APP-10669,2023-08-24,Male,40,118581.2,747,31217.68,Employed,Married,Los Angeles,No
APP-13056,2023-05-17,Male,35,34714.0,679,23469.93,Employed,Married,San Diego,No
APP-12724,2022-03-16,Male,56,35811.08,681,32045.9,Unemployed,Single,Chicago,Yes
APP-11437,2023-05-03,Male,56,76676.0,685,20335.39,Employed,Single,Los Angeles,Yes
APP-11179,2023-07-27,Female,56,105069.02,674,17391.17,Employed,Married,San Diego,Yes
APP-12664,2022-09-01,Male,32,42589.0,597,29946.88,Employed,Married,Los Angeles,No
APP-11286,2023-08-02,Male,32,43950.58,596,36869.67,Self-Employed,Married,Houston,Yes
APP-12628,2023-02-26,Male,19,48805.0,582,64300.813,Self-Employed,Married,Houston,Yes
APP-13145,2022-01-01,Female,55,23479.0,676,28348.85,Employed,Divorced,San Antonio,No
APP-12177,2022-09-21,Male,34,44456.0,651,27787.26,Employed,Married,Chicago,Yes
APP-10786,2022-02-15,Male,35,49284.99,661,35219.76,Self-Employed,Married,Philadelphia,Yes
APP-12980,2022-04-04,Male,30,27092.0,737,28348.85,Employed,Married,Philadelphia,Yes
APP-10140,2023-09-21,Female,40,36518.16,706,13640.31,Employed,Married,Houston,Yes
APP-10788,2023-12-02,Female,19,36423.93,597,31121.24,Employed,Married,Phoenix,No
APP-11912,2023-03-07,Male,38,76238.63,653,49842.08,Employed,Married,New York,No
APP-12251,2023-06-30,Female,54,32828.0,604,27831.79,Self-Employed,Single,Los Angeles,Yes
APP-10714,2023-07-16,Female,41,39762.63,778,24620.45,Self-Employed,Married,San Diego,Yes
APP-11626,2023-01-12,Male,19,108361.26,717,23161.08,Employed,Single,New York,Yes
APP-11904,2023-09-02,Female,24,77171.31,565,26323.28,Employed,Single,Chicago,Yes
APP-12379,2022-05-21,Male,28,159627.34,638,33703.87,Employed,Married,Chicago,No
APP-11447,2023-06-19,Female,41,50815.74,700,24055.44,Employed,Married,Los Angeles,Yes
APP-11491,2022-04-16,Male,66,25400.0,585,45711.06,Employed,Single,Philadelphia,Yes
APP-10406,2023-04-05,Male,47,21878.59,721,29961.05,Self-Employed,Single,Philadelphia,Yes
APP-11432,2023-01-29,Male,37,37676.0,454,44301.28,Employed,Married,Los Angeles,Yes
APP-12037,2023-11-21,Female,57,21925.0,796,31162.72,Employed,Married,Phoenix,Yes
APP-11315,2023-04-07,Female,52,50815.74,637,11967.17,Employed,Married,Chicago,Yes
APP-11971,2023-08-30,Female,38,39416.0,653,38110.74,Employed,Married,Los Angeles,No
APP-10497,2023-02-20,Female,38,215907.27780000013,598,24983.68,Employed,Married,New York,No
APP-10342,2023-07-14,Female,37,33140.0,642,15707.49,Self-Employed,Single,Los Angeles,No
APP-12155,2023-02-22,Male,34,33428.26,634,51476.46,Self-Employed,Married,Philadelphia,Yes
APP-12513,2022-03-04,Female,19,28693.0,586,40341.21,Employed,Married,Chicago,No
APP-10782,2022-03-04,Male,30,31797.0,734,27392.88,Employed,Married,Chicago,No
APP-11809,2023-12-11,Female,19,121501.67,721,35039.71,Employed,Single,Houston,Yes
APP-10303,2022-09-24,Female,19,68675.51,691,52619.26,Employed,Married,New York,Yes
APP-12716,2022-08-02,Female,27,31551.16,617,38040.13,Retired,Married,Chicago,No
APP-12046,2023-11-02,Female,28,50815.74,645,23287.99,Unemployed,Married,Los Angeles,Yes
APP-10664,2022-03-04,Female,29,70295.85,695,25447.58,Employed,Married,San Diego,No
APP-11177,2022-07-25,Female,23,185676.0,604,36207.22,Employed,Single,Chicago,Yes
APP-11244,2023-08-04,Male,28,45633.29,605,43446.05,Employed,Married,New York,No
APP-12593,2023-03-22,Male,40,41107.45,630,28348.85,Employed,Married,Chicago,Yes
APP-11807,2023-02-15,Male,49,29880.0,676,26326.95,Employed,Single,New York,No
APP-10084,2022-07-07,Female,37,69462.91,558,23622.77,Unemployed,Married,New York,No
APP-13184,2022-07-06,Female,33,50815.74,565,43560.91,Self-Employed,Single,San Antonio,Yes
APP-10941,2023-01-23,Female,53,130605.29,747,45156.78,Employed,Single,San Antonio,No
APP-10961,2022-05-12,Male,36,72247.79,633,28348.85,Retired,Married,New York,Yes
APP-10841,2023-06-24,Male,49,24615.18,602,34213.57,Employed,Married,Phoenix,Yes
APP-11651,2023-12-03,Female,19,95497.33,653,30980.24,Employed,Married,San Antonio,Yes
APP-12631,2022-11-09,Male,38,100475.78,603,31223.69,Self-Employed,Married,Houston,Yes
APP-11572,2022-04-15,Female,40,72312.74,850,26119.62,Employed,Married,San Diego,Yes
APP-10290,2023-10-26,Male,41,24235.36,676,28604.09,Employed,Single,Philadelphia,Yes
APP-12123,2023-12-16,Female,35,86647.7,621,23238.37,Employed,Married,San Diego,No
APP-11374,2023-07-16,Male,58,24788.0,686,20973.09,Self-Employed,Single,Los Angeles,Yes
APP-10604,2023-11-02,Female,63,96907.51,640,58535.62,Employed,Married,Chicago,No
APP-12259,2023-08-07,Female,40,42380.54,774,29907.33,Employed,Married,Chicago,Yes
APP-10916,2023-08-16,Male,40,75534.69,808,29751.96,Employed,Single,New York,No
APP-11536,2023-01-28,Female,38,59385.72,758,16445.74,Employed,Single,San Antonio,Yes
APP-12533,2022-10-03,Female,23,84454.12,681,21953.68,Employed,Divorced,New York,Yes
APP-11099,2022-08-03,Male,40,51440.28,670,20505.42,Self-Employed,Single,New York,Yes
APP-11088,2022-09-26,Male,42,62516.0,680,28348.85,Employed,Single,Houston,No
APP-12328,2022-12-31,Male,24,215907.27780000013,607,26850.51,Employed,Married,Philadelphia,Yes
APP-12330,2022-09-03,Male,24,45560.24,606,21151.34,Employed,Single,Phoenix,No
APP-10821,2022-04-15,Male,29,75492.37,627,28599.8,Retired,Married,New York,Yes
APP-11000,2022-08-29,Male,37,47417.92,581,34369.36,Employed,Single,New York,Yes
APP-13090,2022-12-19,Male,34,110062.92,696,28348.85,Retired,Single,San Diego,Yes
APP-10018,2022-04-05,Female,63,26474.96,811,23955.8,Employed,Divorced,San Diego,Yes
APP-10493,2022-06-07,Male,46,21032.0,681,32361.43,Unemployed,Divorced,Phoenix,No
APP-11125,2022-11-08,Female,38,73778.0,756,45457.41,Retired,Married,Chicago,Yes
APP-11497,2022-02-14,Male,44,50815.74,697,33123.95,Self-Employed,Single,Chicago,Yes
APP-12024,2022-11-28,Male,28,41446.32,624,56886.49,Employed,Divorced,San Antonio,Yes
APP-11985,2022-01-17,Male,32,73933.03,591,23528.49,Employed,Single,Philadelphia,No
APP-11545,2022-08-17,Male,55,39308.12,676,23465.24,Self-Employed,Married,Los Angeles,Yes
APP-11905,2022-12-07,Male,34,101963.0,700,41762.23,Employed,Married,Los Angeles,Yes
APP-11769,2022-05-21,Male,53,20819.0,713,23664.62,Retired,Married,San Diego,Yes
APP-12003,2022-07-07,Male,38,75775.5,695,27594.56,Employed,Single,Phoenix,No
APP-11837,2022-05-11,Other,38,86349.59,626,20850.48,Unemployed,Single,Philadelphia,No
APP-11465,2022-05-11,Male,40,50991.0,681,24293.67,Unemployed,Married,San Antonio,Yes
APP-13127,2022-07-17,Male,31,56048.0,589,38469.12,Retired,Married,Philadelphia,Yes
APP-12755,2023-11-30,Female,38,28002.29,672,46465.91,Employed,Married,Los Angeles,Yes
APP-11009,2022-04-15,Female,46,47312.0,740,40132.54,Self-Employed,Married,San Diego,No
APP-12673,2022-10-14,Male,19,31969.48,745,40913.3,Employed,Single,Los Angeles,No
APP-10360,2022-07-29,Female,19,46880.2,727,26287.77,Self-Employed,Single,Philadelphia,No
APP-12829,2022-09-17,Female,40,61786.72,846,17781.18,Employed,Single,Phoenix,Yes
APP-12131,2022-03-22,Male,41,50815.74,650,32815.92,Employed,Married,Houston,Yes
APP-11488,2022-03-16,Male,56,133559.0,602,20616.64,Employed,Married,New York,Yes
APP-11362,2023-08-21,Female,44,30825.88,685,29932.86,Employed,Married,Philadelphia,No
APP-11546,2023-08-25,Male,50,63019.0,717,44715.54,Employed,Single,Phoenix,Yes
APP-11938,2023-06-15,Male,36,214321.0,759,32165.51,Employed,Married,San Diego,Yes
APP-10344,2022-06-01,Male,47,89926.0,674,29331.5,Unemployed,Single,Los Angeles,Yes
APP-10986,2023-01-27,Female,36,30821.0,742,23275.38,Employed,Married,San Antonio,Yes
APP-12935,2023-01-10,Male,38,78690.3,565,36599.08,Employed,Married,New York,Yes
APP-10743,2022-10-21,Female,53,177237.6,599,40857.26,Employed,Single,Philadelphia,No
APP-12354,2022-07-20,Female,20,60302.0,674,23922.59,Self-Employed,Married,New York,Yes
APP-11407,2023-05-26,Female,34,59125.32,470,13251.26,Unemployed,Single,Chicago,Yes
APP-10113,2023-03-18,Female,34,31695.74,797,29891.59,Unemployed,Married,San Antonio,Yes
APP-11336,2023-12-13,Female,38,56486.53,690,43096.96,Unemployed,Single,New York,Yes
APP-11241,2022-12-29,Male,38,50815.74,485,30551.78,Employed,Single,Los Angeles,Yes
APP-11142,2023-07-07,Male,60,21012.09,458,64300.813,Employed,Single,Chicago,Yes
APP-11953,2022-04-16,Female,37,78394.67,639,29298.18,Employed,Married,Phoenix,Yes
APP-11216,2022-08-19,Female,37,21612.32,677,23578.05,Employed,Married,Phoenix,Yes
APP-11198,2023-10-05,Male,61,28772.0,590,51169.49,Employed,Married,Houston,Yes
APP-10085,2023-01-04,Female,30,25750.0,721,38252.02,Employed,Single,San Diego,No
APP-12287,2022-04-23,Male,49,37787.08,672,22091.23,Employed,Married,New York,Yes
APP-10668,2022-11-20,Female,36,61360.0,578,37414.59,Employed,Divorced,New York,Yes
APP-11014,2023-01-31,Female,40,94908.91,657,27025.9,Employed,Single,Philadelphia,No
APP-10128,2023-04-08,Male,20,162780.47,704,46486.11,Employed,Single,Phoenix,Yes
APP-12627,2023-02-15,Female,32,50815.74,820,20302.68,Employed,Single,Houston,No
APP-11962,2022-07-10,Female,49,41308.87,625,12457.85,Self-Employed,Single,New York,Yes
APP-10891,2022-11-06,Male,47,45368.95,618,30642.76,Employed,Married,San Diego,Yes
APP-12509,2022-11-06,Male,40,50815.74,682,51706.25,Employed,Single,San Antonio,Yes
APP-10307,2023-06-10,Male,25,26251.6,622,18728.89,Employed,Married,Houston,Yes
APP-10383,2023-10-01,Male,54,50815.74,658,23999.22,Self-Employed,Divorced,Houston,Yes
APP-10150,2023-04-26,Male,62,28484.13,588,45957.49,Employed,Married,Los Angeles,Yes
APP-11317,2022-06-24,Male,33,171670.27,695,39791.85,Self-Employed,Single,San Diego,No
APP-11398,2022-11-08,Female,45,37929.78,615,47753.86,Self-Employed,Married,Philadelphia,No
APP-12514,2023-03-18,Male,26,107907.01,604,26337.14,Employed,Single,San Antonio,Yes
APP-10426,2022-10-04,Female,70,36226.18,778,24671.54,Employed,Single,Houston,No
APP-10494,2023-06-14,Female,22,50815.74,709,14217.68,Retired,Married,New York,No
APP-11207,2023-10-19,Male,28,25197.37,746,17165.36,Employed,Married,Chicago,Yes
APP-11729,2023-10-19,Female,59,51295.4,659,21509.42,Self-Employed,Married,Phoenix,No
APP-12164,2022-02-17,Male,37,179468.28,749,44709.12,Employed,Married,New York,Yes
APP-11208,2023-01-29,Female,29,50815.74,674,21213.79,Employed,Married,Philadelphia,Yes
APP-12538,2022-07-28,Male,32,87703.0,680,19377.63,Self-Employed,Divorced,Phoenix,Yes
APP-12688,2023-12-13,Female,37,198053.93,761,30344.12,Retired,Single,Phoenix,No
APP-12437,2023-11-02,Male,62,90971.53,776,29691.54,Employed,Single,Phoenix,Yes
APP-13143,2023-09-01,Other,45,50815.74,538,39620.59,Employed,Married,Houston,No
APP-11239,2022-08-22,Male,34,139607.33,742,39914.04,Self-Employed,Single,Los Angeles,Yes
APP-13057,2023-08-17,Female,32,50815.74,671,35272.29,Retired,Single,Chicago,Yes
APP-11606,2022-06-22,Male,24,73016.0,718,37267.96,Unemployed,Single,Houston,No
APP-10275,2023-12-24,Male,38,91721.08,675,12410.1,Employed,Divorced,Phoenix,Yes
APP-10489,2023-12-24,Male,62,84499.67,685,23151.98,Employed,Married,San Antonio,No
APP-11494,2022-06-02,Male,33,89489.08,753,25001.54,Employed,Married,Houston,No
APP-11229,2022-12-15,Male,66,50815.74,824,35812.7,Employed,Married,New York,Yes
APP-10690,2022-03-23,Female,38,81635.34,752,37099.31,Self-Employed,Married,Chicago,Yes
APP-11642,2023-03-08,Male,33,20801.53,644,21333.56,Self-Employed,Married,Phoenix,Yes
APP-11960,2022-03-02,Female,39,50815.74,610,44257.02,Employed,Single,New York,Yes
APP-11814,2023-04-24,Male,37,92894.15,698,42081.17,Employed,Single,San Antonio,Yes
APP-11474,2023-07-17,Female,48,25937.83,689,34283.9,Self-Employed,Married,Los Angeles,Yes
APP-12718,2023-11-02,Female,56,44703.0,671,33586.82,Employed,Single,San Antonio,No
APP-12801,2022-01-03,Other,46,24892.0,711,13606.46,Employed,Married,Chicago,Yes
APP-11058,2023-01-19,Male,41,96721.0,628,9806.83,Employed,Single,San Diego,Yes
APP-11024,2023-09-15,Male,20,43867.57,795,30956.49,Employed,Married,Phoenix,Yes
APP-11656,2022-04-23,Female,20,93857.85,507,23741.63,Self-Employed,Single,Philadelphia,Yes
APP-10281,2023-08-15,Female,37,103425.06,695,50235.18,Employed,Married,Houston,No
APP-10234,2023-05-06,Male,39,26319.3,731,12345.0,Employed,Single,New York,Yes
APP-12585,2022-10-01,Male,38,72169.27,672,31615.33,Employed,Single,New York,Yes
APP-10968,2023-08-24,Female,34,29872.88,545,16211.59,Self-Employed,Single,New York,Yes
APP-11422,2023-03-08,Female,38,101466.91,807,23961.46,Self-Employed,Married,Houston,Yes
APP-10595,2022-06-29,Male,40,88545.53,730,29542.14,Unemployed,Married,San Diego,Yes
APP-12894,2023-06-14,Male,19,21085.66,809,31211.01,Employed,Married,Houston,No
APP-10155,2023-12-03,Male,38,40729.94,755,26666.43,Retired,Single,Phoenix,No
APP-12159,2023-11-26,Female,37,63159.76,790,18286.51,Employed,Married,Houston,Yes
APP-12823,2022-01-16,Male,38,34677.0,682,59458.25,Employed,Single,Los Angeles,No
APP-12967,2022-01-11,Male,57,76551.64,704,27769.04,Employed,Married,New York,Yes
APP-12662,2022-02-17,Male,31,30138.19,652,64300.813,Employed,Married,San Diego,Yes
APP-12535,2022-02-17,Female,48,29381.13,681,39820.54,Employed,Married,San Diego,Yes
APP-11307,2023-10-08,Male,48,108157.0,693,49282.65,Employed,Single,New York,Yes
APP-13085,2023-03-26,Male,50,28930.39,741,29542.06,Employed,Married,Philadelphia,Yes
APP-10575,2022-01-01,Male,19,50815.74,662,58985.2,Employed,Married,Chicago,No
APP-12171,2022-01-29,Male,28,145616.0,691,31752.08,Employed,Married,Chicago,No
APP-12845,2023-06-26,Female,40,50815.74,596,35996.05,Self-Employed,Married,Philadelphia,Yes
APP-12902,2022-10-13,Male,38,53871.0,834,37486.64,Employed,Married,Houston,No
APP-11299,2022-07-12,Female,27,62407.24,736,30506.2,Self-Employed,Divorced,New York,Yes
APP-12438,2023-11-07,Female,40,60283.98,719,26311.19,Employed,Married,Los Angeles,Yes
APP-11833,2022-12-17,Female,19,55004.15,701,18871.76,Employed,Single,San Antonio,Yes
APP-12666,2022-12-08,Male,43,29616.45,797,31725.26,Unemployed,Single,Chicago,Yes
APP-12389,2022-06-02,Female,72,50815.74,601,34144.22,Unemployed,Single,New York,Yes
APP-10843,2023-07-14,Male,33,20925.61,441,13098.07,Employed,Married,Los Angeles,Yes
APP-11556,2023-03-29,Other,19,78595.0,644,28348.85,Employed,Married,Houston,Yes
APP-10269,2022-11-28,Male,49,183791.3,736,21833.93,Self-Employed,Married,Los Angeles,Yes
APP-10629,2022-10-19,Female,48,52953.5,681,39689.73,Employed,Married,New York,Yes
APP-11033,2022-11-28,Male,39,66812.0,671,27297.54,Employed,Married,Chicago,Yes
APP-10286,2022-05-08,Female,36,24626.73,652,43872.26,Employed,Single,New York,No
APP-11326,2022-08-02,Male,20,66329.5,712,28333.72,Employed,Married,Philadelphia,Yes
APP-12452,2023-12-03,Female,19,25050.52,788,54504.35,Employed,Married,Los Angeles,No
APP-10300,2023-09-04,Female,49,69051.99,629,24893.93,Employed,Married,San Diego,Yes
APP-12833,2022-11-01,Female,53,46646.1,555,18084.64,Unemployed,Married,San Antonio,No
APP-12358,2022-11-01,Male,24,31276.23,706,32680.89,Employed,Divorced,Phoenix,Yes
APP-13024,2022-02-12,Male,29,50815.74,646,56690.65,Employed,Married,San Antonio,No
APP-11628,2023-12-12,Female,48,84693.34,557,14801.74,Self-Employed,Single,Chicago,Yes
APP-10065,2023-11-12,Male,34,49684.35,710,51269.64,Self-Employed,Single,Houston,Yes
APP-12461,2022-10-06,Female,19,26244.0,825,31872.98,Employed,Single,Chicago,Yes
APP-10890,2022-08-06,Female,36,59862.0,769,51289.31,Employed,Single,Houston,Yes
APP-12091,2022-01-19,Female,61,79924.0,577,33712.26,Self-Employed,Married,Philadelphia,Yes
APP-12883,2022-05-13,Female,27,50815.74,850,43401.29,Employed,Married,Phoenix,No
APP-12092,2023-11-02,Female,34,61968.34,576,35827.75,Self-Employed,Divorced,San Antonio,No
APP-11510,2022-09-10,Male,45,87604.36,671,21556.1,Employed,Single,Phoenix,No
APP-10230,2023-06-24,Male,35,84842.31,483,28348.85,Unemployed,Single,Chicago,No
APP-10503,2023-02-07,Male,29,37804.14,759,34433.81,Self-Employed,Married,Philadelphia,Yes
APP-11498,2023-07-27,Female,33,47379.38,634,13660.56,Unemployed,Married,Phoenix,Yes
APP-13173,2023-09-27,Male,36,65170.46,718,20238.01,Self-Employed,Single,San Antonio,No
APP-12167,2022-09-28,Female,51,50815.74,687,37789.75,Employed,Single,San Diego,No
APP-11059,2023-07-30,Other,30,215907.27780000013,692,19401.5,Employed,Single,Houston,Yes
APP-11004,2023-07-30,Female,28,27566.0,714,29773.99,Employed,Married,New York,No
APP-10836,2023-08-23,Male,36,42265.0,616,26373.1,Employed,Divorced,San Antonio,No
APP-11910,2022-04-30,Female,46,60838.32,648,13733.97,Employed,Single,San Diego,Yes
APP-10374,2023-07-18,Female,38,50815.74,548,18838.86,Self-Employed,Divorced,San Antonio,Yes
APP-11736,2023-07-18,Male,28,85975.21,606,28091.24,Unemployed,Single,San Antonio,Yes
APP-12341,2023-09-12,Male,75,99897.96,745,17964.15,Employed,Single,Houston,Yes
APP-12458,2022-08-30,Male,44,29076.0,646,16868.5,Self-Employed,Married,San Diego,Yes
APP-11321,2023-11-04,Male,32,64227.14,598,41848.77,Employed,Single,Chicago,Yes
APP-12297,2023-07-05,Male,50,22854.81,614,18788.55,Employed,Married,Chicago,No
APP-10751,2022-06-30,Other,19,87838.0,668,39293.83,Employed,Divorced,San Diego,No
APP-10099,2022-06-28,Female,53,43327.99,566,18231.88,Retired,Single,Philadelphia,No
APP-12087,2022-06-28,Male,19,53635.55,579,20397.67,Employed,Divorced,Philadelphia,Yes
APP-10866,2023-01-24,Male,20,34866.24,648,33532.59,Employed,Single,San Diego,Yes
APP-10910,2022-05-10,Female,31,94886.83,802,30835.63,Employed,Single,Chicago,Yes
APP-11831,2022-09-06,Male,49,34448.17,662,28348.85,Employed,Married,Phoenix,Yes
APP-10529,2023-07-20,Female,24,84197.5,594,32327.6,Employed,Married,Houston,Yes
APP-11260,2023-01-21,Female,30,102669.49,767,10323.46,Employed,Single,Philadelphia,Yes
APP-12028,2023-09-25,Male,38,100254.02,703,40949.3,Self-Employed,Single,Los Angeles,Yes
APP-10636,2022-07-22,Female,34,154592.29,638,39927.83,Employed,Single,Houston,No
APP-11269,2023-08-04,Female,44,41053.04,616,47284.16,Self-Employed,Married,Phoenix,No
APP-10185,2022-08-18,Female,51,39752.54,612,18111.92,Employed,Married,Philadelphia,Yes
APP-13194,2022-12-22,Female,68,149547.02,531,28776.34,Employed,Single,Phoenix,Yes
APP-11472,2022-06-10,Female,34,67160.74,718,26022.43,Unemployed,Married,Los Angeles,No
APP-11738,2022-03-05,Female,42,75587.0,730,29203.02,Self-Employed,Married,San Diego,Yes
APP-10931,2023-06-05,Male,19,42023.0,764,16106.91,Employed,Single,San Antonio,No
APP-11441,2022-09-01,Female,28,23571.31,672,28295.47,Employed,Married,Houston,Yes
APP-10517,2023-10-20,Male,41,25305.58,753,44922.84,Unemployed,Married,Phoenix,Yes
APP-12543,2022-10-23,Male,45,170987.14,646,20900.89,Employed,Divorced,San Antonio,No
APP-11728,2022-02-23,Male,45,50815.74,717,28934.04,Self-Employed,Single,Chicago,Yes
APP-12654,2023-01-28,Male,36,22225.28,627,40153.45,Self-Employed,Single,Phoenix,Yes
APP-11273,2023-10-23,Female,57,70408.92,635,38779.74,Unemployed,Married,San Diego,Yes
APP-12835,2022-11-28,Female,50,96087.0,686,18366.82,Employed,Married,Phoenix,Yes
APP-10607,2023-09-04,Other,25,100964.85,713,22078.72,Unemployed,Married,San Antonio,No
APP-10151,2022-01-08,Male,38,51196.87,768,20659.2,Self-Employed,Single,Los Angeles,Yes
APP-12073,2022-03-07,Male,37,44217.0,685,30298.04,Employed,Divorced,San Diego,Yes
APP-12376,2023-06-29,Male,28,181116.52,743,12703.85,Self-Employed,Married,Los Angeles,No
APP-12247,2023-01-10,Female,38,50815.74,782,24465.06,Self-Employed,Single,New York,Yes
APP-12525,2023-01-10,Female,19,73242.12,681,42491.48,Employed,Single,New York,No
APP-10731,2023-10-12,Male,32,106751.0,655,28348.85,Unemployed,Married,Houston,Yes
APP-13048,2023-10-23,Male,40,101279.7,767,17392.56,Employed,Married,San Antonio,No
APP-11977,2022-12-02,Male,33,50815.74,693,29502.0,Employed,Married,Houston,Yes
APP-13019,2023-09-10,Male,38,45054.0,743,27370.65,Employed,Married,Philadelphia,No
APP-10023,2022-05-19,Male,27,71922.05,681,64300.813,Unemployed,Divorced,Chicago,Yes
APP-12791,2022-05-19,Male,47,35191.0,638,35879.82,Self-Employed,Married,Philadelphia,Yes
APP-10158,2023-06-05,Male,29,56491.25,623,28161.82,Retired,Married,Philadelphia,No
APP-10861,2023-06-05,Male,26,49647.24,677,36284.84,Self-Employed,Married,Los Angeles,Yes
APP-12748,2023-07-28,Male,27,93291.0,684,28348.85,Employed,Married,San Antonio,Yes
APP-10902,2022-03-15,Male,32,21173.1,669,35673.16,Unemployed,Married,New York,Yes
APP-13059,2023-08-02,Male,55,74473.6,832,27116.89,Employed,Single,Chicago,No
APP-11230,2022-05-29,Female,38,94539.28,755,26063.54,Employed,Married,Los Angeles,No
APP-12500,2022-03-16,Female,58,32530.0,698,18487.94,Employed,Divorced,Los Angeles,Yes
APP-10444,2022-07-09,Female,53,23335.0,723,18148.3,Self-Employed,Married,Los Angeles,No
APP-10754,2022-07-09,Male,51,34627.87,766,28323.18,Self-Employed,Married,Philadelphia,Yes
APP-10923,2022-12-12,Female,46,28145.0,753,23566.42,Employed,Single,Los Angeles,No
APP-12333,2022-02-10,Female,30,66303.11,680,42676.45,Employed,Single,Los Angeles,Yes
APP-10311,2022-07-23,Male,19,129617.56,768,20958.81,Employed,Single,New York,Yes
APP-11375,2022-07-06,Male,19,42358.0,703,32240.43,Employed,Single,Phoenix,Yes
APP-10548,2022-04-14,Male,38,46020.83,732,45982.63,Self-Employed,Married,San Antonio,No
APP-12903,2023-01-22,Female,51,123756.79,757,22893.38,Employed,Married,Phoenix,Yes
APP-11803,2023-09-27,Male,35,48206.88,580,17825.45,Employed,Married,Phoenix,Yes
APP-10306,2023-03-04,Female,35,41799.0,673,37677.16,Employed,Married,Philadelphia,No
APP-10287,2023-01-29,Female,39,36437.0,771,36539.09,Employed,Married,Chicago,Yes
APP-10694,2023-12-30,Male,45,79819.82,734,32393.08,Retired,Single,San Antonio,No
APP-10308,2023-07-04,Female,27,91361.0,825,22133.78,Employed,Married,Philadelphia,Yes
APP-13062,2022-09-22,Female,45,130482.92,641,38173.03,Employed,Married,San Diego,Yes
APP-12111,2022-01-10,Female,38,50815.74,552,25909.39,Employed,Married,Houston,Yes
APP-10749,2022-03-18,Other,19,69409.16,682,61933.67,Employed,Divorced,San Antonio,No
APP-11778,2023-12-29,Male,30,24282.76,805,15825.7,Employed,Married,Phoenix,Yes
APP-11537,2023-09-26,Male,73,50815.74,773,23438.85,Self-Employed,Single,Chicago,Yes
APP-11874,2022-03-06,Male,31,106583.72,620,27267.8,Employed,Married,Los Angeles,No
APP-12337,2022-03-24,Female,23,132891.44,762,22722.49,Employed,Married,Houston,Yes
APP-10908,2022-08-16,Male,38,40829.0,743,64300.813,Self-Employed,Married,New York,Yes
APP-10086,2023-07-31,Female,19,25549.57,590,20365.85,Employed,Single,Houston,Yes
APP-12633,2023-01-11,Male,45,29211.0,709,14696.21,Employed,Married,Phoenix,No
APP-13094,2022-04-17,Male,60,75505.0,583,35447.79,Employed,Married,New York,Yes
APP-12758,2023-03-31,Female,52,25008.49,619,45051.54,Employed,Divorced,Houston,Yes
APP-10970,2022-05-09,Male,38,50815.74,791,38617.62,Employed,Married,Phoenix,Yes
APP-10013,2023-11-20,Male,57,80602.53,495,27516.42,Retired,Divorced,Los Angeles,Yes
APP-10873,2022-06-29,Female,46,92726.0,626,32474.26,Retired,Single,Phoenix,No
APP-10808,2022-06-06,Female,34,44608.63,713,44557.28,Employed,Single,San Diego,No
APP-12851,2022-07-16,Male,63,78885.08,760,15344.3,Retired,Single,Philadelphia,Yes
APP-10514,2022-07-10,Male,19,43560.67,772,18932.4,Unemployed,Married,New York,Yes
APP-12667,2023-09-10,Male,42,52913.35,721,35612.33,Employed,Single,Phoenix,Yes
APP-10409,2023-12-12,Male,20,50956.54,647,29316.09,Unemployed,Single,New York,Yes
APP-11746,2023-11-17,Male,42,32962.79,722,35597.12,Self-Employed,Single,San Diego,No
APP-11337,2022-10-24,Male,40,42646.0,771,36797.37,Employed,Married,Los Angeles,Yes
APP-11413,2022-11-10,Male,27,179937.16,836,27708.5,Self-Employed,Single,San Diego,No
APP-12506,2022-07-06,Male,27,47053.0,689,30017.36,Employed,Single,Philadelphia,Yes
APP-11621,2023-04-15,Male,19,73526.56,681,30452.98,Employed,Divorced,San Antonio,Yes
APP-11517,2023-01-03,Male,28,54359.3,650,36593.87,Retired,Married,Philadelphia,No
APP-11670,2022-05-26,Male,38,101601.82,633,27078.13,Employed,Single,Phoenix,Yes
APP-12934,2022-04-16,Female,29,152467.1,702,27525.53,Employed,Divorced,Chicago,Yes
APP-10382,2023-06-11,Male,19,66645.64,610,27139.5,Self-Employed,Single,New York,Yes
APP-11948,2023-05-17,Female,42,38441.0,612,47103.61,Employed,Married,San Antonio,Yes
APP-12426,2022-12-20,Female,54,129169.0,698,36614.13,Employed,Divorced,Philadelphia,Yes
APP-11575,2023-05-12,Female,35,42406.18,719,17052.04,Employed,Married,Phoenix,Yes
APP-11650,2022-12-19,Female,28,85595.87,681,21474.35,Self-Employed,Married,Houston,No
APP-12045,2022-06-22,Female,24,42204.1,677,23586.38,Employed,Single,New York,Yes
APP-12555,2022-10-26,Female,29,127010.0,697,37142.99,Self-Employed,Single,Chicago,Yes
APP-11684,2022-02-23,Male,38,144525.0,717,28792.46,Unemployed,Married,Chicago,No
APP-11393,2023-01-16,Male,44,51920.65,692,19028.08,Self-Employed,Divorced,Houston,Yes
APP-10552,2022-11-06,Female,19,39979.87,681,28348.85,Employed,Married,New York,Yes
APP-12347,2022-11-03,Male,43,34577.65,561,28097.07,Employed,Single,Philadelphia,Yes
APP-10222,2023-02-20,Male,38,50815.74,732,29203.42,Employed,Single,Chicago,Yes
APP-11922,2022-05-17,Male,22,32712.67,705,22039.86,Employed,Married,Los Angeles,Yes
APP-11096,2022-06-02,Female,47,51081.0,659,26652.12,Self-Employed,Married,Phoenix,Yes
APP-12874,2022-10-31,Male,38,46369.64,681,41492.16,Employed,Divorced,Phoenix,Yes
APP-10008,2023-10-21,Female,42,56210.2,717,22350.84,Employed,Married,San Antonio,Yes
APP-11898,2023-07-17,Male,35,49260.84,705,19595.41,Employed,Divorced,Phoenix,Yes
APP-10316,2022-06-05,Male,58,23228.44,754,27098.92,Unemployed,Married,Phoenix,Yes
APP-11328,2023-06-02,Female,33,22563.41,645,11341.26,Self-Employed,Married,Philadelphia,Yes
APP-10427,2023-06-11,Male,36,119370.54,496,28291.64,Unemployed,Divorced,Chicago,Yes
APP-11657,2023-05-30,Female,38,48426.0,653,22458.58,Self-Employed,Married,Chicago,No
APP-11714,2022-12-12,Female,19,61258.38,850,28348.85,Employed,Single,Philadelphia,Yes
APP-10142,2023-01-12,Male,45,49153.96,791,34914.35,Employed,Single,Philadelphia,Yes
APP-10121,2023-10-11,Male,38,62178.9,646,44716.46,Employed,Divorced,Phoenix,Yes
APP-12624,2023-02-02,Male,36,83924.73,681,39621.75,Employed,Married,New York,Yes
APP-13168,2022-08-07,Male,44,70369.0,704,26183.68,Employed,Single,San Antonio,Yes
APP-11189,2022-09-03,Female,50,41297.0,721,20814.94,Employed,Single,Phoenix,No
APP-12189,2023-12-06,Female,40,25391.0,681,26869.59,Employed,Single,San Antonio,Yes
APP-12876,2022-10-01,Male,41,37946.71,786,22525.67,Employed,Divorced,Houston,Yes
APP-11697,2022-05-25,Female,32,30536.0,665,37370.72,Employed,Single,Philadelphia,No
APP-10115,2023-03-14,Male,41,68420.27,623,19935.35,Employed,Divorced,Philadelphia,Yes
APP-11740,2022-12-02,Male,19,22305.0,722,33775.57,Unemployed,Married,Houston,No
APP-12792,2022-07-02,Female,23,31111.0,627,32666.77,Employed,Married,Philadelphia,No
APP-12377,2022-06-15,Male,47,136480.0,755,43786.74,Employed,Divorced,Chicago,Yes
APP-13097,2022-07-22,Male,38,39846.26,691,17016.47,Employed,Married,Houston,Yes
APP-11751,2022-09-13,Male,31,20598.62,683,28348.85,Employed,Married,Chicago,No
APP-12419,2023-11-16,Male,40,37423.95,588,50923.47,Employed,Married,New York,Yes
APP-12443,2022-07-19,Male,30,91164.06,752,28348.85,Employed,Married,Los Angeles,Yes
APP-10672,2022-05-19,Male,31,97832.43,609,19870.64,Employed,Married,Chicago,Yes
APP-11775,2023-07-23,Female,39,51769.0,693,23656.64,Employed,Married,San Diego,Yes
APP-12012,2022-11-18,Female,41,37483.45,729,33917.79,Employed,Single,Chicago,No
APP-11876,2022-03-18,Male,42,215907.27780000013,731,16876.18,Self-Employed,Married,San Diego,Yes
APP-10591,2022-08-02,Male,23,50416.31,695,41331.32,Retired,Married,New York,Yes
APP-11818,2023-07-14,Female,32,30742.0,681,23135.54,Employed,Single,New York,Yes
APP-11735,2023-12-03,Female,47,37982.0,681,28348.85,Employed,Married,New York,No
APP-10888,2022-07-15,Male,37,35442.93,724,33576.32,Employed,Single,Chicago,Yes
APP-12460,2023-07-12,Male,38,29479.9,681,21765.89,Employed,Single,Houston,Yes
APP-13016,2022-11-11,Male,24,42887.0,686,28348.85,Employed,Single,Philadelphia,Yes
APP-12163,2023-10-20,Male,43,29801.0,818,20222.61,Employed,Single,New York,Yes
APP-10213,2023-10-18,Male,57,25484.42,686,28348.85,Self-Employed,Married,San Antonio,Yes
APP-10778,2023-09-30,Female,56,84018.0,701,53754.0,Retired,Married,Phoenix,Yes
APP-12696,2023-03-27,Male,31,215907.27780000013,505,31855.37,Self-Employed,Single,San Diego,Yes
APP-11448,2022-10-18,Female,37,28324.79,704,27004.03,Employed,Married,Phoenix,Yes
APP-12950,2022-03-01,Female,38,46643.0,604,23346.78,Retired,Single,San Antonio,Yes
APP-12743,2023-08-07,Male,23,30956.0,615,40910.66,Retired,Single,Phoenix,Yes
APP-12905,2023-06-30,Female,45,97085.03,850,39437.22,Retired,Married,San Diego,No
APP-12968,2022-08-03,Female,50,170423.02,556,25482.74,Retired,Single,San Antonio,Yes
APP-11567,2022-08-02,Female,34,29396.5,681,29617.21,Employed,Married,New York,Yes
APP-12530,2022-05-08,Male,35,54385.78,694,34983.34,Employed,Married,Chicago,Yes
APP-12946,2023-03-04,Male,33,124392.28,691,20233.05,Unemployed,Married,Phoenix,Yes
APP-11518,2022-04-26,Female,34,66783.17,749,49580.95,Unemployed,Married,Chicago,Yes
APP-11872,2023-11-09,Female,19,29276.94,742,28786.2,Employed,Married,San Diego,No
APP-13000,2023-12-12,Other,38,50815.74,681,17956.49,Self-Employed,Married,Philadelphia,Yes
APP-11343,2022-09-30,Male,36,22769.0,778,23309.63,Employed,Married,Chicago,Yes
APP-10273,2022-09-25,Female,42,44776.26,590,26825.07,Employed,Married,Philadelphia,Yes
APP-10071,2022-10-06,Male,54,37693.85,649,34466.48,Self-Employed,Married,Philadelphia,No
APP-10720,2022-03-19,Male,46,72830.58,655,27667.74,Employed,Married,New York,No
APP-11087,2023-08-21,Female,38,65517.0,717,36945.11,Employed,Divorced,San Antonio,Yes
APP-10394,2022-02-06,Male,59,49243.37,681,21644.61,Self-Employed,Married,Philadelphia,Yes
APP-10583,2023-01-10,Male,44,108333.0,724,40939.31,Self-Employed,Married,New York,Yes
APP-11889,2022-05-05,Female,40,50815.74,684,40012.35,Employed,Single,New York,Yes
APP-12233,2023-06-24,Male,27,68391.15,810,13339.83,Unemployed,Married,Chicago,Yes
APP-12761,2023-04-09,Male,50,43254.21,747,25415.24,Employed,Single,Los Angeles,Yes
APP-10500,2022-03-29,Male,35,56404.48,557,45068.92,Employed,Single,San Antonio,Yes
APP-12252,2022-07-01,Female,57,50815.74,686,26329.74,Employed,Single,Chicago,Yes
APP-12464,2022-05-19,Male,39,34555.94,741,19089.39,Employed,Married,Phoenix,Yes
APP-13032,2023-07-03,Male,38,111353.88,659,27615.93,Employed,Married,Phoenix,Yes
APP-11259,2022-12-26,Male,37,91984.7,716,28348.85,Employed,Married,Houston,Yes
APP-11987,2023-07-14,Male,21,62793.22,768,20200.91,Employed,Divorced,Houston,Yes
APP-12096,2022-06-21,Male,40,95963.53,684,39925.29,Employed,Divorced,Philadelphia,Yes
APP-10205,2022-08-02,Male,60,67274.8,604,28348.85,Employed,Married,Philadelphia,Yes
APP-10733,2022-09-15,Female,47,167468.55,734,13638.82,Employed,Divorced,Los Angeles,No
APP-13004,2023-04-20,Female,25,38476.85,592,28348.85,Employed,Divorced,San Diego,No
APP-10526,2022-09-07,Male,21,57325.96,653,38608.06,Employed,Married,Phoenix,No
APP-13045,2022-01-15,Male,41,26428.05,697,19967.59,Employed,Married,San Antonio,Yes
APP-10898,2022-02-09,Female,53,50815.74,785,18094.46,Employed,Single,Phoenix,No
APP-10377,2023-06-11,Male,25,50815.74,752,43347.71,Self-Employed,Married,Los Angeles,Yes
APP-11559,2023-06-27,Female,53,73618.97,664,14918.65,Employed,Single,Houston,Yes
APP-12112,2022-10-10,Male,59,65503.0,765,23100.82,Employed,Married,Chicago,Yes
APP-12966,2022-08-28,Male,38,64959.27,589,39268.66,Employed,Single,Houston,Yes
APP-11789,2023-11-01,Male,29,130844.97,771,40159.92,Employed,Married,San Diego,Yes
APP-10386,2023-02-24,Male,43,22515.49,734,11543.74,Employed,Married,Phoenix,No
APP-10198,2022-05-10,Male,42,26039.0,720,42817.56,Employed,Single,Philadelphia,No
APP-11050,2022-11-09,Female,31,26898.0,681,27273.05,Self-Employed,Married,Phoenix,Yes
APP-10590,2022-04-02,Male,30,62943.37,718,15249.36,Employed,Single,Chicago,Yes
APP-10519,2023-05-11,Male,19,43089.83,637,28348.85,Retired,Married,San Diego,No
APP-12241,2022-10-13,Male,43,37017.4,563,14467.76,Retired,Married,Houston,No
APP-12481,2023-01-31,Male,55,141419.55,687,27217.72,Employed,Married,Houston,Yes
APP-10429,2023-09-08,Male,35,150974.02,784,38678.82,Employed,Married,San Antonio,No
APP-11083,2022-03-29,Female,38,48272.35,745,33716.11,Employed,Single,Houston,Yes
APP-12355,2023-11-30,Male,30,92038.0,594,18568.85,Unemployed,Married,Los Angeles,No
APP-11647,2023-12-14,Female,33,35357.62,786,30009.41,Retired,Married,New York,Yes
APP-10207,2023-12-09,Female,34,70316.0,576,29294.36,Unemployed,Divorced,Phoenix,Yes
APP-10491,2023-03-05,Female,46,35640.0,712,33523.6,Employed,Married,Phoenix,Yes
APP-12480,2022-11-14,Female,48,53649.99,660,23519.93,Retired,Married,Phoenix,Yes
APP-11739,2023-04-01,Male,37,86427.07,611,18792.29,Employed,Divorced,Houston,Yes
APP-10792,2022-02-25,Male,39,50815.74,518,31573.78,Unemployed,Married,Phoenix,Yes
APP-12757,2022-10-28,Female,36,38361.62,618,25058.02,Employed,Married,New York,Yes
APP-11186,2022-07-16,Female,36,20422.0,582,9898.77,Employed,Married,Los Angeles,Yes
APP-11185,2022-09-02,Female,35,52856.0,817,25856.08,Employed,Single,Philadelphia,Yes
APP-12342,2023-11-10,Male,54,42758.0,691,47214.36,Retired,Divorced,New York,Yes
APP-12550,2023-04-17,Female,29,200499.36,679,12345.0,Employed,Married,Los Angeles,Yes
APP-11674,2022-03-26,Male,38,50815.74,649,49353.08,Employed,Married,New York,Yes
APP-12473,2023-03-18,Male,46,35723.96,675,17873.1,Employed,Single,New York,Yes
APP-11530,2022-08-07,Female,19,49181.0,594,17667.25,Self-Employed,Married,Phoenix,No
APP-11410,2023-01-21,Female,22,24651.1,618,46088.37,Employed,Married,San Antonio,Yes
APP-11476,2023-02-20,Female,35,57159.0,593,26976.39,Employed,Married,Phoenix,Yes
APP-10083,2023-07-20,Female,37,215907.27780000013,770,15982.43,Unemployed,Single,Los Angeles,Yes
APP-12467,2022-04-21,Female,28,50815.74,642,35074.03,Self-Employed,Single,Houston,Yes
APP-10020,2022-03-19,Male,34,50815.74,600,22907.18,Employed,Married,San Antonio,No
APP-12095,2022-09-19,Female,52,43579.76,772,28680.85,Self-Employed,Married,Phoenix,Yes
APP-11627,2023-03-09,Male,38,36212.0,674,15108.3,Employed,Married,New York,No
APP-12763,2023-11-21,Male,48,50815.74,760,28348.85,Employed,Single,Los Angeles,No
APP-12283,2023-09-17,Male,29,38727.0,713,30794.02,Employed,Married,Los Angeles,No
APP-11405,2022-05-21,Female,53,52061.0,642,61570.81,Employed,Married,Houston,No
APP-12210,2022-12-07,Female,46,67732.13,493,21667.85,Self-Employed,Single,New York,Yes
APP-11562,2023-03-13,Male,29,90258.0,737,24356.66,Employed,Married,San Diego,Yes
APP-12979,2022-05-28,Female,41,25383.82,687,22161.84,Self-Employed,Divorced,Los Angeles,No
APP-12209,2023-07-16,Female,30,50541.73,800,34773.46,Self-Employed,Single,Los Angeles,No
APP-10973,2023-09-30,Male,26,20360.0,480,20151.16,Unemployed,Married,San Diego,Yes
APP-13089,2022-06-05,Male,23,22989.0,665,44847.33,Employed,Single,San Diego,Yes
APP-10883,2023-07-04,Male,47,79018.11,640,19568.87,Unemployed,Married,Phoenix,No
APP-10156,2023-09-17,Male,49,50815.74,644,36680.94,Self-Employed,Single,Houston,Yes
APP-12670,2022-07-19,Male,57,91241.0,679,28348.85,Employed,Single,Phoenix,Yes
APP-10886,2023-04-17,Male,31,55220.0,686,32034.2,Employed,Married,Phoenix,Yes
APP-12778,2022-05-07,Female,53,69098.0,692,27977.03,Self-Employed,Divorced,San Diego,No
APP-11512,2022-09-07,Female,48,22663.28,629,18236.25,Employed,Single,Philadelphia,Yes
APP-12741,2022-01-09,Male,37,74723.86,707,22083.21,Employed,Married,Philadelphia,Yes
APP-12245,2023-11-30,Female,54,98728.38,803,27581.78,Employed,Single,New York,Yes
APP-12804,2022-09-09,Female,38,123124.8,732,58542.73,Self-Employed,Married,Philadelphia,Yes
APP-12147,2023-12-16,Female,45,113637.49,750,17866.59,Employed,Single,Phoenix,Yes
APP-11822,2022-07-19,Female,52,20828.82,591,39191.97,Employed,Married,San Antonio,Yes
APP-11453,2022-07-19,Male,71,161853.0,636,41178.65,Employed,Married,Philadelphia,No
APP-11505,2022-05-29,Male,50,112358.12,766,16233.63,Employed,Single,Phoenix,Yes
APP-12022,2022-02-12,Female,25,39076.19,568,33808.86,Retired,Single,Chicago,No
APP-12932,2023-06-10,Male,43,130179.0,602,27984.61,Employed,Married,Philadelphia,Yes
APP-10458,2023-02-18,Female,35,50815.74,654,21223.92,Employed,Divorced,San Antonio,Yes
APP-12184,2023-02-03,Male,49,124718.6,724,27386.65,Employed,Married,San Diego,No
APP-10078,2023-05-20,Male,48,31544.48,653,30931.49,Employed,Married,Phoenix,Yes
APP-12304,2022-05-12,Male,55,50815.74,553,59330.89,Self-Employed,Single,San Antonio,Yes
APP-11056,2022-11-25,Male,41,50815.74,737,26665.8,Employed,Married,San Antonio,Yes
APP-10906,2023-03-25,Male,30,20543.5,718,36717.27,Employed,Married,San Diego,Yes
APP-11937,2022-08-28,Male,37,73899.17,725,31323.11,Employed,Single,New York,No
APP-12913,2022-03-22,Male,52,75908.09,649,26166.82,Employed,Single,Philadelphia,Yes
APP-12982,2022-10-19,Male,34,38487.41,608,40901.42,Employed,Single,New York,Yes
APP-10380,2022-11-29,Male,39,29076.67,707,43287.75,Employed,Married,Phoenix,No
APP-10947,2022-11-15,Female,25,66515.65,850,27806.47,Self-Employed,Single,Philadelphia,No
APP-12080,2023-04-26,Male,44,56361.73,750,40707.0,Retired,Married,New York,Yes
APP-12227,2022-10-26,Male,58,109157.86,738,50274.65,Self-Employed,Single,Philadelphia,Yes
APP-10715,2022-10-02,Male,29,154978.0,730,22084.72,Employed,Single,San Diego,No
APP-13100,2022-10-16,Female,36,54763.43,695,36349.44,Employed,Divorced,Los Angeles,Yes
APP-10686,2022-07-19,Female,40,35237.74,693,20957.91,Employed,Single,Los Angeles,Yes
APP-12852,2023-01-07,Female,53,20923.79,739,24742.01,Unemployed,Married,Phoenix,No
APP-11293,2023-03-16,Male,19,157963.0,702,38154.21,Employed,Married,Philadelphia,Yes
APP-10305,2022-03-30,Male,40,43988.0,775,18034.44,Employed,Single,Chicago,Yes
APP-10209,2022-10-06,Female,24,21338.18,629,25990.25,Employed,Single,Los Angeles,Yes
APP-11839,2023-11-02,Male,41,42530.08,689,64300.813,Self-Employed,Married,Phoenix,No
APP-12462,2022-03-31,Female,63,50815.74,647,17223.64,Employed,Married,Los Angeles,No
APP-11160,2022-08-17,Male,35,81240.33,639,12345.0,Retired,Single,Los Angeles,Yes
APP-11907,2023-03-24,Male,56,120431.33,723,32722.78,Employed,Married,San Antonio,No
APP-10885,2022-07-01,Female,38,50815.74,585,56111.82,Employed,Single,New York,No
APP-12016,2022-06-14,Male,36,91888.17,650,44493.76,Unemployed,Single,Houston,Yes
APP-10917,2022-11-26,Female,47,89536.98,663,28348.85,Employed,Married,San Antonio,Yes
APP-12490,2022-08-12,Other,24,32928.0,670,21134.35,Self-Employed,Single,Los Angeles,Yes
APP-12050,2022-05-07,Male,29,44416.62,711,17912.1,Employed,Single,New York,Yes
APP-10191,2023-09-18,Male,66,33865.27,788,28486.5,Employed,Married,Philadelphia,No
APP-13017,2022-07-17,Male,56,51547.74,582,19619.24,Employed,Single,Houston,No
APP-12257,2022-04-10,Male,29,31382.6,545,43300.22,Unemployed,Married,Phoenix,Yes
APP-11265,2023-08-01,Female,38,34094.93,554,24769.2,Self-Employed,Married,San Antonio,Yes
APP-10483,2022-08-22,Female,33,116854.9,559,24841.2,Employed,Divorced,Philadelphia,Yes
APP-10915,2023-06-08,Male,45,90885.25,666,33059.29,Employed,Married,San Diego,No
APP-13054,2022-03-10,Male,30,88556.09,828,44282.39,Employed,Single,Chicago,No
APP-10277,2023-08-04,Male,56,28919.2,665,27955.79,Employed,Married,Phoenix,Yes
APP-10988,2023-06-07,Female,38,150001.0,681,24125.07,Employed,Single,Los Angeles,Yes
APP-11801,2023-04-25,Female,49,86553.0,667,55069.71,Employed,Divorced,Philadelphia,Yes
APP-11245,2022-01-11,Male,47,95686.0,625,24326.35,Employed,Single,Chicago,No
APP-12008,2023-04-24,Female,31,148409.0,725,30089.75,Employed,Single,San Diego,Yes
APP-10571,2022-01-16,Female,26,24651.76,734,34425.01,Employed,Married,Houston,Yes
APP-11435,2022-08-05,Female,48,139301.99,568,21118.4,Retired,Married,Philadelphia,Yes
APP-11737,2022-06-05,Male,31,20281.45,585,26205.42,Employed,Single,Houston,No
APP-11732,2022-01-02,Male,45,43986.15,730,43233.75,Employed,Married,Philadelphia,Yes
APP-10585,2023-08-16,Female,52,138017.73,683,29559.87,Self-Employed,Married,Los Angeles,No
APP-12448,2022-02-19,Male,44,25724.69,827,49458.46,Employed,Single,Phoenix,No
APP-11949,2022-03-31,Male,41,78369.0,813,33126.2,Self-Employed,Single,Philadelphia,Yes
APP-11349,2023-09-11,Female,32,24244.0,673,40346.02,Self-Employed,Married,Los Angeles,No
APP-11007,2023-03-05,Female,44,90121.57,607,21467.22,Self-Employed,Single,New York,Yes
APP-10674,2022-12-31,Male,52,39935.0,684,23316.68,Employed,Single,Los Angeles,Yes
APP-12266,2022-10-21,Female,54,115078.49,633,21942.82,Employed,Married,New York,Yes
APP-10855,2023-04-21,Female,29,34076.48,681,33612.18,Self-Employed,Married,Los Angeles,No
APP-10447,2022-09-02,Male,26,50815.74,741,30578.26,Unemployed,Married,San Diego,Yes
APP-10865,2023-04-22,Male,46,50815.74,712,18949.55,Employed,Divorced,San Diego,Yes
APP-12663,2022-04-08,Female,42,88250.4,568,37138.61,Employed,Single,Phoenix,Yes
APP-12505,2023-12-30,Female,35,62250.0,713,21876.96,Retired,Single,San Antonio,No
APP-12959,2023-12-08,Male,25,22723.18,649,24443.84,Retired,Married,Phoenix,Yes
APP-12638,2023-12-26,Female,38,25788.0,727,21568.84,Employed,Married,Chicago,Yes
APP-12420,2022-07-20,Female,35,61442.44,604,15799.56,Employed,Single,Philadelphia,No
APP-12955,2022-07-20,Male,31,71184.0,774,20017.2,Employed,Married,Chicago,No
APP-12752,2023-12-13,Male,40,139989.37,780,32403.28,Self-Employed,Married,Phoenix,No
APP-11247,2023-12-13,Female,39,34360.0,648,20548.5,Employed,Married,Los Angeles,No
APP-10294,2022-06-02,Male,51,24979.98,723,34262.35,Employed,Single,San Antonio,Yes
APP-11547,2022-06-02,Female,58,74610.6,751,37163.79,Employed,Married,Philadelphia,Yes
APP-10588,2022-05-15,Male,46,35728.0,643,32093.79,Employed,Single,Phoenix,Yes
APP-11741,2022-05-20,Female,25,105951.75,713,20661.68,Unemployed,Single,Los Angeles,Yes
APP-11281,2022-10-01,Male,28,22141.18,681,22370.23,Retired,Married,New York,No
APP-11763,2023-04-22,Male,44,44193.0,595,57336.06,Employed,Single,New York,No
APP-12953,2023-04-13,Other,43,32019.29,838,31645.47,Employed,Married,Los Angeles,No
APP-12560,2023-06-28,Female,37,50815.74,583,20361.3,Employed,Married,Chicago,Yes
APP-11913,2022-02-07,Female,38,39174.76,709,36979.05,Self-Employed,Married,Phoenix,Yes
APP-12414,2022-02-07,Male,19,21371.32,693,25849.68,Employed,Married,Chicago,Yes
APP-12952,2022-02-07,Male,33,24449.0,797,17780.56,Employed,Married,Phoenix,Yes
APP-12499,2023-10-13,Male,30,98314.0,700,22842.06,Employed,Divorced,Chicago,No
APP-11417,2022-11-26,Female,42,30014.88,651,22081.37,Employed,Married,San Diego,Yes
APP-10425,2022-06-04,Male,33,149040.0,645,16188.52,Employed,Married,San Diego,No
APP-10534,2022-04-13,Male,33,22140.3,666,34230.8,Self-Employed,Married,Philadelphia,Yes
APP-11054,2022-03-08,Male,46,35689.3,672,41909.0,Employed,Married,Philadelphia,Yes
APP-12510,2023-12-01,Male,38,50815.74,680,23210.25,Self-Employed,Married,San Diego,Yes
APP-12769,2022-05-15,Female,24,59724.11,519,16463.36,Self-Employed,Married,New York,Yes
APP-11767,2022-01-21,Male,37,46908.0,676,32489.7,Employed,Married,San Diego,Yes
APP-10132,2023-09-05,Male,43,53970.33,634,33612.2,Employed,Married,Phoenix,Yes
APP-11180,2022-12-27,Male,65,42709.26,678,28348.85,Employed,Married,Chicago,Yes
APP-10421,2022-01-25,Male,59,37837.83,685,28636.58,Employed,Married,New York,Yes
APP-11690,2023-07-05,Male,33,159918.33,681,18877.19,Self-Employed,Single,New York,No
APP-12942,2022-03-31,Male,43,49240.54,627,12669.49,Employed,Married,New York,Yes
APP-12258,2022-09-02,Female,59,53121.63,772,25123.36,Employed,Married,Houston,Yes
APP-11951,2023-07-07,Male,53,44532.94,615,36116.78,Unemployed,Married,San Antonio,Yes
APP-11716,2022-10-02,Male,25,44621.29,704,52499.4,Employed,Divorced,Phoenix,Yes
APP-11368,2022-06-10,Female,35,66385.21,693,17519.65,Employed,Married,Los Angeles,No
APP-10556,2022-07-17,Male,39,50815.74,750,22556.34,Self-Employed,Single,Los Angeles,Yes
APP-11840,2023-11-16,Female,28,50815.74,681,15831.47,Employed,Married,San Antonio,Yes
APP-12997,2023-04-20,Male,50,25478.0,712,22035.9,Retired,Married,San Antonio,No
APP-12963,2022-10-02,Male,31,81858.13,724,44499.51,Employed,Married,Houston,Yes
APP-11880,2023-04-27,Female,24,87256.0,679,19357.49,Retired,Married,San Diego,No
APP-10570,2022-11-26,Female,37,94609.58,712,35490.91,Retired,Married,San Diego,Yes
APP-10352,2023-09-11,Male,34,76384.19,684,14709.65,Self-Employed,Single,New York,No
APP-10091,2022-04-12,Male,25,32461.9,668,26438.61,Employed,Married,San Diego,Yes
APP-12353,2023-04-08,Male,40,33680.0,745,16064.23,Employed,Married,Houston,Yes
APP-12803,2023-04-15,Female,31,42097.8,660,40082.38,Employed,Single,Phoenix,Yes
APP-11170,2023-01-20,Male,42,116740.76,658,28348.85,Self-Employed,Married,Los Angeles,Yes
APP-11844,2022-09-01,Male,43,41317.54,588,18468.39,Retired,Single,Los Angeles,Yes
APP-11285,2022-10-15,Male,43,27956.0,684,47189.47,Self-Employed,Married,San Antonio,No
APP-12103,2023-06-20,Male,45,39927.88,653,25179.33,Unemployed,Married,Phoenix,No
APP-12098,2022-07-28,Female,19,35126.0,675,35988.61,Employed,Married,San Diego,No
APP-12097,2022-05-07,Male,43,31704.07,555,15221.24,Employed,Married,Phoenix,Yes
APP-11793,2022-07-15,Male,43,30627.85,706,45539.27,Employed,Divorced,New York,Yes
APP-11591,2023-06-26,Male,35,50815.74,742,24289.03,Employed,Divorced,Houston,Yes
APP-11829,2022-06-19,Female,20,23061.51,681,30460.26,Retired,Divorced,Chicago,Yes
APP-10697,2022-05-12,Male,30,75236.33,707,34421.24,Employed,Single,Houston,Yes
APP-12771,2023-08-19,Male,34,51013.49,695,31354.56,Employed,Single,Houston,No
APP-10348,2023-11-16,Female,49,77156.0,736,22358.95,Employed,Single,San Antonio,No
APP-12242,2023-02-23,Male,35,36874.08,753,15542.31,Self-Employed,Single,Philadelphia,No
APP-12596,2022-05-13,Male,23,28384.37,791,45766.74,Employed,Married,New York,Yes
APP-12687,2022-02-12,Female,44,102106.73,729,17419.11,Employed,Married,San Antonio,Yes
APP-12404,2022-11-26,Female,19,27486.28,535,42868.88,Self-Employed,Married,San Antonio,No
APP-11137,2023-09-01,Male,20,59627.0,721,40465.56,Self-Employed,Single,Philadelphia,Yes
APP-12126,2022-06-27,Male,61,22138.5,751,12803.8,Employed,Married,San Diego,Yes
APP-11798,2023-12-01,Male,35,50815.74,681,23474.09,Self-Employed,Single,Chicago,Yes
APP-13137,2022-06-05,Male,19,60711.91,654,38265.24,Self-Employed,Married,New York,Yes
APP-13121,2023-03-26,Female,30,40331.08,776,27293.86,Employed,Married,Los Angeles,Yes
APP-11711,2022-08-27,Male,41,29873.0,627,25071.16,Retired,Married,Philadelphia,Yes
APP-11339,2022-09-03,Male,47,50815.74,813,13448.9,Employed,Single,Philadelphia,Yes
APP-12753,2023-07-05,Male,40,44668.19,685,26021.18,Employed,Single,New York,No
APP-10453,2023-10-11,Male,19,147528.0,637,34318.81,Employed,Single,Chicago,No
APP-10913,2022-01-18,Male,34,63816.29,758,28348.85,Employed,Married,New York,Yes
APP-10258,2023-05-18,Female,41,35210.7,832,28369.82,Self-Employed,Married,San Antonio,Yes
APP-11199,2023-03-10,Male,51,65983.3,640,48998.68,Self-Employed,Single,San Diego,Yes
APP-11274,2022-01-16,Male,28,42752.51,685,23585.54,Self-Employed,Single,Los Angeles,No
APP-12166,2023-12-10,Female,47,29332.44,759,42672.96,Employed,Single,San Antonio,No
APP-10037,2023-04-08,Female,38,23803.38,678,43667.12,Employed,Married,San Diego,No
APP-10974,2023-03-26,Male,39,76577.32,730,40813.51,Employed,Married,Los Angeles,No
APP-13067,2023-02-04,Male,34,82336.0,691,40093.89,Retired,Married,Los Angeles,Yes
APP-10983,2023-10-17,Male,43,66001.65,637,38622.45,Retired,Divorced,Chicago,No
APP-11249,2023-09-13,Male,67,27882.0,651,16037.86,Self-Employed,Married,Philadelphia,Yes
APP-12229,2022-03-05,Male,33,50134.0,640,21401.49,Employed,Married,Philadelphia,Yes
APP-11418,2022-08-22,Male,31,41633.09,681,39689.65,Unemployed,Married,New York,Yes
APP-11284,2022-01-27,Female,40,69010.01,793,45601.75,Employed,Married,New York,Yes
APP-12031,2022-09-05,Male,39,42443.25,584,20782.13,Employed,Single,Philadelphia,No
APP-10039,2022-02-06,Female,40,22106.0,627,32527.34,Employed,Single,Phoenix,Yes
APP-11486,2023-03-25,Male,38,50815.74,721,23507.81,Unemployed,Married,New York,No
APP-12234,2023-10-24,Female,34,45053.0,751,31229.02,Unemployed,Single,Philadelphia,Yes
APP-10169,2022-12-09,Female,29,47367.29,718,28348.85,Employed,Married,Los Angeles,Yes
APP-11355,2022-02-26,Female,37,122166.0,578,26149.74,Employed,Single,Chicago,Yes
APP-10737,2023-01-29,Female,42,21993.77,698,28348.85,Self-Employed,Single,Philadelphia,No
APP-13155,2022-04-20,Female,27,40251.53,681,23335.38,Self-Employed,Single,New York,No
APP-12986,2023-09-07,Male,28,63462.9,633,18797.91,Employed,Married,Houston,No
APP-11672,2022-10-12,Male,32,40282.78,665,31411.99,Unemployed,Single,Houston,Yes
APP-11564,2022-04-23,Female,41,50815.74,619,33189.35,Self-Employed,Single,Philadelphia,Yes
APP-12262,2022-11-25,Female,21,60313.01,730,61865.61,Retired,Married,Chicago,Yes
APP-10634,2023-02-24,Female,39,44963.57,740,43859.17,Self-Employed,Married,Philadelphia,No
APP-13074,2023-07-08,Male,35,29134.15,713,20204.11,Self-Employed,Single,San Antonio,Yes
APP-13040,2022-06-18,Male,28,71557.0,689,31552.47,Employed,Married,San Antonio,No
APP-11640,2022-06-17,Male,34,28242.08,681,10236.09,Employed,Single,Phoenix,Yes
APP-11290,2022-05-04,Female,34,57551.0,663,64300.813,Self-Employed,Married,Chicago,Yes
APP-12587,2022-05-21,Female,43,25379.0,694,22273.68,Employed,Divorced,Phoenix,Yes
APP-11380,2023-09-09,Male,49,50815.74,676,42977.59,Employed,Single,Philadelphia,Yes
APP-10579,2023-04-21,Male,43,27148.05,528,29903.14,Employed,Married,Phoenix,Yes
APP-10328,2022-03-02,Female,41,215907.27780000013,582,16034.66,Employed,Divorced,New York,Yes
APP-12029,2023-12-03,Female,41,99548.69,775,43712.31,Self-Employed,Single,Los Angeles,Yes
APP-10892,2022-08-23,Male,41,194201.8,737,20698.04,Employed,Single,Phoenix,No
APP-10780,2023-07-26,Other,36,68134.5,655,41494.91,Retired,Married,Phoenix,Yes
APP-11941,2023-06-17,Male,34,35833.3,650,46575.21,Self-Employed,Married,New York,Yes
APP-10159,2022-04-24,Female,49,106569.09,632,19972.82,Employed,Married,Philadelphia,Yes
APP-12366,2022-10-14,Male,55,48259.48,681,29381.27,Employed,Married,Los Angeles,Yes
APP-12043,2022-05-01,Male,33,96475.52,764,18303.87,Employed,Single,Phoenix,Yes
APP-12574,2023-06-19,Female,41,20747.0,741,23089.61,Retired,Married,Houston,Yes
APP-10061,2023-09-23,Male,36,28962.93,702,14264.28,Employed,Married,Phoenix,Yes
APP-10849,2023-07-27,Female,19,200987.0,681,34587.22,Employed,Divorced,Philadelphia,No
APP-12416,2022-01-20,Male,19,24167.89,545,43169.69,Employed,Single,San Diego,Yes
APP-11596,2023-11-16,Male,38,37214.25,451,22294.97,Employed,Married,Phoenix,Yes
APP-11776,2023-04-09,Female,36,55486.0,681,27349.19,Self-Employed,Married,Philadelphia,No
APP-11043,2022-08-12,Female,40,21832.41,581,36261.45,Employed,Married,Phoenix,Yes
APP-12760,2023-07-15,Male,36,211012.0,769,27103.27,Self-Employed,Single,San Diego,Yes
APP-11544,2022-05-20,Female,37,49855.66,753,25758.47,Employed,Married,Houston,No
APP-12208,2023-09-22,Female,40,86539.37,744,14646.65,Retired,Single,Phoenix,Yes
APP-11999,2022-01-05,Male,27,24573.0,751,15661.29,Self-Employed,Single,Philadelphia,Yes
APP-11070,2023-06-05,Female,26,27630.37,679,64300.813,Employed,Single,Chicago,Yes
APP-10053,2022-05-29,Female,51,40290.0,618,30120.88,Employed,Single,San Diego,No
APP-13197,2023-04-01,Female,26,37553.78,654,37253.07,Employed,Single,Los Angeles,No
APP-12699,2023-09-14,Male,65,50815.74,627,40235.22,Employed,Divorced,Houston,No
APP-11797,2022-01-26,Female,54,66424.14,760,19960.66,Employed,Single,San Antonio,Yes
APP-10505,2022-11-12,Female,40,215907.27780000013,665,39708.94,Employed,Divorced,Chicago,Yes
APP-10752,2022-08-21,Male,37,25598.75,723,28348.85,Self-Employed,Married,Phoenix,Yes
APP-12238,2022-09-04,Male,44,50815.74,680,28900.65,Employed,Single,San Diego,Yes
APP-10217,2022-06-02,Female,45,33471.05,697,40235.1,Employed,Single,San Antonio,Yes
APP-10824,2022-09-22,Male,38,26245.31,686,33196.15,Employed,Single,Philadelphia,Yes
APP-11885,2022-05-14,Female,30,40353.0,666,36382.01,Employed,Married,San Diego,Yes
APP-13175,2022-01-28,Male,32,47005.0,752,12345.0,Self-Employed,Married,San Diego,Yes
APP-13042,2023-12-22,Male,54,152299.69,660,23454.09,Employed,Single,New York,No
APP-11389,2023-05-17,Female,41,50815.74,662,44568.41,Employed,Single,Los Angeles,Yes
APP-11266,2023-03-19,Female,51,68239.74,669,30128.13,Employed,Married,Houston,No
APP-12727,2023-06-04,Female,39,59797.95,640,15048.39,Employed,Married,San Antonio,Yes
APP-12196,2022-03-18,Female,48,30445.81,630,20585.94,Self-Employed,Single,Chicago,Yes
APP-11598,2023-09-08,Male,33,92248.56,596,27932.13,Self-Employed,Married,Los Angeles,No
APP-12270,2022-01-30,Male,22,55588.0,671,26450.45,Employed,Divorced,Phoenix,Yes
APP-11607,2023-05-05,Female,38,50815.74,742,22846.38,Self-Employed,Single,New York,Yes
APP-12069,2023-05-03,Male,19,133798.5,679,41588.18,Self-Employed,Married,Los Angeles,Yes
APP-10771,2022-09-30,Other,41,28433.45,685,19832.47,Employed,Married,San Diego,Yes
APP-13053,2023-10-15,Male,48,75956.0,774,28348.85,Unemployed,Single,New York,Yes
APP-11176,2022-04-04,Male,32,41645.04,718,27435.34,Retired,Single,Philadelphia,Yes
APP-12970,2022-09-13,Female,30,51342.41,664,21382.67,Employed,Married,San Antonio,Yes
APP-11868,2022-04-13,Male,41,56437.45,644,30188.4,Employed,Married,San Antonio,Yes
APP-11085,2023-08-21,Female,58,42808.41,674,18590.2,Retired,Single,San Antonio,Yes
APP-12269,2022-05-14,Male,47,37412.0,708,39876.07,Employed,Divorced,New York,Yes
APP-11902,2022-05-17,Male,51,98086.92,681,22382.19,Self-Employed,Single,Phoenix,No
APP-11325,2022-01-27,Male,43,50815.74,596,28348.85,Employed,Single,Phoenix,Yes
APP-12350,2022-10-21,Male,60,20622.74,720,39348.38,Self-Employed,Married,Houston,Yes
APP-11929,2022-01-23,Female,41,22008.0,600,28348.85,Employed,Married,San Antonio,Yes
APP-10806,2023-09-20,Male,25,81852.62,664,41404.66,Employed,Single,San Antonio,Yes
APP-12033,2023-03-21,Male,33,45236.39,724,20514.77,Self-Employed,Married,San Antonio,Yes
APP-11403,2023-10-10,Male,50,58432.3,752,33678.18,Unemployed,Married,Houston,Yes
APP-10075,2022-08-02,Male,22,30436.52,681,28348.85,Unemployed,Married,Los Angeles,Yes
APP-10371,2023-02-16,Female,26,22024.0,655,14573.22,Self-Employed,Married,Phoenix,Yes
APP-12367,2023-10-24,Female,45,36232.0,708,28348.85,Unemployed,Single,Phoenix,Yes
APP-12746,2022-01-18,Female,35,42507.0,663,34924.0,Employed,Married,Phoenix,Yes
APP-11163,2023-05-09,Male,26,46114.0,625,28147.72,Unemployed,Married,Los Angeles,Yes
APP-10963,2023-09-08,Male,19,62277.67,781,17644.35,Employed,Married,Los Angeles,No
APP-10816,2023-05-17,Male,43,57296.0,670,30099.36,Employed,Married,Chicago,Yes
APP-10398,2022-12-15,Male,40,21378.0,681,36572.73,Self-Employed,Married,New York,No
APP-10584,2022-05-23,Male,49,88638.0,630,21623.53,Employed,Married,Phoenix,Yes
APP-10948,2022-09-26,Female,54,101631.02,784,27394.15,Self-Employed,Married,New York,No
APP-10704,2022-04-08,Male,33,50815.74,650,25731.57,Retired,Divorced,San Antonio,No
APP-10431,2022-10-02,Male,63,33268.0,749,13295.24,Self-Employed,Married,New York,No
APP-11688,2022-10-09,Female,50,93575.01,796,22596.79,Employed,Single,New York,Yes
APP-10292,2023-09-21,Male,53,37586.21,714,22404.27,Employed,Married,San Diego,No
APP-10145,2022-11-23,Male,38,35833.13,637,14738.29,Self-Employed,Married,Houston,Yes
APP-10323,2022-03-08,Female,54,69933.43,685,43189.86,Employed,Married,New York,No
APP-12864,2022-10-17,Male,27,30646.56,681,45079.0,Self-Employed,Single,Chicago,Yes
APP-12339,2023-02-23,Male,38,49114.0,710,31004.41,Self-Employed,Married,Phoenix,No
APP-11165,2023-07-04,Male,40,56225.53,696,28143.5,Employed,Married,Philadelphia,Yes
APP-11452,2022-09-18,Male,30,119956.06,674,28348.85,Employed,Single,San Diego,Yes
APP-10002,2023-12-28,Female,40,28128.95,711,39897.19,Self-Employed,Married,Philadelphia,No
APP-11712,2023-11-10,Female,51,61192.0,681,15263.0,Employed,Married,Phoenix,Yes
APP-12618,2022-06-28,Male,38,62828.0,531,21767.35,Unemployed,Single,New York,Yes
APP-10339,2022-12-23,Male,31,108639.79,620,40515.84,Employed,Married,Phoenix,Yes
APP-11382,2023-04-21,Female,45,55294.62,732,32804.13,Employed,Married,San Antonio,Yes
APP-11963,2022-02-07,Male,45,71297.0,683,21429.76,Unemployed,Single,Philadelphia,Yes
APP-10925,2023-12-25,Female,31,105498.25,709,35997.67,Employed,Married,Phoenix,Yes
APP-10265,2023-01-29,Female,37,56929.0,757,18783.49,Retired,Married,San Antonio,Yes
APP-10376,2022-01-09,Male,46,25271.0,650,48239.28,Self-Employed,Married,Philadelphia,Yes
APP-12595,2023-12-04,Female,49,108573.15,714,21956.3,Retired,Divorced,Philadelphia,No
APP-11771,2023-11-10,Female,42,55414.9,578,28348.85,Self-Employed,Married,San Antonio,Yes
APP-11463,2022-04-20,Male,46,35954.0,716,26581.0,Self-Employed,Divorced,Chicago,Yes
APP-10271,2022-01-19,Male,31,93004.59,817,37869.22,Employed,Divorced,San Antonio,Yes
APP-10696,2022-07-22,Female,51,84895.0,557,41076.5,Employed,Single,Philadelphia,Yes
APP-13161,2023-12-19,Male,32,53187.0,780,12345.0,Employed,Married,Phoenix,Yes
APP-10244,2023-07-09,Male,30,28716.0,744,17102.25,Employed,Married,San Diego,Yes
APP-13114,2023-10-10,Male,47,70472.0,630,28461.47,Employed,Single,Chicago,Yes
APP-10476,2022-11-21,Male,47,83613.0,682,23116.77,Employed,Single,Los Angeles,No
APP-12825,2023-12-20,Male,52,43071.2,693,29940.25,Employed,Married,Chicago,Yes
APP-12086,2022-04-21,Male,40,206054.53,697,35600.87,Employed,Married,Philadelphia,Yes
APP-10813,2022-04-28,Male,38,45785.91,670,23090.03,Retired,Married,Los Angeles,Yes
APP-12083,2022-05-26,Female,43,61590.27,669,52926.56,Self-Employed,Single,Los Angeles,No
APP-11914,2023-02-26,Female,47,112533.54,646,16387.67,Employed,Married,Phoenix,Yes
APP-12071,2022-02-16,Female,34,112591.0,768,28348.85,Employed,Single,Phoenix,Yes
APP-12807,2022-11-12,Female,56,44609.0,790,19390.61,Self-Employed,Married,Phoenix,Yes
APP-13083,2023-07-09,Female,46,45770.36,749,11633.4,Retired,Married,San Diego,Yes
APP-10164,2022-12-02,Male,38,54106.11,849,36503.44,Employed,Married,San Diego,Yes
APP-11164,2023-06-10,Female,43,20563.84,671,23827.16,Retired,Married,San Antonio,Yes
APP-11804,2023-08-01,Male,31,108726.55,825,41786.72,Employed,Divorced,Los Angeles,No
APP-12406,2022-04-18,Male,32,27187.81,689,25171.46,Self-Employed,Single,Houston,Yes
APP-10250,2023-12-12,Male,43,86485.61,708,20129.11,Unemployed,Single,San Diego,No
APP-10413,2023-02-03,Male,38,102468.56,618,30936.38,Self-Employed,Single,Phoenix,Yes
APP-10545,2022-02-26,Female,40,71655.63,715,20274.75,Employed,Married,Houston,Yes
APP-11193,2022-02-25,Male,42,41785.37,755,18924.35,Employed,Married,Houston,Yes
APP-10738,2023-09-03,Male,40,71389.59,734,45620.78,Self-Employed,Married,New York,No
APP-12516,2022-08-02,Male,38,43609.08,702,40350.04,Retired,Married,San Diego,Yes
APP-10893,2023-08-07,Female,35,141934.0,604,33178.09,Self-Employed,Married,San Antonio,Yes
APP-11131,2023-01-29,Male,60,49917.17,690,36124.37,Unemployed,Single,San Diego,No
APP-11449,2023-12-08,Female,33,70710.0,606,24078.85,Unemployed,Divorced,San Diego,Yes
APP-11658,2022-05-14,Female,37,116348.0,594,28348.85,Self-Employed,Single,San Diego,Yes
APP-10015,2023-03-21,Female,32,80787.0,597,37563.77,Employed,Divorced,San Diego,No
APP-12218,2022-08-04,Female,25,34244.67,585,14516.24,Employed,Single,Chicago,No
APP-10721,2022-12-29,Female,33,210745.0,681,46797.2,Employed,Divorced,Chicago,Yes
APP-11420,2023-02-13,Female,36,50815.74,641,64300.813,Self-Employed,Married,Philadelphia,Yes
APP-12914,2023-10-25,Male,33,24756.0,789,27473.93,Unemployed,Single,San Diego,Yes
APP-10981,2023-02-03,Female,38,83984.77,633,26140.79,Self-Employed,Married,Philadelphia,No
APP-12334,2023-10-19,Female,38,97284.4,661,24783.66,Employed,Single,San Antonio,No
APP-11539,2023-07-03,Male,23,91824.67,681,17565.71,Employed,Single,San Antonio,Yes
APP-12800,2023-08-17,Male,37,32205.87,757,21921.95,Employed,Single,New York,Yes
APP-11911,2022-10-20,Female,39,90252.09,630,37919.03,Unemployed,Married,San Antonio,Yes
APP-11550,2022-09-03,Female,30,140375.07,805,22251.26,Employed,Married,San Diego,No
APP-12677,2022-10-10,Male,49,35928.0,712,14359.85,Employed,Married,Phoenix,Yes
APP-10363,2022-08-31,Female,51,26813.06,766,18850.77,Employed,Divorced,New York,Yes
APP-10982,2023-04-21,Male,36,50815.74,734,40262.52,Unemployed,Married,Phoenix,Yes
APP-10182,2022-09-02,Female,41,21235.46,584,23804.51,Employed,Married,San Diego,Yes
APP-10985,2022-08-17,Male,23,61365.01,634,29270.94,Employed,Divorced,Los Angeles,Yes
APP-12289,2023-02-12,Female,35,126677.51,714,23548.43,Employed,Married,New York,Yes
APP-11194,2022-08-26,Female,34,50815.74,604,27824.21,Employed,Divorced,New York,Yes
APP-12114,2022-07-16,Male,37,69344.28,545,28348.85,Self-Employed,Single,Philadelphia,Yes
APP-12057,2022-11-27,Male,25,32904.76,653,27340.77,Employed,Single,New York,Yes
APP-11121,2022-10-10,Male,53,50815.74,850,57801.06,Employed,Married,Los Angeles,Yes
APP-12973,2023-12-17,Male,19,30004.0,647,19453.71,Employed,Divorced,San Diego,Yes
APP-10187,2023-01-24,Female,42,52361.89,761,21570.15,Self-Employed,Married,Phoenix,Yes
APP-10619,2022-10-23,Male,38,95983.0,657,25640.29,Employed,Single,New York,Yes
APP-11992,2023-08-30,Male,30,21919.27,613,12883.75,Employed,Divorced,Philadelphia,No
APP-11175,2023-12-20,Female,33,56642.0,784,44488.97,Employed,Married,San Antonio,Yes
APP-11182,2022-05-26,Male,26,48605.07,552,22609.99,Employed,Single,Phoenix,Yes
APP-12637,2022-08-31,Male,19,29016.7,611,59436.36,Retired,Married,Phoenix,Yes
APP-12440,2022-10-18,Female,34,98237.98,567,24604.18,Self-Employed,Married,New York,Yes
APP-10614,2022-03-03,Female,21,79475.86,817,61704.69,Employed,Single,Philadelphia,Yes
APP-11513,2023-02-02,Female,44,79834.0,681,28348.85,Employed,Single,Phoenix,No
APP-11466,2022-04-01,Female,28,27307.26,736,11855.41,Employed,Single,Philadelphia,Yes
APP-10401,2022-02-08,Female,45,36033.0,563,29448.03,Self-Employed,Married,Chicago,Yes
APP-10994,2022-07-06,Male,51,24272.1,638,33545.95,Self-Employed,Married,Philadelphia,Yes
APP-10934,2022-05-23,Female,40,64877.39,657,37577.49,Employed,Single,Phoenix,Yes
APP-13018,2023-05-24,Male,41,22661.26,721,40201.78,Employed,Married,Los Angeles,No
APP-12401,2022-08-04,Male,36,34909.49,681,40014.74,Employed,Married,Los Angeles,Yes
APP-10593,2022-01-10,Male,40,29076.84,719,51995.62,Employed,Married,Chicago,Yes
APP-12194,2022-09-11,Male,59,20699.6,533,15757.15,Self-Employed,Single,Los Angeles,Yes
APP-10726,2022-08-29,Male,43,82389.38,620,27548.7,Unemployed,Married,Chicago,No
APP-10826,2023-12-19,Female,37,179184.44,681,22121.95,Self-Employed,Single,New York,Yes
APP-11521,2022-05-21,Female,34,76257.92,696,24108.18,Self-Employed,Married,Phoenix,Yes
APP-12256,2022-03-05,Male,38,32821.45,561,47972.16,Self-Employed,Married,Phoenix,Yes
APP-10687,2023-06-28,Male,29,155777.21,736,10862.91,Employed,Single,San Antonio,No
APP-12456,2023-03-24,Female,61,26558.06,764,44002.84,Employed,Married,San Diego,Yes
APP-10136,2023-12-29,Female,37,123735.0,671,28348.85,Employed,Married,Philadelphia,No
APP-12707,2022-04-02,Male,39,74206.0,735,12785.82,Employed,Single,San Diego,Yes
APP-10628,2022-09-20,Other,38,80529.02,741,28324.09,Self-Employed,Married,New York,Yes
APP-10334,2023-03-05,Female,31,56633.48,681,27409.1,Self-Employed,Married,Philadelphia,Yes
APP-11805,2023-06-13,Male,55,39085.1,664,13204.4,Self-Employed,Married,San Diego,Yes
APP-10390,2023-10-12,Male,39,76045.73,592,36596.33,Self-Employed,Single,Phoenix,Yes
APP-11109,2023-03-22,Male,38,54783.0,650,35049.93,Employed,Married,Los Angeles,No
APP-12940,2023-04-13,Male,28,80127.0,668,17078.93,Employed,Married,San Antonio,No
APP-11817,2022-01-24,Female,24,25268.02,681,20280.61,Self-Employed,Married,San Diego,No
APP-12357,2022-04-24,Male,35,49656.0,659,20356.1,Employed,Single,Chicago,Yes
APP-12985,2023-07-02,Male,44,20838.0,574,33761.87,Employed,Married,New York,No
APP-10710,2023-07-07,Male,43,61169.0,658,50897.61,Unemployed,Single,Chicago,Yes
APP-11039,2022-08-10,Female,45,73963.45,659,40458.16,Self-Employed,Single,Philadelphia,No
APP-12179,2022-04-11,Male,19,42259.12,651,25278.22,Retired,Married,Los Angeles,No
APP-12162,2023-04-18,Male,38,24189.03,610,31600.13,Employed,Married,Chicago,Yes
APP-12871,2022-10-14,Female,47,36502.02,683,41815.4,Employed,Single,Chicago,No
APP-11561,2023-07-07,Female,47,50815.74,570,13605.94,Self-Employed,Married,Chicago,Yes
APP-12881,2022-03-04,Male,26,27094.59,829,34269.32,Retired,Single,San Diego,Yes
APP-13051,2022-05-22,Male,38,50815.74,758,22183.61,Self-Employed,Married,New York,Yes
APP-11945,2023-05-20,Female,39,94752.14,649,28348.85,Employed,Married,New York,Yes
APP-11594,2022-12-23,Male,28,50815.74,633,23012.44,Employed,Single,Chicago,Yes
APP-13150,2022-06-02,Male,60,109104.5,834,35117.62,Employed,Married,Chicago,Yes
APP-12788,2023-08-12,Female,53,28209.0,625,27679.73,Unemployed,Single,Phoenix,Yes
APP-11112,2022-03-29,Female,30,109946.0,637,14249.59,Employed,Married,Los Angeles,Yes
APP-10465,2022-10-06,Male,41,44462.09,677,25086.71,Unemployed,Married,San Antonio,Yes
APP-11560,2023-10-11,Female,48,57331.74,826,34070.4,Employed,Single,Chicago,No
APP-11223,2023-08-21,Male,28,60786.41,663,47926.97,Self-Employed,Married,Philadelphia,Yes
APP-12384,2022-07-19,Female,25,50815.74,687,39524.72,Unemployed,Married,Philadelphia,Yes
APP-13047,2022-09-12,Male,45,27607.01,637,24703.05,Self-Employed,Divorced,San Diego,Yes
APP-11508,2023-03-08,Male,36,118703.23,564,26763.63,Employed,Married,New York,Yes
APP-11750,2022-11-06,Female,41,100750.54,749,26862.52,Employed,Married,Houston,Yes
APP-11104,2022-12-30,Male,47,27387.0,673,28348.85,Employed,Single,Philadelphia,No
APP-10660,2023-11-30,Male,61,31016.3,669,20421.51,Self-Employed,Single,New York,Yes
APP-12014,2022-02-22,Female,41,37373.32,681,20614.76,Employed,Married,Phoenix,Yes
APP-12972,2022-02-01,Male,38,72268.64,665,38524.22,Self-Employed,Single,San Diego,Yes
APP-10338,2023-06-04,Male,25,30710.0,744,45916.82,Unemployed,Single,Phoenix,Yes
APP-10215,2022-07-19,Male,47,42145.68,685,17877.87,Unemployed,Married,Chicago,Yes
APP-11615,2023-01-26,Male,29,20168.06,741,14575.26,Employed,Married,Philadelphia,Yes
APP-11341,2023-02-15,Male,38,146485.34,552,19679.89,Employed,Married,New York,Yes
APP-12782,2023-06-13,Female,38,102690.0,725,22334.53,Employed,Married,San Antonio,Yes
APP-12607,2022-12-21,Male,41,50815.74,794,28348.85,Self-Employed,Married,San Diego,No
APP-13105,2023-09-07,Male,22,50815.74,799,22971.72,Employed,Single,San Diego,Yes
APP-12586,2023-06-28,Female,22,21721.43,584,18586.69,Employed,Married,New York,Yes
APP-12312,2022-07-14,Male,51,40463.69,700,36946.46,Employed,Single,San Diego,Yes
APP-12248,2023-09-25,Male,48,55327.05,743,20409.02,Retired,Married,San Antonio,Yes
APP-10101,2022-05-14,Female,51,27569.0,700,51321.79,Employed,Married,Phoenix,No
APP-13046,2023-05-07,Male,38,24806.0,816,28348.85,Self-Employed,Single,New York,Yes
APP-10171,2023-05-07,Male,46,20955.48,627,29205.45,Unemployed,Single,Philadelphia,Yes
APP-10107,2022-12-20,Female,34,30394.52,620,25243.83,Employed,Married,Houston,No
APP-12332,2023-02-04,Male,40,27748.74,693,35723.6,Employed,Married,Los Angeles,Yes
APP-12442,2023-10-25,Female,38,33789.0,699,23024.85,Self-Employed,Married,Chicago,No
APP-12223,2023-11-16,Male,51,56348.85,777,46234.3,Employed,Married,New York,Yes
APP-12260,2022-02-15,Male,40,29297.0,847,54216.13,Unemployed,Married,Los Angeles,Yes
APP-12230,2022-07-22,Male,43,98477.78,574,28348.85,Employed,Single,San Antonio,Yes
APP-12605,2022-03-28,Female,39,70699.0,578,22527.22,Employed,Divorced,Phoenix,Yes
APP-12590,2022-06-28,Female,51,34675.14,681,25653.84,Employed,Married,Philadelphia,Yes
APP-12994,2023-02-25,Male,52,148144.0,523,17669.99,Unemployed,Married,San Antonio,No
APP-11040,2022-03-03,Male,28,33765.79,618,25971.22,Unemployed,Married,Los Angeles,No
APP-11524,2023-01-04,Male,36,37682.08,624,33428.33,Employed,Single,Los Angeles,No
APP-12834,2022-07-03,Female,32,95635.19,597,37716.17,Employed,Married,Chicago,Yes
APP-10481,2023-02-09,Female,41,24913.31,725,35399.46,Retired,Married,Phoenix,No
APP-12364,2022-04-22,Female,61,48233.0,547,11610.27,Unemployed,Married,Phoenix,No
APP-12459,2022-12-30,Female,21,92078.0,576,33280.39,Employed,Divorced,Chicago,Yes
APP-11762,2023-07-18,Male,38,83209.0,637,58894.54,Employed,Married,Los Angeles,Yes
APP-12711,2022-01-03,Male,36,57980.89,647,31885.29,Employed,Married,Houston,Yes
APP-12812,2023-01-10,Male,24,32032.0,684,34640.68,Employed,Divorced,Chicago,No
APP-12299,2022-06-27,Female,44,48392.33,672,25296.59,Retired,Married,Los Angeles,Yes
APP-10405,2022-12-11,Female,35,22449.0,733,42692.76,Self-Employed,Single,Houston,Yes
APP-10757,2022-09-13,Male,26,28328.32,796,31453.09,Employed,Single,San Antonio,No
APP-12175,2022-01-24,Female,38,67463.32,758,32458.71,Employed,Married,San Antonio,Yes
APP-10097,2022-04-12,Female,35,39013.21,696,19565.33,Self-Employed,Married,San Diego,Yes
APP-11333,2023-02-03,Female,41,50815.74,691,30388.65,Employed,Divorced,Houston,No
APP-12642,2022-11-09,Male,33,56797.27,768,43312.68,Employed,Single,Houston,Yes
APP-13066,2022-06-19,Female,64,100217.0,742,28348.85,Employed,Married,New York,Yes
APP-12374,2022-05-31,Male,36,37883.0,711,20547.23,Employed,Married,Philadelphia,No
APP-12058,2023-09-21,Male,31,129858.0,512,41094.66,Retired,Married,Philadelphia,Yes
APP-13199,2023-03-28,Female,27,78958.72,685,29378.99,Self-Employed,Married,Philadelphia,Yes
APP-10148,2022-03-05,Female,52,37025.83,666,28348.85,Self-Employed,Married,Phoenix,Yes
APP-10028,2023-07-15,Male,23,41347.0,697,53993.96,Self-Employed,Married,Chicago,Yes
APP-12273,2022-03-11,Female,35,47459.17,607,25801.33,Employed,Married,Chicago,Yes
APP-12314,2022-12-22,Female,31,29430.0,752,28348.85,Unemployed,Married,San Antonio,Yes
APP-10692,2023-10-19,Female,29,44841.41,781,32701.18,Employed,Married,New York,No
APP-11386,2022-10-07,Male,40,39910.42,532,25747.95,Employed,Married,Chicago,Yes
APP-11845,2022-01-14,Female,48,24416.0,636,35997.72,Employed,Single,Los Angeles,Yes
APP-11599,2022-06-26,Female,49,110422.0,649,50024.54,Employed,Divorced,Chicago,No
APP-10701,2022-11-23,Male,34,41694.47,571,38483.02,Employed,Divorced,San Diego,Yes
APP-11708,2022-08-21,Female,31,54877.75,703,48108.39,Employed,Single,Phoenix,Yes
APP-10454,2023-12-10,Male,38,50815.74,710,21339.99,Unemployed,Single,Phoenix,No
APP-12040,2023-03-23,Male,27,27979.78,643,31277.96,Employed,Single,Chicago,No
APP-12323,2022-09-17,Male,21,48323.0,625,35400.66,Employed,Married,Phoenix,Yes
APP-10609,2023-01-16,Female,19,22934.49,620,25414.92,Employed,Single,Houston,Yes
APP-10167,2023-04-14,Male,44,135170.83,552,28348.85,Employed,Married,San Diego,Yes
APP-10730,2022-11-14,Female,40,41815.77,698,50967.13,Employed,Single,Chicago,Yes
APP-12394,2022-07-10,Male,50,156975.0,615,49514.44,Employed,Married,Philadelphia,No
APP-12971,2022-05-21,Male,63,123249.0,687,24387.07,Retired,Single,Philadelphia,No
APP-11622,2022-05-05,Female,34,24099.0,618,32405.09,Unemployed,Married,San Antonio,Yes
APP-10587,2023-06-26,Male,48,74020.41,656,28348.85,Employed,Single,New York,No
APP-11401,2022-12-19,Female,52,63413.0,665,13498.58,Unemployed,Married,Houston,No
APP-11700,2023-08-26,Male,33,41872.77,681,22747.9,Employed,Married,Phoenix,Yes
APP-12424,2023-08-19,Male,71,135235.0,611,32198.03,Employed,Single,Houston,Yes
APP-12621,2022-01-16,Male,47,35095.0,716,33505.87,Employed,Married,San Diego,No
APP-11379,2022-08-14,Male,39,112471.11,755,15366.31,Retired,Married,New York,Yes
APP-12089,2022-06-07,Male,22,75829.0,669,16824.36,Employed,Single,New York,Yes
APP-12409,2023-05-02,Male,24,167403.94,737,10156.32,Employed,Single,San Diego,Yes
APP-12321,2022-01-24,Male,40,50815.74,594,27088.67,Retired,Married,Philadelphia,Yes
APP-10441,2022-08-31,Male,20,50815.74,838,29466.33,Self-Employed,Married,Philadelphia,Yes
APP-12051,2022-10-12,Female,47,44972.38,687,23022.14,Employed,Married,Los Angeles,Yes
APP-11301,2023-06-09,Male,25,38320.95,647,21243.01,Employed,Married,Houston,No
APP-12810,2023-11-04,Female,21,50815.74,681,20466.9,Self-Employed,Married,San Antonio,Yes
APP-11304,2023-09-15,Female,38,104817.0,694,24507.62,Retired,Single,San Diego,Yes
APP-10236,2022-10-26,Male,49,115210.82,691,32808.85,Self-Employed,Single,San Antonio,No
APP-10520,2022-07-28,Male,32,36380.02,735,36342.59,Unemployed,Married,Chicago,Yes
APP-10735,2023-10-02,Female,45,45545.0,706,21047.81,Employed,Married,Phoenix,No
APP-12937,2023-06-06,Female,47,30374.55,676,21571.59,Employed,Single,New York,No
APP-12106,2022-04-21,Male,40,33633.27,707,21119.85,Self-Employed,Married,San Antonio,No
APP-10592,2023-09-17,Male,45,50815.74,785,24807.93,Retired,Married,San Diego,Yes
APP-11303,2022-01-03,Male,44,78751.7,799,28348.85,Employed,Single,Chicago,No
APP-11387,2023-02-22,Male,41,50815.74,696,22309.59,Self-Employed,Married,Phoenix,Yes
APP-13098,2022-03-15,Male,38,72945.46,793,35343.4,Self-Employed,Married,New York,No
APP-12470,2022-09-21,Female,47,99777.15,672,26889.84,Employed,Married,Phoenix,Yes
APP-13088,2023-08-02,Male,38,25681.34,727,23139.72,Employed,Married,Philadelphia,Yes
APP-10904,2023-01-15,Female,48,213147.0,757,41887.55,Self-Employed,Divorced,Houston,Yes
APP-12815,2022-12-09,Male,50,47557.66,666,30612.21,Unemployed,Single,San Antonio,Yes
APP-11279,2023-05-03,Male,38,99517.72,831,28348.85,Unemployed,Divorced,Los Angeles,Yes
APP-12655,2022-07-26,Female,38,68372.0,681,28348.85,Self-Employed,Married,Los Angeles,Yes
APP-13182,2023-03-03,Male,34,62204.6,750,27119.14,Employed,Divorced,Chicago,Yes
APP-11076,2023-03-02,Male,52,33903.48,654,32944.7,Employed,Single,Los Angeles,Yes
APP-12726,2023-07-11,Female,34,39540.0,580,10789.26,Retired,Married,New York,No
APP-12634,2023-06-17,Other,37,24531.0,806,20201.28,Unemployed,Single,Phoenix,No
APP-10706,2022-10-15,Male,38,98520.87,681,28033.54,Self-Employed,Married,Philadelphia,No
APP-12923,2022-10-10,Male,57,44741.4,791,32835.75,Employed,Single,Houston,No
APP-10745,2023-03-17,Female,24,31808.0,738,23191.29,Employed,Divorced,Los Angeles,No
APP-11939,2022-07-31,Male,28,50815.74,671,22228.95,Employed,Married,Chicago,Yes
APP-13192,2022-04-01,Female,49,37795.06,610,33383.97,Employed,Married,Houston,Yes
APP-10081,2023-03-11,Female,32,106144.0,804,49596.41,Self-Employed,Single,Philadelphia,Yes
APP-11308,2022-07-05,Male,24,74276.0,611,64300.813,Unemployed,Single,Houston,Yes
APP-12759,2022-12-01,Female,33,51773.71,681,22922.95,Employed,Married,San Antonio,Yes
APP-10914,2023-02-16,Male,51,44629.0,774,27606.64,Employed,Married,Houston,No
APP-13055,2022-10-26,Female,33,47733.9,707,36302.28,Unemployed,Single,New York,Yes
APP-10774,2022-02-04,Female,37,23782.0,691,43471.73,Employed,Married,San Diego,Yes
APP-10329,2023-04-01,Male,38,111777.39,708,21987.42,Unemployed,Married,San Diego,Yes
APP-12054,2022-10-11,Female,26,49643.28,748,24929.59,Employed,Single,Phoenix,Yes
APP-12001,2022-10-06,Male,30,38550.22,729,20716.35,Employed,Single,Houston,Yes
APP-10943,2023-06-25,Female,19,50815.74,649,52974.29,Employed,Single,Los Angeles,Yes
APP-10822,2023-07-22,Male,52,133758.97,681,55084.39,Employed,Single,San Diego,No
APP-10909,2023-04-03,Other,55,34663.0,690,34947.51,Employed,Married,Houston,No
APP-10181,2022-09-16,Male,29,20570.44,627,36853.92,Employed,Divorced,Phoenix,Yes
APP-11523,2022-04-26,Male,36,101397.19,716,19231.29,Self-Employed,Married,San Diego,Yes
APP-10451,2022-09-25,Female,38,103926.02,636,28295.76,Employed,Single,Los Angeles,No
APP-11311,2022-11-28,Female,38,42887.0,762,26892.71,Self-Employed,Married,Chicago,Yes
APP-11111,2022-05-29,Female,50,53081.2,828,17461.17,Employed,Single,San Diego,No
APP-12756,2023-03-23,Male,61,71805.13,649,20656.52,Retired,Married,San Diego,No
APP-11287,2023-11-18,Male,62,23596.26,617,13921.86,Employed,Married,Los Angeles,Yes
APP-10327,2023-10-14,Female,41,93799.2,681,26324.83,Self-Employed,Single,San Antonio,No
APP-11790,2023-11-01,Male,29,93962.29,590,18019.42,Employed,Married,Houston,No
APP-13162,2023-05-01,Other,19,30465.0,681,28409.49,Employed,Single,Houston,Yes
APP-12007,2023-05-23,Female,36,109460.2,631,36286.11,Employed,Married,Houston,No
APP-11858,2022-11-13,Male,41,54132.0,782,39900.56,Retired,Married,Philadelphia,Yes
APP-10312,2022-05-11,Male,56,86161.11,681,15471.35,Retired,Married,Chicago,Yes
APP-10832,2022-12-25,Male,49,50552.0,648,36401.15,Employed,Married,Los Angeles,Yes
APP-11201,2023-07-26,Male,44,39860.92,612,29763.25,Employed,Divorced,Chicago,Yes
APP-12563,2022-02-07,Male,49,20100.0,719,22364.92,Employed,Married,San Antonio,Yes
APP-12181,2022-01-19,Male,30,41224.0,657,35199.58,Self-Employed,Single,Phoenix,No
APP-12134,2022-02-28,Female,30,179908.29,655,29750.55,Unemployed,Single,New York,Yes
APP-13147,2023-07-25,Male,63,119505.34,756,21083.16,Self-Employed,Married,Phoenix,Yes
APP-11481,2022-09-23,Male,37,24395.0,736,38357.22,Employed,Married,San Diego,No
APP-10777,2023-07-25,Female,47,50815.74,725,20984.47,Employed,Married,San Diego,Yes
APP-10799,2023-09-01,Female,21,65300.23,638,32130.49,Self-Employed,Divorced,Chicago,No
APP-10054,2023-09-01,Female,44,27808.63,705,15361.3,Unemployed,Single,San Antonio,No
APP-11920,2023-10-09,Male,42,40195.52,738,30124.59,Employed,Married,San Diego,Yes
APP-12860,2023-02-26,Female,30,40262.61,681,12380.39,Retired,Single,San Diego,No
APP-12390,2023-01-20,Female,49,50815.74,783,28348.85,Employed,Married,San Diego,No
APP-11701,2023-09-25,Female,44,40838.0,681,33371.8,Self-Employed,Married,Philadelphia,Yes
APP-12161,2022-12-21,Male,55,96320.7,701,17046.63,Self-Employed,Single,Chicago,No
APP-13107,2023-09-26,Male,52,50752.38,579,50414.38,Self-Employed,Married,Chicago,Yes
APP-10987,2022-02-12,Female,55,57351.52,678,15277.35,Employed,Married,Philadelphia,No
APP-12819,2022-09-18,Female,64,110785.48,650,29422.49,Retired,Single,Chicago,No
APP-11394,2023-11-22,Female,45,40548.29,622,33886.83,Self-Employed,Married,San Antonio,No
APP-10768,2022-01-29,Male,38,80225.55,577,23302.53,Employed,Divorced,San Antonio,No
APP-10285,2023-12-11,Male,38,48025.01,834,30082.95,Unemployed,Married,Chicago,No
APP-12920,2023-12-11,Male,32,164141.5,692,23293.31,Unemployed,Married,Philadelphia,Yes
APP-12079,2023-12-26,Male,19,50815.74,588,37781.36,Employed,Married,New York,Yes
APP-10722,2022-03-03,Female,38,63829.75,624,43547.92,Employed,Single,Phoenix,Yes
APP-10951,2023-02-07,Male,26,156398.71,697,16877.76,Employed,Married,San Antonio,No
APP-10989,2023-12-07,Male,36,36203.0,721,8389.05,Employed,Married,New York,Yes
APP-12249,2022-01-13,Male,37,64194.8,666,41896.01,Employed,Married,San Antonio,No
APP-10326,2023-02-07,Female,38,61643.0,636,43718.58,Employed,Single,San Antonio,Yes
APP-11383,2023-08-22,Male,19,115143.53,681,29047.63,Employed,Single,Phoenix,No
APP-11724,2022-12-15,Male,27,62373.74,774,28302.17,Self-Employed,Married,Phoenix,Yes
APP-11086,2023-09-26,Male,51,39057.0,694,36403.31,Self-Employed,Married,Phoenix,No
APP-10341,2023-11-26,Female,26,50815.74,705,24037.88,Unemployed,Married,Houston,Yes
APP-10147,2023-12-27,Female,44,50815.74,715,11677.28,Employed,Married,Phoenix,Yes
APP-12589,2022-11-06,Male,34,105977.0,666,43516.41,Retired,Married,Chicago,No
APP-11107,2023-05-26,Male,20,33431.0,591,27915.66,Employed,Divorced,Philadelphia,Yes
APP-10848,2022-06-21,Male,42,24046.0,670,28348.85,Retired,Married,Philadelphia,Yes
APP-10966,2022-06-21,Female,49,53707.0,704,27425.37,Self-Employed,Married,New York,Yes
APP-12725,2023-04-13,Male,44,55722.71,638,18311.29,Retired,Single,Philadelphia,Yes
APP-12203,2023-05-12,Male,29,59366.0,729,40630.12,Self-Employed,Married,Chicago,Yes
APP-10661,2022-01-01,Male,53,120358.74,652,21809.47,Employed,Married,Phoenix,No
APP-11002,2023-11-01,Female,42,75362.0,776,30092.96,Employed,Married,San Antonio,No
APP-12591,2023-11-23,Male,42,79878.76,718,37472.44,Employed,Single,Philadelphia,No
APP-12784,2023-07-24,Female,52,56328.95,676,31883.05,Employed,Married,Houston,Yes
APP-12938,2022-12-04,Male,33,80190.22,626,64300.813,Self-Employed,Single,New York,Yes
APP-11879,2023-11-04,Male,42,138350.15,680,30852.85,Employed,Single,San Diego,No
APP-13118,2022-12-20,Male,42,46658.4,725,31336.51,Employed,Married,Philadelphia,No
APP-11203,2023-06-01,Male,52,27327.34,701,40198.75,Retired,Married,Phoenix,No
APP-11990,2022-04-23,Male,45,46694.28,757,22875.75,Employed,Divorced,Phoenix,Yes
APP-10024,2022-09-27,Female,31,71695.86,733,61239.43,Employed,Married,Chicago,Yes
APP-13111,2023-07-28,Male,30,55123.0,771,60308.24,Unemployed,Single,San Antonio,No
APP-12246,2022-09-15,Male,41,25668.0,651,40257.09,Employed,Single,Philadelphia,Yes
APP-12303,2022-05-05,Male,39,92349.0,646,28892.97,Employed,Married,New York,Yes
APP-12548,2022-09-02,Other,47,179824.22,689,45980.3,Unemployed,Divorced,Chicago,Yes
APP-10875,2022-07-25,Male,19,50815.74,685,34218.24,Employed,Married,San Antonio,Yes
APP-12981,2023-06-01,Female,28,99704.66,673,28198.57,Employed,Married,Houston,Yes
APP-10938,2022-09-06,Female,34,93244.47,788,36663.71,Self-Employed,Single,San Antonio,Yes
APP-12772,2023-09-19,Male,39,50815.74,681,37370.59,Employed,Married,Chicago,Yes
APP-10419,2023-01-06,Female,37,61565.92,688,12345.0,Employed,Single,Philadelphia,Yes
APP-10385,2022-03-27,Male,35,23332.0,670,35666.16,Self-Employed,Married,San Diego,No
APP-12542,2022-07-01,Female,50,34633.61,593,18237.7,Employed,Married,Houston,Yes
APP-13178,2023-06-06,Male,41,50815.74,723,22984.17,Unemployed,Single,Phoenix,No
APP-12436,2022-05-11,Other,31,103702.0,664,28400.1,Unemployed,Married,Houston,Yes
APP-12315,2023-08-09,Male,40,89769.0,692,23509.54,Employed,Single,San Diego,Yes
APP-10936,2023-09-20,Male,59,27545.49,657,24347.7,Employed,Married,Houston,No
APP-12854,2022-03-17,Female,33,66642.96,730,31100.74,Employed,Married,New York,Yes
APP-11332,2023-08-11,Female,43,25361.01,662,24781.79,Retired,Married,Chicago,Yes
APP-11934,2022-06-09,Female,34,31593.56,631,59722.56,Employed,Single,Los Angeles,Yes
APP-10935,2023-09-29,Male,40,60999.34,568,48098.33,Employed,Married,Philadelphia,Yes
APP-10566,2023-09-12,Male,38,50815.74,686,23720.3,Employed,Married,Chicago,Yes
APP-11854,2022-07-03,Female,37,125259.93,828,21823.86,Unemployed,Married,Phoenix,No
APP-12682,2022-06-27,Male,45,63329.39,734,57972.67,Employed,Single,Philadelphia,No
APP-11645,2023-07-09,Male,41,107646.38,707,9599.57,Employed,Married,New York,Yes
APP-12349,2022-02-12,Male,34,31831.88,611,29468.48,Employed,Married,San Antonio,Yes
APP-11792,2022-07-08,Male,19,47196.0,674,20601.42,Employed,Single,New York,No
APP-11430,2022-07-20,Female,49,74020.42,645,35273.29,Unemployed,Married,New York,No
APP-12570,2022-04-01,Male,50,67152.77,568,36545.74,Employed,Married,San Antonio,No
APP-11013,2023-10-10,Male,36,52961.47,768,20401.13,Employed,Married,San Diego,No
APP-11928,2023-12-28,Female,41,22260.88,681,24933.15,Employed,Married,San Antonio,Yes
APP-12494,2023-11-14,Male,54,166693.34,634,19498.9,Unemployed,Single,New York,Yes
APP-10126,2023-11-08,Male,42,91079.14,713,23890.56,Employed,Single,San Diego,Yes
APP-12320,2023-05-31,Male,42,31072.47,681,52214.38,Employed,Married,Philadelphia,No
APP-11347,2022-04-08,Female,48,46338.1,646,27610.0,Employed,Married,San Antonio,Yes
APP-10355,2022-03-23,Male,37,28768.22,725,46980.92,Employed,Married,San Diego,Yes
APP-10827,2022-10-06,Male,27,48008.5,711,50285.82,Employed,Single,Chicago,Yes
APP-11639,2023-07-10,Female,56,45337.0,703,35427.24,Employed,Single,Houston,Yes
APP-10984,2022-08-07,Male,32,72758.41,752,28348.85,Employed,Married,San Diego,Yes
APP-12188,2023-04-12,Female,44,55897.86,671,45623.57,Retired,Married,Los Angeles,Yes
APP-10362,2022-08-18,Male,51,50815.74,700,23530.64,Employed,Married,New York,No
APP-10345,2023-07-04,Male,59,89212.76,786,23277.7,Employed,Married,Houston,No
APP-12282,2023-12-05,Male,30,46236.0,693,27966.31,Employed,Married,Phoenix,Yes
APP-12813,2022-02-20,Male,31,50076.57,572,31765.33,Employed,Married,Philadelphia,Yes
APP-10711,2022-04-25,Male,46,50815.74,679,41102.8,Unemployed,Married,San Diego,Yes
APP-12285,2022-04-04,Male,46,133574.51,619,41465.09,Self-Employed,Single,Phoenix,Yes
APP-10010,2023-07-26,Male,55,37551.0,742,34223.88,Employed,Single,San Diego,Yes
APP-12671,2023-07-20,Male,34,29911.24,684,35719.93,Employed,Married,Phoenix,Yes
APP-12116,2023-08-26,Female,25,67409.0,621,41091.81,Self-Employed,Married,San Antonio,No
APP-11834,2023-06-05,Female,28,41828.47,622,12727.91,Unemployed,Single,San Antonio,Yes
APP-13139,2022-02-06,Female,49,49592.03,703,28348.85,Employed,Married,Philadelphia,Yes
APP-10094,2022-06-03,Male,38,34937.0,721,64300.813,Employed,Married,San Antonio,Yes
APP-10129,2022-10-15,Male,56,99340.0,625,21863.48,Employed,Married,Houston,No
APP-12483,2023-01-28,Female,59,44351.25,785,29054.14,Retired,Married,Houston,Yes
APP-10569,2023-08-19,Female,20,105151.56,604,24589.31,Self-Employed,Single,San Antonio,Yes
APP-12263,2022-05-08,Male,19,81259.39,620,14629.92,Employed,Married,Chicago,Yes
APP-11900,2022-06-14,Male,40,57441.05,850,21299.57,Employed,Married,Phoenix,No
APP-12793,2023-02-06,Male,56,50815.74,681,28039.48,Self-Employed,Single,Philadelphia,No
APP-12648,2023-09-24,Male,42,64502.74,704,28717.66,Employed,Married,Los Angeles,Yes
APP-11932,2023-04-09,Male,40,120996.22,750,28348.85,Employed,Married,Houston,Yes
APP-12380,2022-10-24,Female,48,52399.02,465,48747.58,Employed,Married,Phoenix,No
APP-11865,2023-12-27,Male,46,115714.65,704,27255.37,Employed,Married,Phoenix,Yes
APP-10516,2022-08-20,Male,19,30201.54,659,19339.17,Self-Employed,Single,San Diego,Yes
APP-11857,2023-03-31,Female,42,89467.19,689,27872.26,Employed,Married,San Diego,No
APP-12243,2022-05-20,Female,25,27824.57,594,16482.77,Employed,Married,San Diego,Yes
APP-11277,2022-12-07,Male,57,99875.34,850,24229.24,Employed,Single,Chicago,No
APP-10950,2023-12-07,Male,38,69581.78,629,29646.8,Retired,Married,San Antonio,Yes
APP-11120,2022-10-14,Male,55,51583.64,691,22754.92,Retired,Single,San Antonio,No
APP-12204,2023-12-12,Female,29,49980.0,719,20283.21,Employed,Married,Philadelphia,Yes
APP-10922,2022-12-24,Male,19,78461.0,804,45503.81,Employed,Married,Los Angeles,Yes
APP-12439,2023-05-12,Male,50,69820.1,681,32397.21,Self-Employed,Married,San Diego,Yes
APP-10477,2022-01-03,Male,51,21446.0,681,23521.76,Unemployed,Single,San Diego,Yes
APP-12035,2023-06-29,Female,50,50815.74,671,29709.4,Employed,Married,Houston,Yes
APP-12415,2023-12-29,Female,46,23934.86,640,27049.09,Employed,Married,Chicago,Yes
APP-11692,2022-12-08,Female,61,25013.0,755,28348.85,Self-Employed,Divorced,San Antonio,Yes
APP-12453,2023-05-21,Female,47,36542.17,586,42978.46,Self-Employed,Single,Philadelphia,Yes
APP-11471,2023-11-10,Male,38,47327.38,717,22837.98,Self-Employed,Single,Philadelphia,Yes
APP-11202,2022-11-22,Female,33,58155.0,667,14207.83,Employed,Single,San Antonio,Yes
APP-11669,2023-06-03,Male,48,72701.03,613,30692.25,Self-Employed,Single,Phoenix,Yes
APP-11828,2022-06-25,Female,33,37655.19,677,28348.85,Employed,Single,San Antonio,Yes
APP-11970,2023-02-08,Female,41,98357.0,520,54553.91,Employed,Married,San Diego,No
APP-12151,2022-10-31,Male,36,25098.94,681,31809.38,Retired,Married,Phoenix,Yes
APP-10820,2023-11-12,Male,40,44021.0,599,46207.58,Employed,Single,Los Angeles,Yes
APP-11997,2022-07-12,Male,53,64768.0,747,23986.93,Employed,Married,Philadelphia,Yes
APP-11118,2023-05-11,Female,46,21903.54,733,12345.0,Unemployed,Married,Chicago,Yes
APP-11248,2023-08-03,Male,35,53042.0,529,49126.5,Retired,Married,Houston,Yes
APP-11753,2022-07-15,Female,37,43133.72,712,47153.79,Retired,Single,Houston,Yes
APP-13072,2023-05-03,Female,19,55893.5,741,31311.98,Employed,Divorced,Houston,Yes
APP-12190,2023-04-10,Female,50,55560.77,668,17432.12,Self-Employed,Single,Houston,Yes
APP-12891,2023-05-08,Female,38,33379.19,706,39911.52,Employed,Married,Los Angeles,Yes
APP-11046,2023-11-14,Male,42,67620.89,672,26046.64,Employed,Married,San Diego,Yes
APP-11888,2023-06-09,Male,57,43354.72,681,25267.46,Employed,Single,Houston,No
APP-10615,2023-08-26,Male,35,38089.0,688,41301.57,Employed,Single,San Diego,No
APP-11318,2022-09-15,Female,25,114756.0,681,28348.85,Employed,Married,New York,Yes
APP-13190,2023-06-09,Male,53,49783.29,687,28737.35,Unemployed,Married,Los Angeles,No
APP-12136,2023-10-21,Female,67,71354.94,619,28348.85,Unemployed,Single,Chicago,No
APP-12720,2022-11-11,Female,36,50815.74,584,25857.97,Employed,Single,San Antonio,Yes
APP-11772,2022-08-17,Male,38,98135.0,662,24730.3,Unemployed,Married,Chicago,Yes
APP-10131,2023-06-14,Female,27,50815.74,785,22794.67,Employed,Married,San Diego,Yes
APP-10077,2023-02-16,Female,54,51385.87,779,45872.03,Retired,Married,San Antonio,No
APP-12052,2023-06-18,Female,51,55958.29,631,18158.73,Employed,Married,San Antonio,No
APP-10724,2022-05-12,Female,58,50815.74,662,35900.07,Employed,Single,Phoenix,No
APP-11314,2023-02-12,Male,26,21056.0,765,29012.13,Unemployed,Married,San Diego,No
APP-11851,2023-03-14,Female,47,80801.21,850,23915.85,Employed,Divorced,Phoenix,No
APP-10779,2022-09-14,Female,28,53456.27,790,32618.4,Self-Employed,Single,Philadelphia,No
APP-12949,2023-05-17,Male,23,32765.47,646,53244.03,Employed,Single,New York,Yes
APP-12749,2022-06-07,Female,33,25983.71,623,21143.22,Employed,Single,Phoenix,Yes
APP-11372,2022-08-04,Male,53,68537.18,678,32802.66,Employed,Married,Los Angeles,No
APP-11855,2022-02-13,Female,45,26280.0,755,38100.48,Employed,Single,Houston,No
APP-11319,2022-10-26,Male,27,24770.0,681,16512.68,Self-Employed,Married,Philadelphia,Yes
APP-13177,2022-12-25,Male,36,20586.92,678,27245.54,Employed,Married,Los Angeles,Yes
APP-12407,2023-09-05,Male,62,26394.16,623,27976.15,Employed,Married,Chicago,No
APP-10375,2023-10-20,Female,27,50815.74,708,26013.44,Employed,Divorced,San Diego,Yes
APP-11908,2023-02-26,Male,26,50815.74,722,64300.813,Employed,Married,Chicago,No
APP-10333,2023-11-17,Female,38,117277.81,651,20036.57,Employed,Single,San Diego,No
APP-12498,2023-03-22,Female,47,47396.72,657,28348.85,Unemployed,Married,San Diego,Yes
APP-11604,2023-04-28,Male,44,50815.74,686,28049.55,Employed,Married,Chicago,Yes
APP-13129,2022-08-20,Male,38,42591.0,766,25195.45,Employed,Married,Los Angeles,Yes
APP-11943,2023-02-08,Male,31,49823.08,628,29400.1,Employed,Single,Houston,No
APP-12614,2022-01-29,Female,27,90544.06,596,28348.85,Employed,Divorced,Houston,Yes
APP-12789,2022-09-02,Female,39,40296.0,671,28348.85,Unemployed,Single,Philadelphia,Yes
APP-11342,2023-07-21,Female,19,97768.07,669,32434.05,Employed,Married,Chicago,Yes
APP-10320,2022-04-02,Female,42,57219.0,698,45367.12,Employed,Married,Chicago,No
APP-11619,2023-09-20,Female,19,64988.0,740,34588.56,Employed,Single,Chicago,No
APP-12704,2023-04-15,Male,36,95746.12,825,30463.98,Self-Employed,Single,Phoenix,No
APP-12060,2022-04-26,Male,32,47055.25,678,53281.43,Retired,Married,New York,Yes
APP-12219,2022-06-07,Male,38,37253.0,626,52960.59,Employed,Married,New York,No
APP-11673,2023-03-13,Male,24,32228.0,595,31139.51,Employed,Married,San Diego,No
APP-11942,2023-01-25,Male,38,24277.0,647,63074.48,Self-Employed,Married,Philadelphia,Yes
APP-10260,2022-11-16,Female,31,100314.14,681,40619.71,Employed,Married,San Diego,Yes
APP-13141,2022-02-01,Female,27,50815.74,664,42218.9,Self-Employed,Married,New York,Yes
APP-12039,2023-05-04,Female,24,40499.5,710,28348.85,Unemployed,Married,Philadelphia,Yes
APP-10689,2022-12-14,Female,48,88302.69,761,15316.24,Retired,Single,Chicago,No
APP-10901,2022-01-31,Male,31,34488.52,602,33575.96,Employed,Single,Philadelphia,Yes
APP-12306,2023-02-06,Female,52,46799.86,684,43576.82,Self-Employed,Married,Phoenix,Yes
APP-12026,2023-01-01,Male,42,50815.74,609,17508.25,Self-Employed,Single,Chicago,Yes
APP-10138,2022-10-12,Male,19,60375.22,660,30441.33,Employed,Single,Houston,Yes
APP-11917,2022-05-16,Male,19,94769.89,545,22899.65,Self-Employed,Married,San Antonio,No
APP-11573,2022-06-02,Female,38,69351.37,724,32231.73,Employed,Single,Chicago,Yes
APP-10319,2022-12-23,Female,56,60713.0,630,22075.19,Employed,Married,New York,Yes
APP-10653,2022-01-01,Female,34,50815.74,762,35051.02,Self-Employed,Married,Los Angeles,No
APP-12137,2022-03-14,Female,38,33854.42,779,28805.67,Unemployed,Single,San Diego,No
APP-12571,2022-02-11,Male,44,23018.0,721,30948.17,Self-Employed,Married,Philadelphia,Yes
APP-10558,2022-09-16,Male,36,50815.74,682,16005.35,Employed,Married,Houston,No
APP-12187,2023-12-30,Female,38,86992.7,673,20519.18,Employed,Married,San Antonio,No
APP-10112,2022-07-01,Female,20,50815.74,599,17914.55,Employed,Married,San Diego,No
APP-10531,2022-10-07,Male,41,215907.27780000013,572,45965.38,Self-Employed,Married,San Diego,No
APP-10224,2023-12-01,Other,33,22937.28,648,61542.77,Employed,Single,Chicago,Yes
APP-10723,2023-02-04,Male,42,32700.54,529,20689.89,Employed,Married,Phoenix,No
APP-12684,2022-01-01,Female,27,90192.1,703,34160.82,Unemployed,Single,New York,Yes
APP-12843,2023-04-22,Male,45,28077.0,621,24717.77,Employed,Single,Los Angeles,Yes
APP-11433,2022-04-29,Female,26,27620.0,659,28348.85,Employed,Single,New York,Yes
APP-12373,2023-08-31,Female,38,27536.64,850,21108.44,Self-Employed,Single,Phoenix,Yes
APP-12579,2023-07-29,Female,39,86216.47,687,33729.28,Employed,Married,New York,No
APP-12650,2023-02-20,Female,19,44264.0,600,21629.05,Employed,Married,Philadelphia,Yes
APP-11458,2023-12-28,Male,61,75564.7,681,37316.93,Employed,Married,San Antonio,Yes
APP-12988,2023-06-08,Male,32,50815.74,762,19285.9,Employed,Married,New York,Yes
APP-10846,2023-05-31,Female,53,56220.45,661,46923.72,Self-Employed,Married,New York,Yes
APP-10193,2022-04-10,Male,39,27980.0,788,23225.07,Employed,Married,Chicago,Yes
APP-11464,2023-03-29,Male,52,50815.74,729,23260.61,Retired,Married,Philadelphia,No
APP-10946,2023-11-17,Male,35,50815.74,807,40176.24,Employed,Single,Phoenix,Yes
APP-12021,2022-09-18,Male,32,50815.74,550,28348.85,Employed,Divorced,New York,Yes
APP-11629,2022-10-25,Male,43,25946.0,439,23991.27,Unemployed,Single,Los Angeles,Yes
APP-10117,2022-01-31,Female,43,23863.46,604,28348.85,Employed,Single,San Antonio,Yes
APP-10645,2023-02-16,Male,24,45353.0,701,48836.21,Employed,Married,San Diego,No
APP-11870,2022-05-17,Male,23,31811.5,850,18650.97,Employed,Divorced,Philadelphia,Yes
APP-10003,2023-09-05,Female,38,46038.55,730,20864.58,Employed,Single,Philadelphia,No
APP-10074,2022-07-20,Female,23,45660.0,837,18257.58,Employed,Married,Los Angeles,No
APP-11755,2022-04-06,Male,46,127656.04,790,28348.85,Employed,Married,Phoenix,Yes
APP-10467,2023-08-12,Male,41,77150.57,703,35744.26,Self-Employed,Married,Houston,Yes
APP-10005,2023-11-30,Male,33,210981.66,739,19824.67,Employed,Married,Houston,Yes
APP-11246,2023-07-27,Female,35,102890.0,621,25555.55,Unemployed,Married,New York,Yes
APP-10919,2023-06-11,Male,41,54162.0,681,33670.13,Self-Employed,Married,Chicago,Yes
APP-10228,2022-03-26,Male,52,50815.74,688,37785.49,Employed,Married,San Antonio,No
APP-11063,2022-01-03,Male,57,25488.0,717,20371.73,Employed,Married,Chicago,Yes
APP-10242,2023-05-05,Male,40,118416.82,752,28348.85,Retired,Married,Philadelphia,Yes
APP-12526,2023-05-20,Male,21,97982.95,691,60918.44,Employed,Married,San Diego,Yes
APP-12781,2023-06-13,Male,30,78613.0,694,20382.86,Employed,Married,San Diego,Yes
APP-12478,2022-12-11,Female,50,42109.09,664,14714.16,Employed,Married,New York,Yes
APP-11526,2022-05-05,Female,45,131303.36,735,39535.28,Self-Employed,Married,San Antonio,Yes
APP-11605,2023-08-28,Male,54,38414.0,838,46571.63,Employed,Married,Houston,Yes
APP-13084,2023-04-28,Female,46,58829.23,732,31711.3,Employed,Married,New York,No
APP-12577,2023-02-01,Male,26,41353.73,692,23710.16,Employed,Married,Chicago,Yes
APP-12816,2022-11-26,Female,35,50815.74,717,17648.18,Employed,Married,New York,Yes
APP-11989,2022-03-12,Male,29,118434.84,700,25676.14,Employed,Married,San Antonio,Yes
APP-12602,2022-08-08,Female,43,21720.0,606,19200.61,Employed,Single,Houston,Yes
APP-12362,2023-04-11,Male,27,138769.15,734,45684.19,Employed,Married,Chicago,Yes
APP-11975,2023-01-17,Male,38,125122.03,681,28218.44,Employed,Single,Phoenix,Yes
APP-11761,2023-12-13,Male,61,50815.74,779,30967.3,Self-Employed,Married,Los Angeles,No
APP-11305,2023-09-21,Male,19,87710.06,701,44529.66,Employed,Single,Los Angeles,No
APP-11541,2023-10-31,Female,52,28816.0,681,41204.52,Employed,Married,New York,No
APP-10622,2023-09-04,Male,34,48495.0,724,13684.73,Employed,Divorced,New York,No
APP-12562,2023-04-29,Male,29,73860.08,790,29471.07,Self-Employed,Married,Houston,No
APP-11493,2022-06-30,Female,21,21833.87,809,37034.66,Employed,Married,New York,No
APP-10110,2023-07-30,Female,72,59958.12,709,36155.18,Employed,Divorced,New York,No
APP-12275,2022-05-24,Female,21,50815.74,681,52803.48,Employed,Single,Phoenix,Yes
APP-13195,2022-03-10,Female,28,28648.0,673,36779.32,Employed,Single,New York,No
APP-11169,2022-05-16,Male,58,138377.57,685,46287.88,Employed,Single,San Antonio,No
APP-12721,2022-07-10,Male,46,53077.0,663,40435.85,Employed,Married,Los Angeles,Yes
APP-10232,2022-10-19,Female,38,85507.54,629,20871.06,Employed,Married,Philadelphia,Yes
APP-10066,2023-02-04,Male,38,26747.56,645,29064.42,Employed,Divorced,Los Angeles,Yes
APP-12995,2023-03-08,Male,52,50815.74,694,51498.03,Employed,Single,San Antonio,Yes
APP-12072,2022-09-15,Male,58,50815.74,741,28348.85,Employed,Married,Houston,Yes
APP-12192,2022-03-28,Female,33,38699.9,626,18597.44,Employed,Married,Philadelphia,Yes
APP-10536,2022-12-12,Female,24,105800.0,572,60913.62,Unemployed,Married,San Diego,No
APP-10125,2022-07-22,Male,55,50815.74,685,26115.45,Employed,Single,San Antonio,Yes
APP-12133,2023-07-17,Other,31,49682.51,747,40791.23,Employed,Divorced,San Diego,Yes
APP-11254,2023-05-23,Female,47,20503.26,747,37324.91,Employed,Single,Los Angeles,No
APP-11976,2022-08-15,Male,37,58436.0,683,23770.4,Retired,Married,San Antonio,No
APP-12722,2022-08-20,Female,54,176284.88,661,36980.55,Employed,Married,Philadelphia,Yes
APP-12576,2023-03-30,Female,35,47128.25,608,22980.3,Employed,Single,New York,Yes
APP-12075,2022-01-21,Female,38,50982.87,718,34454.26,Employed,Single,Houston,Yes
APP-10484,2023-04-03,Female,34,36200.0,708,37087.4,Unemployed,Married,San Diego,No
APP-11654,2022-10-05,Female,27,23077.98,762,51313.32,Employed,Married,San Antonio,No
APP-12960,2023-11-20,Female,33,50815.74,849,45497.48,Unemployed,Single,Philadelphia,Yes
APP-12512,2022-05-21,Female,49,97178.9,809,20540.64,Employed,Married,San Diego,Yes
APP-12658,2022-05-20,Female,40,23409.89,750,28551.64,Self-Employed,Married,San Antonio,Yes
APP-11774,2022-01-12,Male,59,24364.21,628,18667.38,Self-Employed,Married,Philadelphia,Yes
APP-12410,2022-01-12,Female,40,111488.32,688,23685.38,Employed,Single,Chicago,Yes
APP-10918,2023-03-26,Female,38,21388.01,756,13862.54,Employed,Single,Philadelphia,Yes
APP-11646,2023-12-15,Male,50,37831.16,801,51256.45,Employed,Single,Phoenix,Yes
APP-11026,2023-01-09,Female,38,56640.98,721,18222.76,Self-Employed,Married,San Diego,No
APP-11030,2022-04-22,Female,47,50815.74,632,32688.2,Employed,Single,Houston,No
APP-10882,2023-02-19,Male,47,62351.0,600,39000.67,Employed,Married,New York,No
APP-11335,2022-01-19,Female,35,22202.0,783,42069.44,Retired,Married,Houston,No
APP-12463,2023-07-31,Male,24,112048.23,775,54036.16,Unemployed,Single,Philadelphia,No
APP-10364,2023-09-09,Female,40,55414.51,742,26265.26,Employed,Married,San Antonio,Yes
APP-12125,2022-02-08,Male,38,31314.19,642,32000.47,Employed,Married,San Diego,Yes
APP-10027,2023-03-07,Male,48,80187.9,685,28261.54,Employed,Married,Houston,Yes
APP-10473,2023-08-12,Male,39,29319.23,701,38207.57,Self-Employed,Single,Philadelphia,Yes
APP-10525,2022-05-03,Female,19,65024.73,679,26274.87,Employed,Married,New York,Yes
APP-10725,2022-09-25,Male,23,50815.74,657,23047.11,Employed,Married,Chicago,Yes
APP-10055,2023-11-09,Male,24,43211.22,683,30223.79,Retired,Single,New York,Yes
APP-10638,2022-01-18,Male,34,158772.73,657,40278.97,Employed,Single,San Antonio,Yes
APP-10302,2022-09-08,Male,29,140008.0,747,18814.67,Self-Employed,Single,Phoenix,Yes
APP-12885,2023-04-05,Female,43,33778.1,639,31585.47,Employed,Single,Chicago,Yes
APP-11276,2023-04-05,Male,44,22376.75,686,64300.813,Employed,Married,San Diego,Yes
APP-12916,2023-10-27,Male,31,50815.74,794,20124.16,Employed,Divorced,San Antonio,Yes
APP-10624,2023-08-19,Female,43,44692.61,713,43403.59,Employed,Married,San Diego,Yes
APP-12055,2023-12-04,Female,44,50815.74,663,33564.9,Self-Employed,Married,New York,No
APP-11280,2022-05-09,Male,38,26937.0,724,26560.5,Employed,Married,San Antonio,Yes
APP-11049,2023-11-02,Male,21,71198.0,681,52116.95,Unemployed,Single,San Antonio,No
APP-10336,2023-10-01,Male,41,50815.74,803,16593.24,Unemployed,Married,San Diego,Yes
APP-10047,2022-08-30,Male,66,69464.24,609,36006.95,Self-Employed,Married,Los Angeles,Yes
APP-10106,2023-03-26,Female,41,25829.04,629,18956.0,Employed,Divorced,New York,No
APP-12397,2022-05-17,Female,46,31688.9,638,15655.09,Unemployed,Single,San Diego,Yes
APP-11079,2022-09-06,Male,36,50815.74,651,36419.2,Employed,Married,San Antonio,Yes
APP-12286,2022-12-11,Male,61,31526.06,778,31727.01,Self-Employed,Single,New York,Yes
APP-12261,2022-08-14,Male,34,209224.61,658,24952.81,Employed,Married,Philadelphia,Yes
APP-11144,2023-04-23,Female,46,43665.32,784,24697.1,Employed,Divorced,Philadelphia,Yes
APP-12639,2022-07-16,Female,19,175104.0,481,22962.14,Employed,Divorced,San Antonio,No
APP-12296,2023-09-27,Male,40,24859.0,659,29590.22,Employed,Married,San Diego,No
APP-11836,2022-04-27,Female,40,50815.74,705,21824.09,Employed,Single,Los Angeles,Yes
APP-11101,2022-04-10,Female,33,67122.0,651,39099.55,Retired,Married,San Diego,Yes
APP-11968,2022-04-10,Female,31,77773.61,676,53806.2,Self-Employed,Married,Los Angeles,Yes
APP-13034,2022-03-23,Male,33,60645.18,818,41158.63,Self-Employed,Single,Houston,No
APP-10523,2022-11-06,Female,53,86418.0,739,25943.36,Employed,Single,New York,Yes
APP-12280,2023-07-31,Female,44,215907.27780000013,699,59627.63,Employed,Divorced,New York,Yes
APP-11428,2022-01-26,Male,38,93611.74,757,32161.06,Employed,Married,New York,Yes
APP-12884,2023-08-13,Female,53,164512.0,713,35016.27,Employed,Married,Chicago,No
APP-10603,2022-06-23,Female,21,23094.55,775,25411.93,Self-Employed,Married,Phoenix,Yes
APP-11489,2023-08-15,Male,37,57140.64,611,36644.75,Self-Employed,Married,Houston,No
APP-12601,2023-04-15,Male,37,133541.45,681,14777.28,Employed,Married,Philadelphia,Yes
APP-10060,2023-04-08,Male,31,59298.0,749,34879.23,Employed,Divorced,San Diego,Yes
APP-13041,2023-12-18,Female,38,45544.0,682,36542.66,Employed,Divorced,Houston,No
APP-10671,2023-08-16,Male,32,144938.0,742,36540.91,Employed,Married,Chicago,Yes
APP-10092,2022-09-29,Male,55,28716.53,681,33242.36,Employed,Single,San Diego,No
APP-10666,2022-04-04,Female,44,53489.43,820,28290.42,Self-Employed,Single,Los Angeles,Yes
APP-11887,2023-05-28,Male,29,67437.0,691,33393.11,Employed,Married,Chicago,Yes
APP-10280,2023-08-31,Male,38,50815.74,681,9615.11,Self-Employed,Single,Los Angeles,Yes
APP-11719,2023-02-16,Female,38,69902.0,605,21553.96,Employed,Married,Philadelphia,Yes
APP-10359,2022-09-20,Female,36,106993.67,680,21787.16,Employed,Married,Los Angeles,Yes
APP-10899,2023-06-02,Female,35,54781.36,690,40848.84,Employed,Married,Los Angeles,Yes
APP-11935,2022-12-27,Male,37,21623.0,602,22837.31,Unemployed,Married,Philadelphia,Yes
APP-12561,2022-05-10,Male,35,30959.53,697,43747.46,Self-Employed,Single,Philadelphia,Yes
APP-10760,2023-09-08,Male,26,32792.0,636,25253.54,Employed,Single,Phoenix,Yes
APP-12158,2022-09-24,Female,19,27783.88,677,28348.85,Employed,Married,Phoenix,No
APP-12927,2023-12-30,Female,21,40447.76,747,45049.63,Employed,Divorced,Phoenix,Yes
APP-10042,2023-01-27,Female,38,39110.0,628,23605.73,Employed,Married,Phoenix,Yes
APP-12173,2023-06-10,Male,47,199304.97,736,27658.79,Retired,Married,Houston,Yes
APP-10204,2022-09-17,Male,19,117546.49,656,29013.7,Employed,Married,San Diego,Yes
APP-11473,2022-04-27,Female,34,57826.71,705,15284.28,Retired,Married,Phoenix,No
APP-12100,2023-09-14,Male,38,87362.54,660,21974.09,Unemployed,Married,Phoenix,Yes
APP-10068,2022-08-31,Male,21,112010.61,687,39230.85,Employed,Married,San Diego,Yes
APP-11875,2022-09-07,Female,44,73539.05,733,39302.17,Employed,Single,Los Angeles,No
APP-12632,2022-08-23,Female,47,60202.82,611,39812.86,Employed,Single,Los Angeles,Yes
APP-12231,2022-04-11,Female,35,81411.05,609,25150.29,Self-Employed,Single,San Diego,Yes
APP-10137,2023-06-11,Female,42,25661.5,767,29814.17,Employed,Single,San Antonio,Yes
APP-10796,2022-02-09,Male,30,50815.74,537,19368.84,Employed,Married,Phoenix,Yes
APP-12180,2023-05-10,Male,59,38355.65,546,25427.51,Employed,Married,Chicago,Yes
APP-12128,2022-08-06,Male,45,35790.78,686,21159.25,Self-Employed,Married,Houston,Yes
APP-10758,2023-03-27,Female,27,157845.0,681,28348.85,Self-Employed,Divorced,New York,Yes
APP-10541,2023-04-01,Male,38,29594.24,659,47873.61,Employed,Married,Los Angeles,Yes
APP-11019,2023-06-15,Male,46,25211.0,681,16934.13,Employed,Divorced,Philadelphia,Yes
APP-12536,2022-11-07,Male,55,38356.32,629,39302.0,Employed,Divorced,Philadelphia,No
APP-10165,2022-11-18,Male,43,56485.96,761,46555.73,Self-Employed,Married,San Diego,Yes
APP-10248,2023-01-31,Female,19,20578.0,703,26482.11,Employed,Single,Phoenix,Yes
APP-11331,2022-08-15,Female,38,69199.0,695,28348.85,Employed,Married,Phoenix,Yes
APP-12017,2023-07-23,Female,60,42009.95,651,18046.28,Employed,Single,Los Angeles,Yes
APP-10446,2023-09-15,Male,20,114046.93,567,28348.85,Retired,Married,Chicago,No
APP-12482,2023-03-18,Male,34,27969.93,636,21564.05,Employed,Married,Houston,Yes
APP-11358,2023-12-17,Male,47,34647.55,588,25865.68,Employed,Married,Philadelphia,Yes
APP-12145,2022-07-08,Male,39,63841.0,703,32989.08,Employed,Divorced,Houston,Yes
APP-11329,2022-02-11,Male,60,88214.85,618,33980.18,Employed,Married,Chicago,Yes
APP-12150,2022-12-30,Female,29,95227.73,633,23780.56,Self-Employed,Single,Chicago,Yes
APP-10434,2023-06-28,Female,38,24133.82,649,45527.35,Self-Employed,Married,San Diego,Yes
APP-12122,2023-09-29,Female,38,24530.16,681,22774.33,Employed,Married,San Antonio,Yes
APP-10577,2023-10-20,Male,62,51281.43,793,26954.18,Unemployed,Divorced,San Diego,No
APP-12644,2023-03-10,Female,34,50815.74,670,28375.17,Employed,Married,San Diego,Yes
APP-13033,2022-09-07,Male,38,122103.79,847,23583.12,Self-Employed,Single,Philadelphia,Yes
APP-11848,2023-12-26,Female,47,62997.99,666,25289.69,Employed,Married,New York,No
APP-10762,2022-04-28,Male,47,35288.0,671,16448.74,Employed,Married,San Diego,No
APP-10388,2022-04-08,Male,24,52899.0,717,23598.21,Employed,Divorced,Houston,No
APP-10235,2023-08-23,Male,25,50815.74,713,40747.85,Retired,Married,Los Angeles,Yes
APP-12882,2022-01-02,Male,38,20101.65,683,17191.52,Self-Employed,Married,Houston,Yes
APP-11984,2023-11-28,Female,19,52225.58,681,28348.85,Employed,Married,Phoenix,No
APP-10267,2022-03-03,Male,22,67563.0,576,43009.68,Employed,Married,Houston,Yes
APP-10770,2022-10-16,Female,38,174421.11,708,20075.53,Employed,Married,Philadelphia,Yes
APP-12165,2023-09-16,Male,38,50815.74,677,39761.08,Retired,Divorced,Houston,Yes
APP-10437,2023-03-24,Female,29,36464.45,777,37016.34,Unemployed,Married,Philadelphia,Yes
APP-10673,2023-09-24,Male,42,63679.35,680,21169.77,Employed,Single,Philadelphia,Yes
APP-10249,2023-09-29,Female,19,37816.58,699,19921.73,Self-Employed,Married,Philadelphia,No
APP-11574,2022-03-18,Female,54,22119.77,758,21456.22,Employed,Married,Chicago,Yes
APP-12142,2022-02-13,Female,67,78098.21,706,32506.41,Employed,Single,Chicago,Yes
APP-12081,2022-04-14,Female,25,107859.23,661,29923.48,Employed,Single,Phoenix,Yes
APP-12896,2023-09-04,Female,25,123845.62,707,28348.85,Unemployed,Married,San Diego,Yes
APP-12841,2023-07-15,Female,62,49444.31,791,36796.83,Self-Employed,Single,Philadelphia,Yes
APP-13031,2023-10-25,Male,52,78327.96,521,26290.71,Employed,Single,San Diego,No
APP-10448,2023-04-03,Female,44,131063.23,557,25640.19,Employed,Married,Chicago,Yes
APP-11469,2023-02-14,Male,37,47577.75,538,33864.1,Employed,Married,Houston,Yes
APP-12651,2022-11-16,Male,51,62647.0,760,23532.73,Self-Employed,Divorced,Los Angeles,Yes
APP-12892,2022-04-23,Male,55,44621.0,572,20486.0,Self-Employed,Single,Phoenix,Yes
APP-12048,2023-03-09,Female,57,72395.0,618,24833.33,Employed,Single,Phoenix,Yes
APP-11901,2023-06-19,Female,38,36258.0,662,32477.27,Self-Employed,Married,Los Angeles,Yes
APP-12762,2023-01-31,Female,32,50815.74,737,29286.68,Employed,Married,San Diego,Yes
APP-11168,2023-07-22,Male,26,50815.74,583,47005.42,Employed,Single,San Diego,Yes
APP-10082,2023-11-26,Male,71,43560.0,659,26266.08,Unemployed,Single,Philadelphia,Yes
APP-12679,2022-09-06,Female,27,73241.83,707,64300.813,Employed,Married,Chicago,Yes
APP-11460,2023-05-25,Female,48,34349.02,759,28348.85,Unemployed,Married,Houston,No
APP-11893,2022-06-03,Male,46,130679.0,651,47443.52,Employed,Married,San Diego,Yes
APP-11668,2022-01-24,Male,55,70828.11,666,22142.43,Employed,Single,Phoenix,Yes
APP-12000,2022-05-03,Male,37,36028.04,760,28348.85,Employed,Married,Phoenix,Yes
APP-10475,2023-10-26,Male,62,58874.0,605,22889.45,Employed,Married,San Antonio,Yes
APP-10404,2023-10-10,Male,47,53168.0,749,28348.85,Self-Employed,Married,San Diego,Yes
APP-10384,2023-05-10,Male,19,95141.0,601,39022.29,Employed,Single,Philadelphia,No
APP-12689,2023-04-25,Female,32,60129.0,624,22383.18,Employed,Single,Los Angeles,Yes
APP-12152,2022-10-07,Other,22,38825.56,591,36725.4,Unemployed,Married,New York,Yes
APP-11633,2022-08-23,Male,52,76036.41,583,31515.1,Employed,Married,San Diego,No
APP-10688,2023-06-28,Female,59,50815.74,652,39495.78,Retired,Married,Los Angeles,Yes
APP-11240,2023-11-04,Male,56,92343.13,681,51728.28,Employed,Married,Phoenix,Yes
APP-10062,2022-01-30,Female,38,215907.27780000013,699,16239.67,Employed,Married,New York,No
APP-10852,2022-03-01,Female,39,31921.84,605,22520.57,Self-Employed,Married,Chicago,Yes
APP-13043,2022-09-02,Female,44,77271.0,713,17286.77,Unemployed,Married,Phoenix,No
APP-12739,2022-12-14,Male,43,62449.02,821,54081.95,Unemployed,Married,Phoenix,Yes
APP-11262,2022-11-04,Female,38,48053.68,672,16425.4,Self-Employed,Married,Philadelphia,Yes
APP-10223,2023-07-03,Female,38,48919.17,681,37526.72,Retired,Divorced,Houston,No
APP-12193,2023-10-24,Male,39,35651.94,614,20062.1,Employed,Divorced,New York,Yes
APP-11824,2023-05-19,Female,43,30600.58,828,28599.32,Employed,Married,Houston,Yes
APP-12918,2023-01-15,Male,38,50815.74,781,34479.3,Employed,Single,Phoenix,Yes
APP-13172,2023-01-15,Female,58,38411.41,668,31100.76,Employed,Divorced,New York,Yes
APP-12873,2023-03-10,Female,26,50815.74,668,29004.87,Employed,Married,Phoenix,Yes
APP-12969,2023-04-03,Male,27,30966.23,719,29271.32,Self-Employed,Divorced,Chicago,No
APP-10009,2022-09-03,Male,29,92042.75,656,37528.67,Employed,Married,Houston,Yes
APP-12497,2023-08-14,Male,31,81671.26,644,39150.17,Employed,Married,Chicago,Yes
APP-11944,2023-08-26,Female,37,42687.68,724,31657.5,Unemployed,Married,Los Angeles,No
APP-11838,2022-10-14,Male,38,33454.47,582,64300.813,Employed,Married,Chicago,Yes
APP-10708,2022-08-20,Male,19,47353.29,729,31252.42,Employed,Married,Houston,Yes
APP-10255,2022-01-15,Male,34,71011.29,720,16669.42,Employed,Single,Houston,Yes
APP-11617,2023-12-01,Female,36,34758.0,599,43752.95,Employed,Single,San Diego,No
APP-10389,2022-09-14,Male,38,143608.0,642,20714.82,Self-Employed,Single,Chicago,No
APP-11581,2022-08-14,Female,47,33515.03,752,36645.59,Employed,Single,Chicago,No
APP-10924,2022-03-24,Female,19,66691.0,638,45353.3,Self-Employed,Single,San Antonio,Yes
APP-12508,2022-03-08,Male,60,36705.0,693,52448.95,Self-Employed,Married,San Diego,No
APP-12036,2023-08-13,Male,36,53939.0,630,20147.54,Self-Employed,Married,San Diego,No
APP-12656,2022-04-05,Male,42,62121.83,707,21510.18,Self-Employed,Single,San Antonio,Yes
APP-11224,2023-05-22,Male,19,88813.33,681,26436.43,Self-Employed,Single,New York,Yes
APP-12549,2023-09-26,Female,40,32867.36,491,36611.29,Employed,Married,Houston,No
APP-11946,2022-11-08,Female,41,50815.74,676,24077.31,Employed,Single,New York,Yes
APP-10739,2023-06-14,Female,38,93176.32,622,37371.37,Employed,Married,New York,Yes
APP-10040,2022-06-06,Female,32,50815.74,654,49385.53,Self-Employed,Single,Chicago,Yes
APP-10868,2023-11-14,Male,36,52395.0,844,19553.92,Self-Employed,Married,Chicago,Yes
APP-10539,2023-08-17,Other,56,29322.0,657,18174.6,Self-Employed,Married,Phoenix,No
APP-11371,2023-03-04,Male,19,215907.27780000013,767,37224.63,Self-Employed,Married,Philadelphia,No
APP-11145,2022-05-11,Male,36,60866.36,786,43640.41,Retired,Married,Phoenix,No
APP-11031,2023-03-03,Female,38,39017.0,694,61298.08,Unemployed,Married,San Diego,No
APP-10372,2022-10-28,Male,19,28439.67,518,24548.63,Self-Employed,Married,San Diego,Yes
APP-10667,2022-11-18,Female,43,45430.34,636,38473.03,Employed,Single,Chicago,Yes
APP-10357,2022-02-15,Male,53,50815.74,632,42773.42,Employed,Single,Philadelphia,No
APP-10967,2022-06-02,Male,28,54391.01,833,24776.72,Employed,Married,Phoenix,Yes
APP-11353,2023-03-05,Female,34,20871.16,676,15661.47,Employed,Divorced,San Diego,Yes
APP-11035,2022-05-13,Female,25,43246.0,616,16501.53,Self-Employed,Divorced,San Antonio,Yes
APP-10470,2023-03-16,Other,48,110926.67,729,23212.81,Employed,Married,San Antonio,Yes
APP-11396,2022-06-02,Male,31,39096.4,604,21031.55,Employed,Married,Philadelphia,Yes
APP-12899,2022-10-04,Male,33,73816.2,681,14391.86,Employed,Married,San Antonio,Yes
APP-11549,2022-11-06,Male,37,41441.87,798,23292.39,Employed,Divorced,Philadelphia,Yes
APP-11256,2022-05-27,Male,35,98419.92,546,32581.18,Employed,Married,New York,No
APP-12094,2022-03-06,Female,35,101702.37,734,23480.58,Retired,Single,Los Angeles,Yes
APP-11555,2023-02-18,Female,62,55020.0,730,30530.05,Employed,Married,New York,No
APP-13022,2022-06-02,Male,47,61848.15,669,42051.8,Employed,Married,New York,Yes
APP-11250,2022-04-04,Male,45,60475.33,768,23650.25,Self-Employed,Single,Los Angeles,Yes
APP-11699,2023-01-07,Male,19,134354.13,647,21688.98,Employed,Married,Phoenix,Yes
APP-11252,2023-02-21,Male,63,30539.0,681,25656.44,Unemployed,Single,Los Angeles,Yes
APP-13080,2023-03-03,Female,41,61011.04,707,38964.03,Self-Employed,Married,Chicago,No
APP-10079,2023-02-23,Male,24,72453.41,681,22501.18,Employed,Married,San Antonio,Yes
APP-11172,2023-02-11,Male,46,50815.74,676,26965.18,Employed,Married,San Diego,No
APP-10814,2022-04-04,Male,68,122189.35,685,22581.34,Unemployed,Single,San Diego,Yes
APP-11852,2023-12-18,Male,35,50815.74,653,20786.48,Self-Employed,Married,New York,Yes
APP-12220,2022-07-05,Female,26,50815.74,681,29491.67,Employed,Single,Los Angeles,No
APP-12908,2022-05-22,Female,61,36081.0,631,47382.3,Employed,Single,Phoenix,Yes
APP-12105,2023-11-17,Male,38,103266.0,685,18503.73,Unemployed,Married,Los Angeles,No
APP-10133,2023-07-04,Female,44,34201.7,627,39368.32,Employed,Married,San Diego,Yes
APP-11140,2022-07-04,Male,47,20964.63,681,16114.25,Employed,Married,Los Angeles,Yes
APP-10933,2022-12-23,Female,26,50815.74,789,33961.03,Employed,Divorced,Houston,No
APP-10928,2023-05-24,Male,29,81284.57,590,33335.91,Retired,Divorced,Houston,No
APP-10823,2023-01-12,Female,34,99170.0,604,50123.31,Employed,Married,Phoenix,No
APP-11531,2023-01-12,Female,34,25427.13,623,26233.35,Employed,Married,Los Angeles,Yes
APP-11214,2022-08-31,Female,27,33466.93,541,23014.89,Employed,Single,Los Angeles,No
APP-12395,2023-07-15,Male,40,37175.01,658,34235.08,Employed,Divorced,San Antonio,No
APP-11996,2022-03-09,Male,36,80765.68,537,28348.85,Employed,Single,New York,No
APP-12434,2023-12-02,Female,47,59628.04,654,16654.44,Employed,Married,New York,Yes
APP-11958,2023-07-03,Male,19,57623.31,775,21906.35,Employed,Married,Los Angeles,Yes
APP-11384,2022-08-22,Female,48,105298.21,642,15051.82,Employed,Married,San Diego,Yes
APP-10894,2022-04-05,Female,22,37369.27,517,33344.22,Employed,Married,Phoenix,Yes
APP-10828,2022-07-16,Female,40,78860.27,686,34961.09,Employed,Married,Chicago,Yes
APP-12523,2022-10-02,Female,30,50815.74,727,25391.56,Unemployed,Married,New York,Yes
APP-11683,2022-02-26,Female,47,83038.96,658,31174.59,Employed,Married,San Antonio,Yes
APP-12830,2022-09-25,Male,28,81576.22,652,22469.42,Employed,Single,Philadelphia,Yes
APP-12779,2022-09-25,Male,35,145277.17,717,28348.85,Employed,Married,Houston,No
APP-10652,2023-01-30,Male,22,111623.09,804,45397.02,Unemployed,Single,New York,Yes
APP-10172,2022-04-11,Male,28,203213.99,770,23401.8,Retired,Single,Phoenix,No
APP-10038,2023-11-24,Female,34,96661.0,681,20438.25,Self-Employed,Married,Philadelphia,No
APP-13163,2022-09-04,Male,43,24932.15,653,27879.56,Employed,Divorced,New York,Yes
APP-10713,2022-05-23,Male,49,66718.36,740,60206.38,Self-Employed,Married,New York,Yes
APP-10090,2022-07-14,Female,21,32299.88,790,32027.86,Unemployed,Married,Houston,Yes
APP-13029,2022-10-28,Male,37,97406.42,732,26156.2,Employed,Divorced,Los Angeles,Yes
APP-11205,2022-04-11,Male,25,136356.37,639,24261.4,Employed,Married,Phoenix,Yes
APP-12736,2022-05-18,Male,30,126439.0,770,18582.66,Employed,Single,Chicago,Yes
APP-12859,2022-08-09,Male,45,40293.0,850,26902.38,Employed,Divorced,Chicago,No
APP-11827,2022-10-06,Male,20,46578.9,610,19079.38,Retired,Single,New York,No
APP-11155,2022-09-08,Female,38,32560.21,666,21106.21,Employed,Married,San Antonio,No
APP-11324,2022-06-29,Male,52,55578.0,655,16186.72,Employed,Married,New York,Yes
APP-10216,2023-11-02,Female,32,127247.0,849,24275.7,Employed,Married,Houston,Yes
APP-10510,2023-09-08,Female,44,118874.72,681,37588.34,Self-Employed,Single,San Diego,No
APP-11680,2022-07-23,Male,48,50815.74,689,30491.59,Self-Employed,Divorced,San Antonio,Yes
APP-10499,2023-03-03,Female,47,69988.04,681,26291.97,Employed,Divorced,San Diego,Yes
APP-12742,2022-01-20,Male,55,201503.84,681,28348.85,Employed,Single,Chicago,Yes
APP-11856,2023-08-21,Male,22,154653.99,654,32086.61,Employed,Single,Houston,Yes
APP-11388,2023-02-02,Female,39,72729.82,708,22598.08,Self-Employed,Single,Philadelphia,Yes
APP-11519,2023-02-18,Female,65,74983.17,681,26404.68,Employed,Single,Los Angeles,Yes
APP-12386,2023-09-21,Female,36,21613.42,690,20049.33,Unemployed,Married,New York,Yes
APP-13011,2023-07-28,Female,26,32850.0,709,30336.25,Unemployed,Divorced,San Antonio,Yes
APP-12076,2023-08-17,Male,52,31306.0,753,35414.04,Self-Employed,Married,Los Angeles,Yes
APP-11540,2023-10-01,Other,19,30664.13,711,34692.12,Self-Employed,Single,Los Angeles,Yes
APP-11217,2023-08-13,Female,59,55691.44,681,25842.78,Employed,Married,Phoenix,Yes
APP-12681,2022-12-11,Female,41,26778.0,696,25533.52,Employed,Single,Houston,Yes
APP-11416,2022-03-07,Female,39,42432.04,638,20689.52,Employed,Married,Houston,No
APP-12217,2022-12-15,Male,38,41518.78,730,30789.82,Employed,Single,New York,Yes
APP-12786,2023-08-31,Male,50,93381.65,718,40851.85,Employed,Married,Los Angeles,Yes
APP-11676,2022-11-16,Male,36,28221.44,675,20617.88,Employed,Single,New York,No
APP-11197,2022-05-26,Female,26,55303.0,654,31124.35,Employed,Single,Houston,No
APP-11542,2023-09-16,Female,38,32734.26,562,28438.01,Employed,Single,Houston,Yes
APP-12539,2022-04-09,Male,26,47759.51,667,47374.2,Employed,Single,San Antonio,Yes
APP-10953,2022-07-27,Female,34,208389.38,732,39333.34,Employed,Married,Los Angeles,No
APP-12635,2022-07-11,Male,59,104006.26,850,50030.45,Employed,Divorced,San Antonio,No
APP-10750,2022-02-18,Male,39,202931.0,621,17128.45,Employed,Married,Phoenix,Yes
APP-12705,2023-01-14,Male,29,69621.0,649,20395.52,Employed,Single,Philadelphia,No
APP-10732,2022-08-13,Female,43,89417.0,524,41782.84,Unemployed,Married,San Diego,No
APP-11156,2023-10-12,Male,41,68438.0,614,35760.31,Unemployed,Married,Phoenix,Yes
APP-12846,2022-10-21,Female,31,57289.0,605,21380.12,Employed,Single,San Antonio,Yes
APP-12445,2023-08-14,Female,33,63702.77,654,12048.5,Retired,Single,Los Angeles,No
APP-11209,2023-01-08,Female,38,160782.0,781,20420.72,Retired,Single,New York,Yes
APP-11065,2023-01-10,Male,19,44150.63,637,31102.47,Employed,Married,Chicago,Yes
APP-12156,2023-05-14,Male,51,49002.0,827,19037.08,Retired,Divorced,Phoenix,Yes
APP-11062,2023-03-11,Male,51,177703.64,602,19845.63,Employed,Married,San Antonio,No
APP-12616,2022-01-03,Female,48,50815.74,622,42098.36,Employed,Married,San Diego,No
APP-11167,2022-09-03,Female,49,51851.89,836,19356.65,Employed,Single,Philadelphia,Yes
APP-11492,2023-11-17,Male,19,34617.74,729,19727.75,Employed,Single,Phoenix,Yes
APP-12794,2022-02-22,Female,33,48390.0,528,37582.9,Employed,Single,San Diego,Yes
APP-10884,2022-03-07,Male,38,22039.0,717,39712.15,Retired,Single,New York,Yes
APP-10143,2022-10-06,Male,29,82768.0,576,25546.71,Employed,Married,San Antonio,Yes
APP-10850,2023-12-04,Male,19,49588.0,700,47512.72,Unemployed,Married,Chicago,Yes
APP-10717,2022-04-16,Female,21,206008.0,719,31052.98,Self-Employed,Married,Houston,Yes
APP-13144,2022-11-25,Male,43,30632.76,582,21859.51,Employed,Single,Los Angeles,No
APP-12502,2022-12-19,Female,33,37585.11,794,35724.05,Self-Employed,Divorced,New York,Yes
APP-10264,2023-10-05,Female,20,26190.08,722,26304.72,Employed,Married,Philadelphia,No
APP-12492,2022-01-17,Male,38,139977.91,616,38631.99,Employed,Married,Los Angeles,Yes
APP-10395,2023-02-01,Male,29,29239.0,689,34903.12,Employed,Single,San Diego,No
APP-12817,2023-03-05,Male,40,20617.04,607,48149.76,Employed,Divorced,New York,No
APP-13193,2022-12-03,Female,35,20865.0,744,36621.94,Employed,Divorced,New York,No
APP-10396,2022-12-18,Male,34,44680.25,738,32634.62,Employed,Single,San Antonio,Yes
APP-11365,2023-06-09,Male,32,75836.5,607,36205.96,Self-Employed,Single,San Diego,Yes
APP-12765,2022-10-27,Male,47,20685.23,620,42612.84,Self-Employed,Married,New York,Yes
APP-11903,2023-01-13,Male,19,36040.69,702,32474.57,Employed,Married,Philadelphia,Yes
APP-12109,2022-03-16,Male,23,41387.71,663,44923.51,Employed,Married,Los Angeles,Yes
APP-11296,2023-01-17,Female,41,50815.74,635,19308.98,Unemployed,Divorced,Philadelphia,No
APP-11821,2023-10-09,Male,48,80343.0,730,60564.74,Self-Employed,Married,Los Angeles,No
APP-12326,2022-04-07,Female,53,87898.82,803,22811.63,Unemployed,Married,Houston,No
APP-11548,2022-11-12,Female,29,84179.34,681,40061.44,Employed,Single,Chicago,Yes
APP-10036,2023-10-22,Male,44,52865.82,718,30214.18,Employed,Single,San Diego,No
APP-12710,2023-06-23,Female,37,59938.27,622,28348.85,Retired,Single,Los Angeles,Yes
APP-13151,2022-07-16,Male,41,51251.0,674,30338.45,Self-Employed,Divorced,Philadelphia,No
APP-12143,2023-07-14,Male,43,175024.15,679,24134.84,Employed,Divorced,Phoenix,No
APP-12828,2023-06-29,Male,52,50815.74,652,15058.37,Self-Employed,Single,Chicago,No
APP-10977,2023-11-05,Male,49,98215.75,589,27854.97,Employed,Married,San Antonio,No
APP-11571,2022-06-09,Other,37,79460.0,647,41446.9,Employed,Married,New York,Yes
APP-11122,2023-03-14,Female,42,26004.25,634,28348.85,Employed,Single,Philadelphia,Yes
APP-12239,2023-08-18,Female,38,50815.74,681,28348.85,Employed,Single,Philadelphia,Yes
APP-12504,2022-08-28,Female,39,50815.74,659,34226.02,Unemployed,Married,San Diego,Yes
APP-11892,2023-12-10,Male,34,78508.94,825,42360.55,Employed,Single,Phoenix,Yes
APP-10675,2022-08-22,Male,37,39036.29,681,31021.5,Self-Employed,Married,San Diego,Yes
APP-10728,2023-12-23,Male,47,32711.0,814,15049.66,Unemployed,Single,San Antonio,No
APP-10412,2022-10-24,Male,32,48449.1,748,18968.27,Employed,Single,Chicago,Yes
APP-11516,2023-08-19,Female,33,55979.25,707,13099.12,Unemployed,Married,San Diego,Yes
APP-11649,2023-01-03,Male,52,73779.87,593,27062.4,Employed,Single,Phoenix,Yes
APP-10825,2023-12-15,Female,46,26470.0,688,27768.05,Employed,Married,New York,No
APP-10616,2023-10-24,Other,27,25589.79,742,38116.69,Employed,Married,New York,No
APP-10114,2023-03-01,Other,22,47141.0,650,28348.85,Employed,Single,Los Angeles,Yes
APP-10417,2023-11-01,Male,65,119500.42,602,31187.27,Employed,Single,Los Angeles,Yes
APP-11625,2023-06-07,Male,30,102930.89,675,23948.51,Self-Employed,Married,New York,Yes
APP-12652,2022-09-27,Male,40,92804.22,669,26848.98,Employed,Single,Chicago,No
APP-10089,2023-10-04,Male,39,20796.87,587,28348.85,Employed,Single,New York,Yes
APP-12895,2022-06-24,Male,42,102453.06,654,19666.54,Employed,Single,New York,Yes
APP-12082,2023-04-18,Male,41,70474.95,809,39178.41,Unemployed,Divorced,New York,Yes
APP-10753,2023-06-14,Male,59,80399.23,629,31614.79,Employed,Married,San Diego,No
APP-12546,2023-05-03,Male,26,122428.41,585,29659.06,Employed,Single,Chicago,No
APP-11630,2023-10-22,Male,19,79508.0,519,34403.54,Unemployed,Married,Philadelphia,Yes
APP-10011,2022-03-17,Male,49,28674.75,643,12237.52,Employed,Divorced,Phoenix,No
APP-12444,2022-07-12,Female,27,23715.11,645,43605.77,Employed,Married,Phoenix,Yes
APP-10284,2023-12-10,Female,32,57253.33,665,33788.34,Employed,Married,New York,Yes
APP-11066,2022-12-25,Male,38,25614.35,617,28348.85,Employed,Married,San Antonio,Yes
APP-11191,2023-10-04,Female,37,50815.74,745,26965.86,Employed,Married,Los Angeles,Yes
APP-11440,2022-11-07,Male,48,62994.0,609,28348.85,Retired,Single,San Diego,Yes
APP-13102,2023-06-17,Female,34,34056.3,679,36868.62,Employed,Single,San Diego,Yes
APP-13101,2023-02-09,Male,39,46267.33,678,25208.07,Employed,Married,Los Angeles,Yes
APP-12738,2023-09-28,Male,48,122329.52,584,42442.35,Employed,Married,Los Angeles,Yes
APP-12998,2022-02-01,Male,36,82738.54,681,17373.9,Employed,Single,Los Angeles,Yes
APP-11568,2023-05-14,Female,30,50815.74,650,28309.97,Employed,Married,Chicago,Yes
APP-12427,2022-11-18,Male,39,48874.2,633,64296.48,Employed,Married,Philadelphia,No
APP-12737,2022-05-17,Male,33,85650.2,721,17953.07,Self-Employed,Divorced,Phoenix,No
APP-12850,2023-05-18,Male,26,54932.0,665,27067.96,Employed,Divorced,Phoenix,Yes
APP-11687,2023-04-29,Female,54,31813.98,533,14003.47,Unemployed,Married,Houston,No
APP-10851,2022-04-05,Male,37,170581.15,706,55327.75,Employed,Married,Phoenix,Yes
APP-12207,2023-02-06,Male,41,65356.04,732,25773.18,Employed,Single,San Antonio,No
APP-10895,2022-11-05,Female,27,95558.14,586,26594.8,Employed,Married,New York,Yes
APP-10496,2023-01-25,Female,30,24930.72,611,15795.94,Employed,Single,Phoenix,Yes
APP-12305,2023-01-25,Male,45,57129.0,570,32190.45,Employed,Married,Los Angeles,No
APP-11782,2023-04-25,Male,39,157508.97,663,14252.1,Employed,Married,Houston,Yes
APP-10335,2023-12-23,Female,40,33725.25,551,20727.25,Employed,Married,Philadelphia,No
APP-10515,2022-01-08,Female,56,90241.0,573,26127.09,Employed,Single,San Antonio,Yes
APP-11348,2023-01-29,Male,39,50815.74,630,29274.69,Employed,Married,San Antonio,Yes
APP-11015,2023-12-16,Male,55,47890.35,614,36912.61,Employed,Single,San Antonio,Yes
APP-13109,2022-12-03,Male,49,128172.99,613,42570.9,Self-Employed,Married,Phoenix,Yes
APP-13187,2023-06-18,Female,27,92802.19,673,18359.42,Employed,Single,Houston,Yes
APP-12809,2022-04-21,Male,44,39090.0,658,24345.48,Employed,Single,San Diego,Yes
APP-12569,2022-06-24,Male,39,50815.74,682,34198.51,Self-Employed,Single,Houston,Yes
APP-11785,2023-08-01,Male,30,150384.69,681,19971.92,Employed,Married,San Antonio,No
APP-12070,2023-04-19,Male,44,61180.0,627,17817.9,Employed,Single,Phoenix,Yes
APP-10356,2022-02-11,Female,29,50815.74,770,34607.97,Employed,Single,Philadelphia,Yes
APP-13154,2022-09-01,Male,45,23511.36,769,38193.6,Retired,Single,San Antonio,No
APP-11312,2023-08-18,Female,28,44863.31,724,32752.44,Employed,Divorced,New York,Yes
APP-11635,2023-08-16,Female,34,121325.59,804,25206.14,Retired,Married,Chicago,Yes
APP-10550,2022-08-28,Female,30,21994.09,619,56233.31,Self-Employed,Married,Chicago,Yes
APP-12388,2022-06-08,Female,29,69951.0,648,17863.08,Retired,Married,San Antonio,Yes
APP-12479,2023-04-03,Male,22,30911.0,650,31609.77,Employed,Single,Los Angeles,No
APP-12521,2023-01-17,Male,32,31921.0,835,28348.85,Employed,Single,San Diego,Yes
APP-12265,2023-06-15,Female,30,149574.37,709,23832.15,Unemployed,Married,New York,No
APP-11227,2023-02-22,Male,53,45372.0,592,64300.813,Employed,Single,New York,No
APP-12964,2022-05-04,Male,31,45240.0,716,22684.01,Employed,Married,Chicago,Yes
APP-10957,2023-10-22,Female,34,27194.18,597,15751.65,Self-Employed,Divorced,Phoenix,Yes
APP-11773,2023-09-02,Male,38,39625.99,681,19741.81,Retired,Single,Houston,No
APP-12141,2022-03-20,Female,38,42773.0,744,34182.26,Self-Employed,Single,San Diego,No
APP-11008,2022-04-16,Male,56,85078.0,819,35075.28,Employed,Single,Los Angeles,Yes
APP-11092,2023-12-13,Male,39,60178.0,680,35889.08,Unemployed,Single,Los Angeles,No
APP-12958,2022-10-24,Female,43,30134.36,792,33634.44,Employed,Single,Phoenix,No
APP-12744,2023-02-02,Female,30,50815.74,605,24503.58,Self-Employed,Married,Chicago,Yes
APP-10996,2022-07-02,Male,49,28012.0,710,28348.85,Self-Employed,Single,San Antonio,No
APP-11679,2023-03-03,Female,33,28860.75,684,37015.91,Employed,Married,Philadelphia,No
APP-10153,2022-06-22,Female,25,52153.16,772,43732.83,Retired,Married,San Diego,Yes
APP-13082,2023-06-22,Female,19,50815.74,585,33543.05,Self-Employed,Divorced,San Antonio,Yes
APP-10580,2023-08-03,Male,30,38871.66,762,31466.83,Employed,Married,San Diego,Yes
APP-10703,2023-02-14,Female,37,112391.38,594,38267.29,Employed,Married,Los Angeles,Yes
APP-11212,2022-06-03,Male,23,21468.0,644,25417.26,Employed,Single,San Antonio,No
APP-10896,2023-11-16,Male,38,33036.0,631,24484.2,Employed,Single,Philadelphia,Yes
APP-10487,2022-05-22,Male,19,103646.0,630,24503.2,Employed,Single,Chicago,No
APP-10559,2022-10-11,Male,40,71082.0,741,28348.85,Self-Employed,Divorced,Chicago,Yes
APP-11141,2023-08-22,Male,55,50815.74,636,27952.53,Employed,Single,New York,Yes
APP-11119,2022-10-04,Female,59,46844.0,668,28348.85,Unemployed,Divorced,Houston,No
APP-10512,2023-12-29,Male,35,161683.0,754,39396.05,Employed,Married,Los Angeles,Yes
APP-10633,2022-03-13,Male,19,38709.85,798,28747.12,Self-Employed,Single,Chicago,Yes
APP-12858,2023-09-05,Female,46,50815.74,596,36407.0,Retired,Married,San Antonio,Yes
APP-11664,2022-10-31,Female,39,39932.28,685,36142.44,Employed,Married,Los Angeles,No
APP-11012,2023-06-08,Male,21,58531.8,835,20952.86,Unemployed,Married,Los Angeles,No
APP-11931,2023-11-19,Female,39,74716.73,645,36161.6,Retired,Divorced,Houston,Yes
APP-11150,2022-08-20,Male,41,106418.0,624,28348.85,Self-Employed,Married,Phoenix,Yes
APP-12838,2022-06-14,Male,34,117415.82,732,27950.71,Employed,Married,San Antonio,Yes
APP-13106,2022-04-12,Male,67,47536.0,784,40364.19,Employed,Divorced,Chicago,No
APP-10740,2022-07-02,Female,22,33600.57,559,24430.18,Unemployed,Married,Philadelphia,Yes
APP-13058,2022-04-08,Male,46,42761.68,612,25336.92,Employed,Married,Houston,Yes
APP-11974,2022-12-07,Female,47,22231.0,647,46174.69,Employed,Married,San Antonio,Yes
APP-11081,2023-01-29,Male,28,29897.0,680,46149.92,Employed,Single,Chicago,Yes
APP-11810,2023-05-10,Male,38,92442.0,737,39130.26,Unemployed,Married,Chicago,Yes
APP-10830,2023-06-26,Male,19,107157.3,715,35006.23,Employed,Divorced,Phoenix,Yes
APP-10119,2023-08-31,Female,58,56616.0,597,36493.72,Employed,Single,Philadelphia,Yes
APP-10656,2022-06-16,Male,34,63860.71,682,24809.48,Unemployed,Married,Chicago,No
APP-13023,2023-08-15,Male,47,60489.19,618,26365.97,Employed,Single,San Diego,Yes
APP-13188,2023-03-01,Female,41,33390.15,607,25384.52,Employed,Married,Philadelphia,Yes
APP-10369,2023-09-17,Male,38,27954.0,517,34803.6,Employed,Married,Philadelphia,Yes
APP-10268,2022-11-15,Male,29,71708.29,647,28348.85,Unemployed,Single,Phoenix,Yes
APP-12703,2023-04-14,Male,29,22449.0,765,42101.51,Self-Employed,Married,New York,No
APP-12870,2023-12-21,Male,35,24308.0,673,39161.67,Self-Employed,Married,Philadelphia,Yes
APP-10046,2022-09-27,Male,23,54314.0,566,49965.01,Employed,Single,Chicago,Yes
APP-10991,2023-10-24,Male,53,49103.54,550,24265.49,Self-Employed,Single,Philadelphia,Yes
APP-10876,2022-07-11,Male,53,74307.0,710,17991.56,Employed,Married,New York,No
APP-10773,2022-06-08,Male,46,23324.95,770,26156.88,Employed,Single,Chicago,No
APP-11219,2022-01-17,Female,27,93456.47,751,28348.85,Employed,Married,New York,No
APP-11126,2023-04-14,Female,52,33544.5,574,49263.37,Employed,Single,Philadelphia,Yes
APP-10004,2022-11-27,Male,44,50815.74,681,16141.31,Retired,Single,Houston,Yes
APP-11595,2023-12-18,Female,66,41595.12,821,19732.97,Employed,Married,San Antonio,Yes
APP-12311,2023-08-30,Male,47,88934.38,621,24690.62,Employed,Married,Chicago,Yes
APP-12491,2022-08-04,Male,40,33080.17,526,19589.62,Employed,Married,Phoenix,Yes
APP-11077,2023-09-01,Male,55,119873.52,577,64300.813,Unemployed,Single,San Antonio,No
APP-10837,2022-05-20,Male,36,46162.62,664,45218.14,Employed,Married,Philadelphia,Yes
APP-10681,2023-12-22,Male,38,49607.33,735,51297.85,Employed,Single,Chicago,Yes
APP-11715,2022-03-23,Male,60,24606.86,846,15680.09,Unemployed,Single,San Antonio,Yes
APP-12352,2023-05-20,Male,56,30431.84,681,48588.56,Retired,Married,Phoenix,Yes
APP-12617,2023-05-20,Male,43,106274.05,681,15046.43,Retired,Married,New York,No
APP-12361,2022-01-19,Male,21,41456.0,566,13371.57,Employed,Divorced,Phoenix,Yes
APP-12197,2023-09-22,Male,37,125361.23,780,23016.26,Employed,Single,Phoenix,Yes
APP-11148,2022-05-10,Female,33,137304.71,624,42615.44,Employed,Married,San Antonio,Yes
APP-10574,2023-08-11,Male,22,56759.62,725,24357.83,Employed,Single,Philadelphia,Yes
APP-10050,2022-01-21,Male,29,35088.27,658,48812.73,Employed,Married,San Diego,Yes
APP-10853,2023-03-30,Female,43,96307.45,736,21900.53,Employed,Married,New York,Yes
APP-11982,2023-12-31,Male,29,24623.0,698,12216.48,Unemployed,Divorced,Houston,No
APP-12774,2023-05-03,Female,47,40090.04,578,24994.49,Employed,Single,Philadelphia,Yes
APP-11823,2023-01-23,Female,52,88658.0,674,21227.02,Employed,Married,San Antonio,Yes
APP-10833,2022-09-24,Male,47,50815.74,683,31293.13,Self-Employed,Single,New York,Yes
APP-11115,2023-08-26,Male,49,50815.74,715,34246.97,Unemployed,Married,San Diego,No
APP-11166,2023-08-06,Male,49,98714.05,614,22002.22,Retired,Single,Philadelphia,No
APP-12518,2023-09-04,Female,26,32065.77,728,27668.31,Employed,Single,Los Angeles,No
APP-11906,2023-06-17,Female,33,50815.74,558,63922.84,Employed,Married,San Diego,No
APP-10971,2022-11-17,Female,24,50815.74,589,19200.83,Employed,Divorced,Phoenix,Yes
APP-12701,2023-04-18,Male,47,50815.74,674,39944.32,Employed,Married,Houston,Yes
APP-10399,2023-12-03,Female,48,90875.26,541,20849.53,Employed,Divorced,San Diego,Yes
APP-12559,2023-12-18,Male,36,99576.0,641,20546.94,Unemployed,Married,Houston,Yes
APP-12368,2022-09-24,Female,38,94683.0,722,15709.84,Employed,Married,San Diego,No
APP-10019,2022-05-18,Male,34,32358.28,597,34007.12,Self-Employed,Married,Phoenix,Yes
APP-10684,2023-02-25,Female,47,24403.07,666,25925.76,Employed,Single,New York,Yes
APP-10035,2022-09-29,Other,46,39706.37,677,30955.67,Retired,Married,Chicago,No
APP-13130,2023-11-26,Female,32,40588.32,679,18390.52,Employed,Single,New York,Yes
APP-12875,2022-07-29,Male,19,36302.39,581,21506.82,Self-Employed,Married,Philadelphia,Yes
APP-10524,2023-11-23,Female,34,63442.0,736,14226.88,Unemployed,Married,San Diego,Yes
APP-12455,2023-03-30,Female,40,23368.66,741,27549.98,Self-Employed,Married,Los Angeles,Yes
APP-10920,2022-11-12,Male,47,20055.96,757,28500.96,Unemployed,Single,San Antonio,Yes
APP-11841,2022-12-15,Female,25,25299.26,671,23842.87,Employed,Single,San Antonio,No
APP-11890,2022-12-15,Male,30,120604.0,732,42602.7,Employed,Married,Philadelphia,Yes
APP-10537,2022-12-15,Female,34,28738.69,726,42304.81,Employed,Married,Phoenix,Yes
APP-12806,2023-08-23,Male,53,58962.91,683,25210.56,Employed,Married,New York,Yes
APP-11705,2023-07-26,Male,27,61624.4,685,28348.85,Unemployed,Married,Philadelphia,Yes
APP-10245,2023-10-15,Male,25,35175.58,681,43796.1,Employed,Single,San Antonio,Yes
APP-10784,2023-02-25,Male,46,64700.06,723,21366.17,Employed,Married,New York,Yes
APP-11409,2023-03-28,Female,36,36085.33,523,25920.12,Employed,Single,Chicago,Yes
APP-12537,2022-06-19,Female,38,34560.46,760,27029.69,Self-Employed,Married,Chicago,Yes
APP-10154,2022-10-10,Male,23,58805.41,668,36313.36,Employed,Single,San Antonio,Yes
APP-11686,2022-07-30,Male,30,60644.0,641,47519.75,Employed,Married,Los Angeles,No
APP-12901,2022-12-11,Male,37,77342.9,761,16544.41,Self-Employed,Single,San Diego,No
APP-10625,2022-03-04,Male,51,33469.0,751,23266.61,Employed,Married,Los Angeles,Yes
APP-12733,2023-03-23,Male,19,77124.0,748,19537.72,Employed,Divorced,Los Angeles,No
APP-13179,2023-08-09,Female,26,50815.74,654,50081.53,Employed,Married,San Diego,No
APP-11346,2022-02-19,Male,57,50815.74,692,16504.04,Employed,Divorced,Phoenix,Yes
APP-11733,2023-07-31,Male,46,77496.44,771,37389.76,Employed,Married,Philadelphia,Yes
APP-11758,2023-11-15,Male,34,24923.53,584,53786.94,Unemployed,Single,Los Angeles,No
APP-11816,2022-09-26,Male,23,22533.71,619,21365.36,Self-Employed,Single,Chicago,Yes
APP-12065,2022-07-21,Other,38,34460.43,717,35739.52,Retired,Married,Los Angeles,Yes
APP-10127,2022-01-26,Male,51,31411.11,685,26444.66,Retired,Married,Chicago,Yes
APP-12006,2022-07-16,Male,29,20118.83,714,24988.33,Unemployed,Single,Chicago,Yes
APP-10980,2022-10-11,Female,21,41867.0,835,24558.65,Employed,Single,Phoenix,Yes
APP-10190,2023-05-10,Male,20,24658.55,675,23532.65,Employed,Married,Houston,Yes
APP-11139,2023-09-06,Male,38,51653.0,694,55146.6,Self-Employed,Single,San Antonio,Yes
APP-10992,2022-10-11,Female,24,28688.59,668,35470.74,Employed,Single,Philadelphia,No
APP-10699,2023-07-04,Female,41,22711.65,709,20202.75,Unemployed,Married,Houston,Yes
APP-10606,2023-12-04,Male,33,89767.21,662,25417.24,Self-Employed,Married,Los Angeles,Yes
APP-10180,2023-04-24,Male,30,44310.8,565,28018.27,Unemployed,Married,New York,Yes
APP-10301,2023-05-17,Male,19,84840.0,702,43355.59,Employed,Single,Philadelphia,No
APP-12544,2022-06-29,Male,41,70043.0,599,20255.23,Employed,Married,Houston,Yes
APP-13075,2022-08-16,Female,45,57572.99,644,22270.86,Unemployed,Married,New York,Yes
APP-11060,2022-03-06,Male,37,24832.29,753,30632.32,Employed,Single,Chicago,Yes
APP-13120,2022-07-15,Other,53,23400.98,561,16981.48,Self-Employed,Married,Philadelphia,Yes
APP-13181,2022-11-07,Male,19,96802.91,794,29863.1,Employed,Divorced,Phoenix,Yes
APP-12565,2022-12-28,Male,36,64207.31,538,28390.31,Self-Employed,Married,Phoenix,Yes
APP-11069,2022-02-26,Female,37,24256.48,715,16972.45,Employed,Single,Chicago,Yes
APP-12524,2023-11-07,Male,42,56375.97,681,19716.1,Self-Employed,Married,Phoenix,Yes
APP-12205,2022-12-15,Male,60,133617.03,519,43012.5,Employed,Divorced,Houston,Yes
APP-11243,2023-01-16,Male,28,92963.0,583,17113.8,Employed,Married,Phoenix,Yes
APP-10016,2023-03-17,Female,37,29378.19,753,32222.8,Self-Employed,Single,San Antonio,Yes
APP-10563,2023-12-19,Male,52,60093.0,600,12345.0,Employed,Married,San Diego,Yes
APP-10546,2022-04-26,Male,48,43011.55,850,28348.85,Unemployed,Married,Philadelphia,Yes
APP-10658,2023-05-01,Female,38,64156.0,629,36679.16,Retired,Single,Chicago,Yes
APP-12991,2023-11-15,Male,27,32603.0,642,45369.54,Self-Employed,Divorced,Houston,Yes
APP-13026,2023-11-24,Male,40,154036.84,682,16814.96,Self-Employed,Single,San Diego,Yes
APP-11504,2023-12-14,Male,32,135183.0,681,12082.25,Employed,Married,Philadelphia,Yes
APP-10959,2022-01-07,Male,70,24614.0,624,34051.01,Employed,Single,San Antonio,Yes
APP-12926,2023-03-27,Female,44,47284.67,793,20327.63,Employed,Single,San Antonio,Yes
APP-12331,2023-12-16,Male,29,36050.63,681,49766.5,Retired,Married,San Antonio,Yes
APP-10797,2023-01-08,Male,36,76879.82,681,40851.8,Employed,Married,Philadelphia,Yes
APP-10225,2022-04-10,Male,58,98662.6,544,25488.78,Employed,Married,San Antonio,No
APP-12074,2023-02-10,Male,38,50815.74,739,64300.813,Unemployed,Single,Houston,Yes
APP-11799,2023-11-12,Male,53,50161.3,480,28348.85,Unemployed,Married,Chicago,No
APP-12485,2023-03-27,Female,31,29260.86,765,43683.21,Self-Employed,Married,Houston,No
APP-12277,2023-09-30,Male,47,64280.38,719,47618.41,Employed,Divorced,San Diego,Yes
APP-12085,2023-03-17,Male,40,29699.0,704,38285.59,Self-Employed,Married,Los Angeles,Yes
APP-11693,2022-10-08,Male,33,48979.88,744,18753.77,Employed,Married,Houston,Yes
APP-12797,2022-09-11,Male,49,135364.98,663,40166.33,Employed,Married,New York,No
APP-11045,2022-10-27,Female,56,149335.0,755,42059.57,Self-Employed,Single,Houston,Yes
APP-10469,2023-12-21,Male,41,83588.0,652,30316.88,Unemployed,Single,Chicago,Yes
APP-10954,2023-11-20,Female,50,50815.74,771,22390.92,Employed,Divorced,Philadelphia,No
APP-12735,2023-05-12,Male,21,44883.0,694,49384.39,Employed,Married,Los Angeles,Yes
APP-10639,2022-09-10,Male,35,21475.0,660,22936.15,Employed,Married,San Diego,Yes
APP-13078,2023-05-08,Male,40,37103.4,656,22974.93,Unemployed,Single,New York,No
APP-11218,2022-05-12,Female,39,59380.0,593,17238.53,Employed,Married,Chicago,Yes
APP-11158,2022-11-04,Female,38,113387.95,681,12203.57,Employed,Married,San Diego,Yes
APP-11415,2023-09-13,Female,54,21431.15,757,31074.11,Self-Employed,Married,Phoenix,Yes
APP-13061,2023-09-04,Male,36,109850.81,701,23142.34,Employed,Single,Phoenix,Yes
APP-11527,2022-01-14,Male,63,99285.27,791,38283.35,Employed,Married,Chicago,No
APP-11300,2022-09-19,Male,38,40152.88,618,32398.88,Employed,Divorced,Chicago,Yes
APP-13169,2023-05-31,Female,38,43552.33,660,33679.7,Employed,Married,Philadelphia,Yes
APP-12848,2022-06-19,Male,47,106724.13,627,28348.85,Self-Employed,Married,Phoenix,No
APP-11603,2023-03-04,Male,47,47230.54,718,36512.41,Employed,Married,Phoenix,Yes
APP-10160,2022-07-17,Male,48,51525.0,713,49733.37,Employed,Single,New York,Yes
APP-11704,2023-05-29,Male,19,65323.89,754,22338.62,Employed,Single,Chicago,Yes
APP-10956,2023-10-16,Male,47,42826.54,612,17922.56,Retired,Single,Phoenix,No
APP-12869,2022-04-21,Female,39,131778.0,641,40319.57,Employed,Married,New York,Yes
APP-10877,2022-03-07,Male,45,34209.93,653,29786.94,Employed,Married,New York,Yes
APP-11919,2023-05-26,Female,39,23839.83,687,26631.06,Unemployed,Single,Chicago,No
APP-12961,2023-07-05,Male,42,21875.57,626,50042.41,Employed,Married,New York,Yes
APP-11884,2023-01-30,Male,39,60017.0,544,22140.02,Retired,Single,Houston,Yes
APP-12200,2022-08-05,Male,46,33537.0,623,24905.91,Employed,Single,San Diego,Yes
APP-10098,2022-03-19,Other,44,22387.31,716,23100.22,Unemployed,Married,Phoenix,Yes
APP-13128,2023-08-23,Male,25,63229.0,687,20994.57,Self-Employed,Married,San Diego,No
APP-12557,2023-03-01,Female,36,36919.0,572,29951.06,Unemployed,Married,New York,No
APP-10253,2023-07-16,Male,38,101871.0,602,40102.26,Employed,Single,Houston,Yes
APP-10103,2022-12-04,Male,33,215907.27780000013,779,22466.16,Unemployed,Married,Philadelphia,Yes
APP-11445,2022-03-04,Other,58,159135.97,761,38225.99,Unemployed,Married,Houston,Yes
APP-11443,2022-02-14,Male,59,106870.0,706,27593.51,Employed,Married,Chicago,Yes
APP-11648,2023-08-02,Female,19,48294.02,752,27964.33,Self-Employed,Married,Phoenix,Yes
APP-10586,2023-04-07,Female,43,75611.77,566,23126.95,Employed,Married,Phoenix,Yes
APP-10627,2022-09-18,Female,19,58804.72,709,27926.5,Unemployed,Married,Philadelphia,No
APP-11696,2023-12-25,Female,54,25835.95,581,35379.06,Retired,Single,New York,Yes
APP-12101,2023-12-11,Female,43,157160.47,646,11162.2,Employed,Married,New York,Yes
APP-12199,2022-05-19,Male,34,84052.0,732,22800.05,Employed,Single,Los Angeles,Yes
APP-10403,2022-11-15,Other,40,34653.0,694,24468.42,Employed,Divorced,Philadelphia,No
APP-11154,2023-08-20,Male,50,124024.29,681,50982.77,Employed,Married,Chicago,Yes
APP-12255,2023-04-01,Female,47,36293.48,681,19652.16,Unemployed,Married,New York,Yes
APP-12863,2023-03-25,Female,27,97071.64,632,23836.51,Self-Employed,Married,Los Angeles,Yes
APP-11682,2022-01-07,Female,40,30179.16,741,18854.16,Retired,Married,New York,Yes
APP-12056,2023-07-25,Other,46,111776.97,587,28348.85,Self-Employed,Married,Chicago,Yes
APP-13146,2022-08-27,Male,25,58725.06,678,21451.96,Unemployed,Married,New York,Yes
APP-10452,2022-01-15,Female,32,50815.74,822,17292.73,Self-Employed,Single,Los Angeles,No
APP-12301,2023-05-24,Male,37,63583.61,663,30781.63,Employed,Divorced,Phoenix,Yes
APP-11327,2023-11-25,Female,33,24114.85,728,35231.1,Employed,Married,Phoenix,Yes
APP-12944,2023-10-10,Male,37,50815.74,690,44416.16,Employed,Married,Phoenix,No
APP-12049,2022-01-29,Female,34,51927.92,724,20255.99,Employed,Single,New York,Yes
APP-10880,2023-08-25,Male,27,112760.7,724,55675.48,Self-Employed,Married,Los Angeles,Yes
APP-10623,2022-12-10,Male,32,157212.0,598,24592.01,Employed,Single,Houston,No
APP-12393,2022-07-12,Male,35,46611.0,612,21449.36,Employed,Divorced,New York,Yes
APP-13069,2023-06-26,Female,40,27794.75,681,34650.81,Employed,Married,Phoenix,Yes
APP-11787,2023-08-04,Female,25,41854.6,655,47901.29,Unemployed,Married,Los Angeles,No
APP-10262,2022-10-11,Other,47,50815.74,737,43887.4,Self-Employed,Married,San Antonio,Yes
APP-11634,2022-01-05,Female,39,49713.0,789,37078.92,Employed,Married,New York,Yes
APP-11438,2022-07-17,Male,42,27904.0,704,31114.14,Unemployed,Married,San Antonio,Yes
APP-12198,2022-01-07,Female,42,85904.0,685,21925.11,Self-Employed,Married,Houston,Yes
APP-11969,2023-01-22,Male,36,38604.98,750,48215.57,Employed,Divorced,New York,No
APP-12520,2022-09-10,Male,38,50207.0,658,23809.03,Retired,Married,Philadelphia,Yes
APP-11802,2022-02-19,Female,62,22023.0,640,35661.06,Employed,Divorced,Phoenix,Yes
APP-10640,2022-10-10,Male,22,65265.0,567,14061.99,Employed,Married,New York,No
APP-12385,2023-06-21,Female,60,47817.0,710,24048.89,Employed,Married,San Antonio,Yes
APP-12598,2022-07-30,Male,35,137725.0,597,28348.85,Retired,Married,Phoenix,No
APP-13131,2022-07-30,Female,43,26123.0,715,29497.47,Employed,Married,Chicago,Yes
APP-11959,2023-03-22,Other,28,28740.0,681,36135.35,Employed,Married,San Diego,Yes
APP-12976,2023-09-22,Female,40,142836.12,656,32007.22,Employed,Married,New York,Yes
APP-10488,2022-07-21,Male,29,131204.0,696,33656.81,Unemployed,Single,Los Angeles,Yes
APP-11843,2023-06-09,Male,29,20805.59,829,20069.57,Employed,Married,San Antonio,Yes
APP-11734,2022-10-16,Male,33,154676.0,703,19846.13,Self-Employed,Single,New York,No
APP-12911,2022-12-29,Male,59,85887.0,649,22405.61,Employed,Married,Phoenix,Yes
APP-10146,2023-04-13,Male,40,50336.57,710,16602.85,Employed,Single,Philadelphia,Yes
APP-11534,2023-12-17,Male,53,92946.08,688,52282.69,Employed,Married,Chicago,Yes
APP-11986,2022-01-30,Male,31,77230.17,661,37395.62,Employed,Single,Los Angeles,Yes
APP-11369,2022-03-04,Male,32,44253.49,676,48835.67,Employed,Single,Philadelphia,No
APP-13002,2022-12-28,Female,48,50108.69,677,30974.28,Self-Employed,Single,Chicago,Yes
APP-12811,2023-12-07,Male,32,43347.19,758,64300.813,Self-Employed,Married,Phoenix,Yes
APP-10659,2022-06-19,Female,31,45060.37,706,26993.21,Employed,Divorced,Los Angeles,Yes
APP-11794,2023-08-26,Male,49,39081.0,687,28348.85,Employed,Single,Houston,Yes
APP-12511,2023-12-31,Male,36,40575.19,643,51679.66,Self-Employed,Married,New York,Yes
APP-10186,2023-04-01,Female,36,24311.0,768,43084.38,Employed,Married,Los Angeles,Yes
APP-11147,2022-05-14,Female,33,56668.6,625,16359.41,Unemployed,Married,New York,Yes
APP-10608,2023-05-19,Female,29,118319.8,625,37944.3,Retired,Married,San Diego,No
APP-12191,2023-03-15,Female,55,101691.58,693,32143.88,Self-Employed,Single,New York,Yes
APP-12799,2022-01-27,Female,45,140768.72,715,28704.85,Retired,Married,New York,No
APP-11930,2023-10-07,Female,49,73684.42,531,42447.37,Self-Employed,Single,Phoenix,Yes
APP-10197,2023-03-13,Male,33,86496.08,716,34762.65,Employed,Married,Philadelphia,No
APP-12931,2022-04-21,Male,40,50815.74,608,39687.2,Employed,Divorced,Philadelphia,Yes
APP-12327,2022-01-28,Male,52,27596.2,658,35506.01,Employed,Married,Los Angeles,No
APP-10293,2023-02-24,Male,30,54384.0,711,17323.62,Self-Employed,Single,Houston,No
APP-10766,2022-12-20,Male,33,179299.97,730,25486.03,Unemployed,Married,Phoenix,Yes
APP-10400,2022-09-30,Male,50,26633.0,842,32588.46,Employed,Married,New York,No
APP-10122,2022-05-19,Male,25,61191.2,720,56234.97,Employed,Married,Los Angeles,No
APP-10202,2022-09-30,Male,37,50614.27,676,26060.83,Unemployed,Married,Phoenix,Yes
APP-10835,2023-01-24,Male,46,50815.74,615,32521.92,Employed,Single,San Antonio,No
APP-12294,2023-05-24,Male,39,29144.0,642,35440.78,Retired,Married,Chicago,No
APP-11439,2023-07-12,Male,27,95882.0,674,26588.9,Employed,Single,Los Angeles,Yes
APP-11695,2023-04-05,Male,47,27556.35,624,30039.34,Employed,Single,New York,Yes
APP-11707,2023-08-10,Male,51,79748.05,630,15870.7,Employed,Married,Los Angeles,No
APP-11153,2023-12-27,Female,37,23152.0,745,25467.81,Employed,Married,Los Angeles,No
APP-11661,2023-06-08,Male,49,50815.74,707,43304.91,Employed,Married,San Diego,Yes
APP-12432,2022-03-13,Male,44,118858.0,574,40277.16,Employed,Married,Philadelphia,Yes
APP-11759,2022-10-05,Male,36,108412.84,771,33086.63,Self-Employed,Married,Chicago,Yes
APP-10854,2022-01-30,Male,35,30376.0,586,44937.67,Employed,Married,Philadelphia,No
APP-11589,2022-09-27,Male,38,36586.21,762,35416.74,Employed,Divorced,Houston,Yes
APP-12267,2023-12-01,Male,34,46745.95,663,25991.08,Self-Employed,Married,Chicago,Yes
APP-10641,2023-12-01,Female,22,50711.24,745,28595.9,Employed,Married,San Antonio,Yes
APP-10001,2023-05-20,Female,31,46104.09,681,40135.83,Employed,Married,Los Angeles,No
APP-12160,2022-10-17,Female,33,134136.0,670,22664.67,Self-Employed,Single,Houston,Yes
APP-10698,2023-05-03,Male,49,50815.74,788,23296.09,Self-Employed,Married,San Antonio,Yes
APP-12999,2022-04-12,Female,26,109931.57,736,18967.56,Retired,Married,New York,Yes
APP-11636,2022-11-09,Male,27,81269.0,558,39187.62,Employed,Married,San Antonio,Yes
APP-11291,2022-04-07,Female,56,81865.57,627,58270.95,Unemployed,Single,New York,No
APP-13158,2022-03-12,Female,28,50815.74,704,21301.9,Self-Employed,Married,New York,Yes
APP-12489,2022-06-03,Male,44,33174.0,586,37703.87,Employed,Divorced,Chicago,No
APP-11520,2022-04-01,Female,35,46920.72,763,29501.15,Employed,Single,Phoenix,No
APP-11853,2023-04-17,Female,35,127879.18,751,28348.85,Retired,Single,San Diego,Yes
APP-11136,2023-04-17,Other,38,50967.0,694,30720.33,Employed,Married,Los Angeles,Yes
APP-11631,2022-10-14,Male,47,49099.92,625,19044.1,Self-Employed,Married,Houston,Yes
APP-11998,2022-01-08,Male,38,78006.3,584,24022.33,Retired,Married,Chicago,Yes
APP-10663,2022-01-26,Male,57,124086.0,712,34684.93,Self-Employed,Divorced,Phoenix,Yes
APP-10683,2023-01-11,Female,31,39874.0,572,13775.75,Unemployed,Married,New York,No
APP-11257,2022-11-16,Male,36,20278.0,666,28348.85,Employed,Single,San Diego,No
APP-10317,2022-11-10,Male,32,50849.0,565,18142.79,Employed,Married,Philadelphia,Yes
APP-10648,2023-11-15,Male,19,22313.27,610,21424.1,Employed,Single,Los Angeles,Yes
APP-11434,2022-05-13,Female,19,122236.0,688,41372.88,Employed,Single,Chicago,Yes
APP-11479,2022-10-25,Male,48,47449.0,704,27642.13,Unemployed,Married,Phoenix,No
APP-10709,2023-10-31,Female,19,101933.0,698,53136.09,Employed,Single,Chicago,No
APP-11768,2023-07-09,Male,43,33012.0,617,30445.9,Employed,Married,San Diego,Yes
APP-10972,2023-09-07,Male,19,116058.35,774,40910.64,Employed,Married,Phoenix,Yes
APP-12675,2023-06-16,Male,38,184669.34,681,14785.7,Self-Employed,Married,San Diego,Yes
APP-12680,2023-06-24,Male,57,123675.57,688,31763.66,Employed,Single,Philadelphia,Yes
APP-11306,2022-03-16,Female,54,42181.0,695,33488.24,Retired,Single,San Diego,Yes
APP-11400,2022-12-14,Male,31,62177.0,817,16577.6,Employed,Married,Houston,No
APP-11408,2023-08-10,Female,33,113392.0,682,43553.42,Employed,Married,Chicago,Yes
APP-12237,2023-03-08,Female,38,60642.32,671,34384.5,Retired,Married,San Antonio,No
APP-11496,2022-12-01,Female,41,54118.0,624,21919.94,Employed,Single,San Diego,Yes
APP-12038,2022-03-23,Male,20,45132.82,754,25385.86,Retired,Single,Philadelphia,Yes
APP-11529,2022-09-01,Female,37,25975.92,709,16770.01,Employed,Single,San Diego,Yes
APP-11663,2022-05-30,Male,30,44681.12,594,39702.98,Self-Employed,Married,Chicago,No
APP-11354,2023-03-04,Male,30,25082.54,752,46323.76,Employed,Divorced,Philadelphia,No
APP-11643,2022-02-18,Female,42,90340.17,692,63397.58,Employed,Single,Philadelphia,Yes
APP-11051,2022-07-26,Female,43,60100.16,681,21514.64,Employed,Single,San Antonio,Yes
APP-10795,2023-09-03,Female,49,54550.0,691,18514.74,Employed,Married,Chicago,No
APP-12693,2023-05-28,Male,46,122844.07,666,42438.02,Employed,Single,Los Angeles,Yes
APP-13060,2022-01-31,Female,40,65228.86,801,43650.86,Retired,Divorced,Los Angeles,Yes
APP-11597,2022-08-02,Female,67,146071.0,797,28348.85,Employed,Single,Los Angeles,Yes
APP-12604,2022-06-20,Male,39,54764.51,730,30303.01,Unemployed,Single,Houston,No
APP-12729,2023-05-14,Male,44,76189.0,769,19922.71,Employed,Single,San Antonio,No
APP-12625,2022-04-19,Male,27,65548.29,748,18975.45,Employed,Married,San Antonio,Yes
APP-11819,2023-07-15,Female,61,44074.55,681,18907.98,Employed,Married,New York,Yes
APP-11722,2023-05-01,Male,43,30112.0,676,17602.18,Employed,Divorced,San Antonio,Yes
APP-11183,2023-06-17,Female,36,81776.65,681,26460.02,Employed,Married,Philadelphia,Yes
APP-12572,2022-01-24,Male,46,38610.45,680,24822.28,Employed,Married,Houston,No
APP-10540,2023-11-11,Male,20,103838.47,680,39463.02,Employed,Single,San Antonio,No
APP-12796,2023-11-04,Male,38,80846.53,600,18574.0,Employed,Married,San Diego,Yes
APP-13196,2023-05-07,Female,26,121396.66,740,28348.85,Self-Employed,Single,Los Angeles,No
APP-12532,2022-01-10,Male,29,37147.74,657,28348.85,Self-Employed,Divorced,Los Angeles,Yes
APP-11757,2023-10-12,Male,30,50399.52,682,39967.89,Employed,Married,San Antonio,Yes
APP-11923,2022-08-19,Male,38,57791.59,562,28348.85,Self-Employed,Married,New York,Yes
APP-10095,2023-09-07,Female,31,48003.69,771,51405.64,Employed,Married,San Diego,Yes
APP-11020,2022-02-14,Female,40,50815.74,777,18368.15,Employed,Married,Chicago,Yes
APP-12790,2023-01-13,Male,38,215907.27780000013,682,54136.86,Employed,Married,San Antonio,Yes
APP-10863,2023-01-04,Male,34,39237.0,776,45771.93,Retired,Single,Philadelphia,No
APP-11484,2022-11-17,Female,31,35845.6,669,23201.58,Unemployed,Married,Los Angeles,Yes
APP-12939,2023-08-04,Male,68,59809.7,691,22619.3,Retired,Single,Philadelphia,Yes
APP-11881,2023-03-22,Female,57,31694.24,720,12996.99,Unemployed,Divorced,Houston,Yes
APP-11038,2022-12-28,Female,40,101884.0,778,37395.66,Employed,Single,Philadelphia,No
APP-10206,2023-01-10,Male,19,51478.66,681,41796.28,Unemployed,Married,San Diego,Yes
APP-10392,2023-10-28,Female,28,53665.71,681,34421.13,Self-Employed,Single,New York,Yes
APP-12842,2023-05-02,Female,53,34761.8,795,34112.85,Employed,Married,Los Angeles,No
APP-10870,2022-04-23,Female,42,110915.18,569,31646.54,Employed,Married,Phoenix,Yes
APP-10397,2022-01-07,Male,39,120294.33,702,47885.27,Unemployed,Married,Phoenix,Yes
APP-12814,2022-01-16,Male,50,50815.74,572,17811.72,Employed,Divorced,Phoenix,No
APP-13185,2023-05-21,Male,40,44791.18,722,40830.3,Employed,Single,San Antonio,No
APP-11028,2022-04-20,Male,61,21143.79,666,18620.48,Employed,Single,Chicago,Yes
APP-12690,2022-11-21,Male,30,26234.79,557,23460.59,Retired,Single,Chicago,No
APP-11485,2023-08-17,Female,30,23373.62,731,39149.88,Employed,Single,Chicago,Yes
APP-12660,2022-03-30,Female,37,41986.0,558,27869.32,Employed,Married,San Antonio,Yes
APP-10960,2023-12-01,Female,56,50815.74,695,19252.86,Employed,Married,Los Angeles,No
APP-11570,2023-01-28,Female,23,120390.72,639,19979.64,Unemployed,Divorced,Los Angeles,Yes
APP-12773,2023-03-02,Male,40,66522.18,681,35250.81,Self-Employed,Single,Chicago,Yes
APP-11895,2023-10-22,Male,33,42264.27,672,41286.02,Employed,Married,San Antonio,Yes
APP-12731,2022-04-17,Male,68,31676.18,649,53993.12,Retired,Single,Phoenix,Yes
APP-12146,2023-08-01,Female,40,46573.54,655,40377.12,Unemployed,Married,San Antonio,No
APP-10804,2022-05-19,Male,47,44049.65,780,24510.51,Employed,Married,San Antonio,No
APP-12454,2023-09-23,Female,30,20320.0,602,28348.85,Employed,Single,Phoenix,Yes
APP-10502,2022-04-21,Male,27,215907.27780000013,705,22019.17,Employed,Single,San Antonio,No
APP-13119,2023-02-20,Male,44,106906.0,721,13259.31,Employed,Married,San Diego,Yes
APP-13104,2023-09-14,Male,42,64544.09,617,32681.72,Employed,Single,Los Angeles,Yes
APP-12977,2022-12-12,Male,38,27268.38,724,25978.91,Employed,Married,Houston,Yes
APP-11863,2022-10-23,Male,33,41944.79,732,39521.91,Retired,Married,San Antonio,No
APP-10200,2023-06-25,Male,39,50564.46,727,14421.68,Employed,Married,Phoenix,Yes
APP-12182,2023-07-28,Female,49,50815.74,658,27610.46,Employed,Single,San Diego,Yes
APP-13099,2023-03-30,Male,36,20436.0,633,35733.98,Employed,Single,San Antonio,Yes
APP-12088,2022-05-11,Female,25,39242.0,638,27725.81,Employed,Single,San Antonio,Yes
APP-13065,2023-07-24,Female,68,20070.03,746,33094.3,Employed,Married,Houston,No
APP-12278,2022-05-04,Female,38,122874.0,657,49008.01,Employed,Married,Chicago,Yes
APP-11796,2023-04-13,Female,19,36995.0,678,48925.78,Employed,Single,Phoenix,No
APP-10378,2022-09-11,Female,58,71709.79,746,20802.37,Employed,Single,Houston,No
APP-12336,2023-01-20,Female,40,50815.74,584,16689.62,Employed,Married,Houston,Yes
APP-10418,2023-12-24,Male,47,43888.0,604,14018.71,Unemployed,Married,Chicago,No
APP-11698,2022-06-25,Female,63,66578.19,682,56527.24,Employed,Divorced,San Diego,Yes
APP-12640,2022-05-30,Male,65,86976.0,655,47084.76,Employed,Married,New York,No
APP-11522,2022-07-08,Male,39,31632.0,662,23339.87,Self-Employed,Married,Los Angeles,Yes
APP-11162,2023-01-28,Female,40,40025.39,502,29218.84,Employed,Married,Los Angeles,No
APP-13134,2023-01-18,Male,30,213121.66,732,29256.05,Self-Employed,Single,Houston,No
APP-11495,2022-05-10,Female,19,50815.74,773,31421.54,Retired,Divorced,New York,Yes
APP-12695,2022-07-24,Female,37,40050.38,664,30960.31,Employed,Married,Philadelphia,Yes
APP-12027,2022-01-11,Male,40,48961.0,684,22711.15,Employed,Single,Houston,Yes
APP-11152,2022-07-18,Male,45,59191.61,546,32580.46,Employed,Married,New York,Yes
APP-11367,2023-10-19,Female,43,25536.77,557,41278.08,Employed,Single,Chicago,Yes
APP-12568,2022-07-20,Male,28,84544.74,733,30167.75,Employed,Married,Phoenix,No
APP-10064,2022-03-17,Female,69,24174.82,603,54635.64,Employed,Single,Phoenix,Yes
APP-12062,2023-09-26,Male,29,35002.0,678,38904.52,Employed,Single,Houston,Yes
APP-13112,2023-06-05,Female,51,153076.21,665,28348.85,Self-Employed,Married,Phoenix,Yes
APP-10492,2022-12-17,Male,55,215907.27780000013,706,21060.67,Employed,Single,San Diego,No
APP-10379,2023-03-24,Female,35,121863.67,568,25541.69,Employed,Divorced,Houston,Yes
APP-12235,2022-08-07,Male,56,32708.65,718,17979.77,Unemployed,Married,Los Angeles,No
APP-10763,2023-03-19,Male,35,20207.49,765,26730.68,Employed,Married,Houston,Yes
APP-12264,2023-11-28,Male,37,91728.76,538,27154.69,Employed,Single,Philadelphia,No
APP-10791,2023-04-28,Male,52,36584.4,645,30696.53,Employed,Married,Chicago,No
APP-10878,2023-03-12,Male,41,78694.26,662,15708.41,Employed,Single,Los Angeles,No
APP-10337,2023-03-09,Female,19,52924.63,608,55924.63,Employed,Single,Houston,Yes
APP-12767,2023-01-17,Female,38,24050.0,573,20663.86,Employed,Divorced,New York,No
APP-12343,2023-10-30,Male,38,55888.0,717,34925.61,Retired,Single,San Diego,No
APP-11016,2022-01-06,Male,58,35641.88,728,19377.15,Retired,Divorced,San Antonio,Yes
APP-11275,2022-08-29,Female,25,20240.79,681,19248.79,Unemployed,Married,Phoenix,Yes
APP-10455,2022-05-01,Male,26,28041.0,775,45302.26,Self-Employed,Married,New York,Yes
APP-10815,2022-03-22,Male,30,32702.0,608,26011.9,Unemployed,Single,Chicago,Yes
APP-12317,2023-08-31,Female,35,53364.74,601,28348.85,Employed,Single,Phoenix,Yes
APP-10995,2022-08-15,Female,33,70423.75,631,17881.4,Unemployed,Single,Phoenix,No
APP-11981,2022-09-07,Female,21,158199.55,825,23078.23,Employed,Married,New York,Yes
APP-10201,2022-09-29,Male,27,50968.65,591,37195.69,Retired,Married,San Antonio,No
APP-10161,2022-03-31,Female,37,61339.58,668,16024.4,Unemployed,Married,Los Angeles,Yes
APP-11579,2022-10-16,Female,65,29500.0,621,18069.35,Employed,Single,New York,Yes
APP-12777,2023-07-05,Male,66,63804.0,601,28909.79,Self-Employed,Single,Houston,Yes
APP-12449,2022-12-23,Female,50,88044.28,681,38808.25,Self-Employed,Single,Philadelphia,No
APP-10702,2023-09-25,Male,38,34403.0,649,26698.98,Self-Employed,Married,Chicago,No
APP-11500,2023-09-25,Female,38,35507.0,458,15360.22,Employed,Single,Chicago,No
APP-11129,2023-03-13,Male,36,50815.74,675,44845.24,Employed,Single,San Antonio,Yes
APP-12613,2023-03-13,Male,23,43631.0,726,28348.85,Employed,Single,Philadelphia,No
APP-11021,2022-11-20,Female,52,50815.74,665,34567.21,Self-Employed,Married,San Antonio,Yes
APP-13073,2022-09-19,Male,35,24669.0,696,25320.42,Employed,Single,Houston,Yes
APP-11585,2022-10-17,Female,37,31871.14,801,24160.76,Self-Employed,Single,Chicago,Yes
APP-11955,2023-03-24,Male,32,33306.0,772,33167.7,Unemployed,Married,San Antonio,Yes
APP-13152,2023-12-12,Male,21,50815.74,842,64300.813,Self-Employed,Married,Los Angeles,Yes
APP-12253,2023-12-21,Male,31,43140.97,790,50644.47,Self-Employed,Single,Philadelphia,No
APP-10034,2023-09-12,Male,40,90384.38,578,28348.85,Unemployed,Married,San Antonio,No
APP-10775,2023-01-20,Female,50,50815.74,676,19420.09,Unemployed,Single,San Antonio,No
APP-12556,2022-04-15,Male,45,44139.8,636,25364.1,Unemployed,Single,Los Angeles,No
APP-11478,2023-02-25,Male,35,22585.0,775,26857.87,Employed,Married,Los Angeles,Yes
APP-13003,2023-05-25,Male,37,28412.38,695,17505.35,Employed,Married,San Diego,Yes
APP-11390,2022-08-18,Male,28,33548.02,580,17937.39,Employed,Married,Los Angeles,No
APP-12139,2022-11-01,Male,36,63496.99,654,28348.85,Retired,Married,San Diego,Yes
APP-11363,2022-05-31,Male,19,50815.74,673,14299.4,Self-Employed,Single,Houston,No
APP-12945,2023-05-16,Male,50,139269.12,704,38185.13,Employed,Married,New York,Yes
APP-12612,2022-11-18,Male,46,48127.0,686,28348.85,Employed,Married,San Diego,Yes
APP-12824,2022-12-29,Male,28,63563.67,631,30221.1,Employed,Single,Philadelphia,Yes
APP-12041,2023-10-24,Male,39,50815.74,542,41075.8,Self-Employed,Married,Chicago,Yes
APP-10241,2022-03-11,Male,38,121697.69,619,24173.76,Employed,Divorced,Houston,Yes
APP-12061,2022-12-07,Female,19,39983.0,604,33116.39,Employed,Single,Chicago,Yes
APP-12363,2022-01-01,Female,19,21575.9,691,25353.55,Self-Employed,Married,Houston,Yes
APP-10600,2023-12-08,Male,24,129254.0,770,20303.74,Employed,Married,New York,Yes
APP-12435,2023-03-12,Male,28,122442.0,665,14603.29,Employed,Married,New York,Yes
APP-11297,2023-08-13,Male,29,60356.4,671,21832.02,Employed,Single,Philadelphia,No
APP-12214,2022-10-04,Male,19,34267.53,776,25149.22,Employed,Married,Philadelphia,No
APP-12888,2022-08-07,Male,30,99807.0,698,23683.58,Unemployed,Married,Philadelphia,Yes
APP-12068,2023-03-25,Female,51,54923.85,807,17245.9,Self-Employed,Married,Phoenix,Yes
APP-10646,2023-01-12,Female,21,50815.74,727,38667.94,Self-Employed,Married,Phoenix,No
APP-11528,2023-12-02,Male,31,40145.0,785,34417.7,Unemployed,Married,Chicago,Yes
APP-12879,2022-07-15,Female,22,41123.0,741,28348.85,Employed,Married,Philadelphia,Yes
APP-11267,2022-03-10,Female,55,26602.78,743,30403.29,Self-Employed,Married,Philadelphia,Yes
APP-11899,2022-08-16,Female,38,76899.99,582,22907.94,Self-Employed,Married,San Antonio,Yes
APP-10562,2022-01-03,Male,41,40700.55,727,27477.59,Unemployed,Single,Los Angeles,No
APP-12734,2023-06-08,Male,26,27960.78,664,39618.48,Employed,Married,San Diego,Yes
APP-13005,2022-06-28,Male,38,20039.0,651,8897.94,Employed,Single,Philadelphia,Yes
APP-10189,2022-11-06,Female,54,102471.46,584,22163.84,Employed,Married,New York,Yes
APP-11806,2023-02-18,Male,50,43331.94,773,29183.36,Employed,Divorced,Phoenix,Yes
APP-10975,2023-06-21,Female,31,102414.61,639,33925.7,Self-Employed,Married,San Antonio,Yes
APP-12747,2022-03-05,Female,46,46194.0,684,33506.65,Retired,Divorced,Phoenix,Yes
APP-12047,2022-08-12,Female,37,87323.0,589,35603.92,Self-Employed,Single,Philadelphia,Yes
APP-12558,2023-07-18,Male,61,33655.0,669,23177.53,Self-Employed,Married,Houston,Yes
APP-10474,2022-03-06,Male,37,29217.86,579,20837.29,Employed,Married,Los Angeles,No
APP-12904,2023-09-23,Other,35,23491.28,796,30820.52,Self-Employed,Married,San Diego,Yes
APP-10747,2023-02-01,Female,58,81530.7,646,30518.17,Employed,Married,San Diego,No
APP-12300,2023-11-27,Female,24,27776.0,668,39842.71,Employed,Married,Chicago,Yes
APP-10459,2023-03-11,Male,61,113894.86,601,18374.71,Self-Employed,Married,New York,Yes
APP-11184,2023-05-21,Male,43,90522.6,737,38539.15,Employed,Single,Los Angeles,Yes
APP-12324,2023-04-23,Male,25,61640.0,753,24598.01,Employed,Divorced,Los Angeles,No
APP-10955,2023-02-09,Male,50,25530.33,591,34019.49,Self-Employed,Single,San Diego,No
APP-11215,2023-10-14,Female,29,54839.67,708,40814.55,Employed,Married,San Diego,No
APP-12433,2022-12-03,Male,49,97979.0,713,22767.54,Retired,Married,New York,Yes
APP-12853,2022-02-04,Female,29,30791.69,749,26385.21,Unemployed,Married,Los Angeles,Yes
APP-11515,2023-04-02,Male,53,21552.72,700,48356.76,Employed,Single,Philadelphia,Yes
APP-12391,2023-08-22,Male,35,61475.7,623,15751.71,Employed,Married,Houston,Yes
APP-10769,2022-11-27,Female,36,38814.14,679,22886.68,Employed,Married,Los Angeles,Yes
APP-11685,2023-05-04,Male,38,65122.64,632,35396.89,Self-Employed,Married,New York,Yes
APP-10130,2023-12-15,Male,35,23954.52,681,17555.88,Employed,Divorced,San Diego,Yes
APP-12919,2022-09-24,Male,34,53231.26,844,28348.85,Employed,Married,San Antonio,No
APP-13171,2023-11-09,Female,35,68848.0,674,14860.49,Employed,Married,San Antonio,No
APP-12135,2023-02-23,Female,28,34646.23,737,47472.37,Employed,Married,San Antonio,Yes
APP-11482,2022-08-08,Male,34,79053.92,765,15343.19,Employed,Single,Los Angeles,No
APP-10330,2022-04-21,Female,35,90598.0,780,20916.08,Employed,Divorced,Los Angeles,No
APP-11238,2022-02-24,Male,25,158532.01,686,28127.86,Employed,Married,San Antonio,No
APP-10466,2022-10-05,Male,39,115521.0,719,16871.13,Employed,Married,San Diego,Yes
APP-12169,2022-11-26,Female,30,215907.27780000013,597,23333.88,Employed,Married,Houston,Yes
APP-11638,2023-01-29,Male,33,50815.74,687,39753.42,Employed,Married,Los Angeles,Yes
APP-13092,2022-06-29,Female,20,21222.28,612,14697.96,Employed,Married,New York,Yes
APP-11095,2022-02-03,Female,23,57638.04,729,7033.03,Employed,Single,Philadelphia,Yes
APP-11130,2023-10-11,Male,59,40167.56,653,20775.81,Retired,Married,New York,Yes
APP-11294,2022-10-09,Male,34,38798.48,706,23172.23,Retired,Single,San Antonio,Yes
APP-10860,2023-08-22,Female,48,50815.74,667,19244.52,Employed,Single,San Antonio,No
APP-13174,2022-06-23,Female,49,58238.0,644,23978.13,Self-Employed,Divorced,San Antonio,No
