Applicant_ID,Application_Date,Gender,Age,Annual_Income,Credit_Score,Loan_Amount,Employment_Status,Marital_Status,City,Loan_Approved
APP-11292,"May 23, 2023",M,37.0,,621.0,33921.67,Self-Employed,Single,Phoenix,Y
APP-12318,2022.04.11,male,33.0,"$34,326.24",653.0,20808.57,Freelancer,Married,Chicago,0
APP-12643,21/01/2023,male,53.0,55745.85,534.0,"$28,850.86",Self-Employed,Married,Phoenix,Y
APP-10807,12/11/2023,male,,"$76,831.14",,34544.27,Self Employed,DIVORCED,San Antonio,n
APP-12228,25/04/2023,Male,46.0,24854.53,771.0,23680.54,Retired,SINGLE,new york,1
APP-11653,"September 18, 2023",,37.0,"$22,399.10",725.0,"$48,697.65",Employed,Single,PHOENIX,N
  APP-10332  ,09/24/2022,male,23.0,60297.79,724.0,14744.07,retired,Divorced,Houston,Y
APP-12700,2023-02-25,Male,32.0,"  $91,352  ",731.0,35855.61,Employed,MARRIED,  Philadelphia  ,y
APP-13156,04/25/2023,Female,59.0,"$142,718.49",680.0,15983.85,,Divorced,san diego,N
APP-12588,2023-04-06,Male,44.0,"  $36,257  ",577.0,,Unemployed,Single,Phoenix,y
APP-12044,2023-02-12,Male,20.0,205070.53,752.0,29990.39,Employed,Single,los angeles,Y
APP-10680,09/22/2022,other,19.0,"  $85,280  ",677.0,28261.27,Employed,Single,Los Angeles,0
APP-10279,2022.10.07,F,48.0,47270.94,9999.0,28314.82,Full-Time,SINGLE,San Diego,No
APP-12900,10/24/2023,Male,45.0,41484.02,646.0,"$22,627.52",Self Employed,Single,Houston,1
APP-10170,30/10/2023,,36.0,,690.0,"$17,425.86",EMP,Single,san antonio,1
APP-12886,2022-07-13,M,51.0,"  $45,197  ",726.0,19092.09,unemployed,Divorced,Los Angeles,Yes
APP-12795,05/20/2022,female,47.0,27769.07,768.0,21381.23,EMP,Married,Philadelphia,n
,"October 25, 2023",Female,50.0,"$20,924.92",,25951.86,retired,Divorced,Houston,n
APP-11023,2022-10-07,Female,32.0,54673.82,731.0,"$18,537.98",Employed,Single,san diego,No
APP-10618,31/01/2023,female,33.0,"$36,464.24",699.0,"$31,756.29",Employed,Married,Chicago,y
APP-11820,28/04/2022,male,35.0,,692.0,"$23,389.64",Employed,married,New York,y
APP-10299,2023.04.25,F,47.0,"$35,200.91",551.0,17212.18,employed,Single,PHOENIX,Yes
APP-12338,01/24/2022,F,35.0,27245.67,608.0,25311.89,Employed,Married,phoenix,Y
APP-11454,2023-10-04,FEMALE,39.0,75279,646.0,"$30,838.27",Full-Time,Married,Los Angeles,1
APP-11525,10/26/2022,Female,48.0,0,616.0,23006.56,UNEMP,Divorced,Phoenix,Y
APP-12692,2022-04-23,Female,26.0,"$29,644.98",538.0,17060.57,Self-Employed,D,philadelphia,0
APP-10693,2023-11-03,Male,37.0,"$28,979.68",527.0,33162.1,Employed,Married,NEW YORK,Y
APP-11075,2022-01-15,Male,46.0,"$127,870.44",596.0,15327.42,Unemployed,Single,Houston,No
APP-12356,2023-07-17,,19.0,"$145,896.43",634.0,,Self-Employed,Married,Phoenix,Yes
APP-13095,2022-03-28,Female,36.0,53024.36,626.0,"$19,236.32",None,married,Chicago,0
APP-10070,2023-07-25,male,41.0,"$96,932.41",653.0,26592.03,Unemployed,S,Phoenix,No
APP-11392,"September 26, 2023",male,28.0,33223.51,747.0,32371.76,employed,married,Philadelphia,n
APP-10314,09/19/2023,M,32.0,42714.69,611.0,"$23,959.28",employed,married,Houston,Yes
APP-11357,2023-10-02,MALE,23.0,"$108,825.34",699.0,20587.4,employed,SINGLE,San Antonio,n
APP-11558,02/05/2023,M,54.0,"$24,857.46",819.0,,Employed,Single,New York,n
APP-11582,2022-04-27,Male,47.0,,677.0,26659.98,Retired,M,San Antonio,Yes
APP-12647,11/19/2022,male,52.0,"$75,596.50",819.0,31200.17,Employed,Single,San Antonio,N
APP-13025,04/04/2022,Male,30.0,"$43,973.87",742.0,"$23,703.88",retired,Single,  Los Angeles  ,No
APP-10461,2023-10-27,Female,50.0,"  $81,769  ",584.0,,Employed,Married,Houston,Yes
  APP-12630  ,2022-06-07,,32.0,36595.81,727.0,23318.96,Retired,Divorced,CHICAGO,n
APP-10965,2022-03-11,Male,39.0,20903.41,672.0,"$30,636.38",None,S,philadelphia,1
APP-12877,2022.05.16,F,42.0,"$191,292.35",640.0,"$30,581.51",EMP,married,Houston,No
APP-12372,"June 05, 2023",FEMALE,35.0,,716.0,8315.1,Unemployed,Married,Houston,1
APP-11298,"November 16, 2023",  Female  ,33.0,,676.0,"$42,032.30",Self-Employed,Single,New York,Yes
APP-13030,"August 23, 2022",F,25.0,"$118,037.99",721.0,"$25,999.27",Employed,divorced,Houston,Yes
APP-10030,2023.05.29,Female,,"$86,891.98",692.0,"$19,299.41",employed,Single,Philadelphia,n
APP-10486,04/03/2023,female,44.0,"$26,635.71",718.0,"$27,982.68",,married,San Antonio,y
APP-10194,2023-06-08,Male,39.0,22580,644.0,24284.28,employed,Single,Los Angeles,y
APP-11450,01/31/2023,M,66.0,46448,545.0,"$36,847.28",Unemployed,Divorced,San Diego,1
APP-11726,2023-10-30,M,36.0,"  $42,667  ",730.0,22070.29,Employed,divorced,Los Angeles,0
APP-11600,07/12/2023,Male,50.0,"$34,767.02",850.0,27435.63,Employed,Single,phoenix,1
APP-10139,2022.07.19,Male,27.0,"$59,640.22",827.0,28123.68,UNEMP,Single,Phoenix,n
APP-10240,2023-09-07,Female,29.0,"$25,740.23",,"$55,437.48",UNEMP,MARRIED,  Philadelphia  ,N
APP-10787,2022-12-24,male,25.0,"$40,588.00",636.0,"$61,207.05",unemployed,divorced,Phoenix,1
APP-11064,"June 07, 2022",MALE,69.0,"$95,087.46",610.0,21058.63,Employed,Married,san diego,1
APP-11427,11/11/2023,f,59.0,"  $47,705  ",,"$30,149.66",retired,Single,Los Angeles,Yes
APP-12310,07/05/2023,F,58.0,51132.31,600.0,"$24,825.42",Retired,SINGLE,PHILADELPHIA,y
APP-10594,2023-09-11,MALE,28.0,54086,801.0,16944.87,Self Employed,Married,Los Angeles,Y
APP-12221,03/09/2023,Female,19.0,"$33,704.64",675.0,"$45,452.09",self-employed,,San Diego,n
APP-12232,2022.04.01,Female,55.0,"$84,755.57",595.0,33587.84,Employed,Married,PHOENIX,1
APP-12787,2023-05-08,FEMALE,33.0,"$41,694.15",655.0,26079.36,Self-Employed,Married,new york,Yes
APP-11660,"June 01, 2022",female,51.0,54983.61,568.0,49177.86,Self-Employed,Married,Philadelphia,1
APP-10256,12/31/2022,Male,55.0,,783.0,26567.35,  Employed  ,married,San Diego,y
APP-13103,"January 20, 2022",other,56.0,72746.62,603.0,"$12,345.00",Self Employed,Married,Houston,y
APP-11752,2022-06-11,Male,43.0,31742.5,565.0,39044.7,UNEMP,,Houston,No
APP-12541,2023-07-30,male,51.0,"$29,207.91",675.0,"$12,345.00",Employed,Single,Houston,Yes
APP-12832,2022-08-07,male,40.0,,620.0,,Self-Employed,SINGLE,Phoenix,Yes
APP-12672,27/12/2023,Other,0.0,0,,11922.28,Pensioner,Single,Houston,y
APP-10032,2022.08.15,  Male  ,36.0,"  $102,898  ",643.0,63005.49,self-employed,,CHICAGO,Y
APP-10764,2022-10-28,male,26.0,"  $51,143  ",800.0,49806.09,employed,Married,San Diego,1
APP-11159,09/06/2022,male,27.0,,,36113.73,Ret.,Single,  New York  ,N
APP-12476,2023-10-07,M,28.0,88962,589.0,"$54,792.20",self-employed,DIVORCED,San Diego,No
APP-10430,2023.11.06,Male,48.0,,,"$32,934.96",Freelancer,Married,Phoenix,1
APP-10457,2022-03-30,female,44.0,106016,787.0,"$26,991.80",Employed,Married,San Diego,0
  APP-11620  ,17/09/2023,Female,41.0,30361.86,,"$15,675.99",  Employed  ,Married,Los Angeles,Y
APP-11424,23/12/2022,female,53.0,37893.05,583.0,15543.79,Employed,married,San Antonio,1
  APP-10527  ,2023-10-31,Male,63.0,"$80,144.64",782.0,"$46,961.73",employed,MARRIED,Phoenix,y
APP-10203,01/09/2022,female,37.0,88786.8,719.0,"$29,978.61",,single,Philadelphia,0
APP-13170,2022-05-15,Male,19.0,"$25,474.38",757.0,18960.7,employed,Married,  San Diego  ,Y
APP-10463,2023.10.27,Female,35.0,"$67,313.41",,36950.7,EMP,single,san diego,Y
APP-10393,"September 17, 2022",F,19.0,,654.0,35142.64,Employed,SINGLE,New York,Y
APP-13038,2023-08-24,male,61.0,"$28,396.84",562.0,"$32,880.72",Self-Employed,single,San Antonio,Yes
APP-10052,2023-03-08,Male,47.0,"  $46,560  ",563.0,14669.22,employed,Married,san antonio,0
APP-10134,"December 07, 2022",,60.0,85237.27,747.0,33554.34,self-employed,Married,Phoenix,N
APP-11091,02/08/2023,Female,-8.0,"$38,299.65",729.0,"$55,227.78",Employed,Single,los angeles,Y
APP-12943,2022-07-11,m,49.0,57310.07,768.0,25569.56,Self-Employed,married,Chicago,1
  APP-10017  ,29/04/2022,Female,61.0,57882.63,705.0,55668.87,Self Employed,Married,Phoenix,Y
APP-11034,2023-06-06,M,34.0,41488.19,773.0,"$34,967.13",unemployed,DIVORCED,Chicago,y
APP-10809,2023-06-03,Male,53.0,124301.36,665.0,"$37,189.91",EMP,Married,  Houston  ,N
APP-10657,29/06/2023,Female,,29818,535.0,33317.38,Unemployed,Divorced,Houston,n
APP-12093,2022.06.27,Male,43.0,42529,691.0,16553.33,employed,divorced,san antonio,Y
APP-11461,"December 17, 2023",Female,35.0,"$58,092.47",703.0,,Self-Employed,Married,Los Angeles,N
APP-12889,"June 05, 2023",Male,30.0,"$22,098.61",670.0,,UNEMP,single,San Antonio,1
APP-10729,2023-06-11,Female,65.0,92376,650.0,,employed,MARRIED,san antonio,Yes
APP-10765,2022-06-13,M,56.0,"$27,478.49",730.0,"$39,302.69",UNEMP,Married,Phoenix,1
APP-12947,06/02/2022,Male,61.0,102289.52,670.0,35850.02,Employed,Married,phoenix,0
APP-10387,07/06/2022,Female,30.0,67692.82,675.0,20398.9,Unemployed,Married,San Antonio,1
APP-11310,"July 06, 2022",,31.0,66241.71,611.0,41271.6,Employed,Married,Philadelphia,y
APP-10511,22/06/2022,Male,34.0,"$54,175.66",,"$15,567.24",Employed,Married,new york,1
APP-11419,07/28/2022,Male,39.0,"$187,544.76",618.0,14880.21,employed,married,Chicago,N
APP-10239,2023-10-12,Female,19.0,124771,659.0,"$30,478.47",Full-Time,MARRIED,Phoenix,y
APP-11105,2023-08-04,Male,40.0,"$35,847.28",609.0,"$23,329.53",Employed,Single,Chicago,n
APP-11370,2022-10-27,F,39.0,"  $69,521  ",729.0,,Self-Employed,Married,San Diego,N
APP-12551,29/11/2023,Female,,134757.85,639.0,"$21,335.87",Self-Employed,single,Chicago,Yes
APP-12802,"January 28, 2022",MALE,19.0,46585.5,698.0,38629.49,Unemployed,Married,CHICAGO,N
APP-10080,"February 04, 2022",f,20.0,"$27,533.33",568.0,"$13,785.21",Employed,Divorced,Houston,N
APP-10705,11/09/2022,,30.0,0,738.0,49314.18,Self-Employed,MARRIED,Chicago,Yes
APP-13126,2022-02-01,m,30.0,,740.0,"$19,541.04",retired,single,los angeles,1
APP-10093,2023-09-05,,39.0,33175.54,679.0,35626.8,Employed,Married,phoenix,1
APP-11426,2023.11.13,M,20.0,"$57,291.28",599.0,,Self-Employed,Single,Houston,N
APP-13079,"January 02, 2022",female,31.0,"$89,429.59",700.0,46692.6,employed,Married,  Los Angeles  ,Yes
APP-11933,"December 16, 2023",Female,34.0,"  $121,204  ",556.0,24647.31,  Employed  ,Married,Philadelphia,1
APP-12383,25/08/2022,m,,"$91,014.23",702.0,"$31,075.35",Employed,,San Diego,Yes
APP-10621,2022-05-08,Female,52.0,"  $23,335  ",627.0,"$23,927.91",Self-Employed,Single,  Philadelphia  ,n
APP-13001,03/19/2023,F,49.0,25953,50.0,"$38,695.41",Employed,D,Phoenix,n
APP-12244,2022-09-13,Female,43.0,99470.14,712.0,55261.15,Unemployed,Divorced,Los Angeles,n
APP-11952,2022-11-23,Other,30.0,"  $105,032  ",690.0,23259.64,Retired,Married,Philadelphia,n
APP-13052,2023.05.17,Female,33.0,"$124,035.64",727.0,"$19,509.14",Employed,Single,Phoenix,No
APP-12451,08/24/2023,Female,29.0,91968.8,737.0,"$17,514.96",employed,Married,San Diego,Y
APP-11756,"March 07, 2022",M,43.0,58885,603.0,"$22,973.97",Employed,Married,Los Angeles,Y
APP-12457,28/10/2022,Male,23.0,142611.75,751.0,40153.09,employed,,Philadelphia,y
APP-11399,2022-01-19,Female,49.0,"$89,230.27",650.0,21129.86,self-employed,single,Philadelphia,1
APP-11431,"July 05, 2022",OTH,46.0,"$28,128.56",683.0,21945.18,Unemployed,married,Chicago,y
APP-10889,2022-04-16,M,54.0,"  $45,593  ",724.0,"$23,939.27",employed,married,PHOENIX,No
APP-10291,13/02/2023,Female,30.0,21199.24,677.0,,EMP,Married,SAN ANTONIO,Y
APP-11781,"April 24, 2023",MALE,43.0,"  $46,652  ",629.0,22822.73,Unemployed,M,phoenix,Yes
APP-11954,28/02/2023,Female,33.0,88275.24,697.0,37664.12,Unemployed,Married,San Diego,1
APP-11602,"May 21, 2023",Male,33.0,"$10,000,000.00",692.0,"$23,675.72",employed,married,  Los Angeles  ,n
APP-11878,"February 23, 2023",Female,35.0,23506.97,713.0,30262.59,self-employed,Married,San Antonio,Y
APP-12127,2023-09-28,Male,23.0,78107.79,602.0,17887.01,  Employed  ,Single,  Chicago  ,Y
APP-12831,2023-11-19,  Male  ,43.0,"$33,193.16",655.0,"$30,878.34",employed,S,Philadelphia,0
,02/09/2023,Female,27.0,51927,683.0,33296.03,unemployed,single,New York,Yes
APP-11364,2022-09-18,Female,37.0,"$58,973.59",650.0,"$26,229.66",self-employed,Married,New York,n
APP-10654,2022-10-26,  Male  ,25.0,"$48,227.66",650.0,"$38,691.22",EMP,Married,San Diego,1
APP-11132,18/05/2022,Female,62.0,"$152,552.43",602.0,23933.52,Self-Employed,SINGLE,New York,Yes
,2023-11-20,M,35.0,125397.05,722.0,"$20,003.42",Employed,MARRIED,CHICAGO,Y
APP-13070,Unknown,f,30.0,,674.0,33606.36,Self-Employed,Married,Philadelphia,Yes
APP-10756,06/06/2022,Female,51.0,"$88,347.07",707.0,34909.54,unemployed,Single,  San Diego  ,Y
APP-12978,10/11/2023,m,,66972,717.0,"$16,074.00",Employed,Single,Philadelphia,1
APP-12102,2022-02-02,Male,,28922.09,652.0,21239.86,employed,Single,New York,0
APP-12013,2023-02-13,f,19.0,44295.71,664.0,23840.31,unemployed,SINGLE,Phoenix,Yes
APP-12615,14/03/2022,Male,26.0,120950,814.0,34784.29,Retired,single,  New York  ,y
APP-10238,2022-02-20,Female,39.0,"  $88,153  ",569.0,28751.64,employed,Single,Chicago,Yes
APP-11236,08/10/2023,Female,43.0,78571.81,714.0,"$26,358.49",Employed,Single,  Phoenix  ,y
APP-12228,25/04/2023,Male,46.0,24854.53,771.0,23680.54,Retired,SINGLE,new york,1
APP-10450,17/11/2022,,30.0,,749.0,50310.81,Employed,married,Phoenix,Y
APP-10102,01/05/2023,m,47.0,45962,771.0,41410.49,,Married,los angeles,y
APP-10331,2023-02-27,FEMALE,19.0,25989,638.0,"$22,752.72",Self-Employed,married,San Diego,N
APP-10787,2022-12-24,male,25.0,"$40,588.00",636.0,"$61,207.05",unemployed,divorced,Phoenix,1
APP-10325,"June 15, 2022",Female,38.0,36360.86,,"$33,822.82",Employed,Single,Los Angeles,y
APP-12606,01/09/2023,Male,52.0,"$53,431.78",583.0,"$33,841.91",employed,single,  New York  ,Y
APP-12290,05/11/2022,Male,36.0,"$55,875.19",586.0,"$46,511.75",employed,Married,Phoenix,N
APP-11181,9999-99-99,Male,56.0,"$50,204.67",727.0,24024.64,EMP,Married,Houston,y
  APP-12910  ,"October 27, 2023",male,54.0,"$24,608.74",767.0,"$24,266.37",Employed,Single,phoenix,Y
APP-12370,01/30/2023,Female,33.0,"$119,631.63",501.0,22810.92,Self-Employed,married,San Diego,0
APP-10874,2022-08-23,Male,46.0,"  $30,990  ",716.0,22978.58,Full-Time,married,Los Angeles,Y
APP-10044,2023-10-24,Female,22.0,"$165,736.21",652.0,28643.58,Employed,Single,  San Antonio  ,Y
APP-11320,"August 16, 2022",m,45.0,"$68,102.24",714.0,"$40,224.01",Employed,Single,Philadelphia,Yes
APP-11261,05/09/2022,Female,23.0,"$66,362.73",692.0,41543.34,Employed,Single,New York,No
APP-10076,25/07/2023,Female,38.0,"$44,654.79",561.0,39397.47,employed,Married,LOS ANGELES,0
APP-12186,2022-07-20,Male,47.0,23218.24,698.0,32339.74,Unemployed,single,Phoenix,y
APP-11003,2023-09-13,female,57.0,132431.48,589.0,,Employed,married,San Antonio,y
APP-12148,2022-03-16,Male,39.0,"$45,771.20",677.0,40934.6,,Married,Houston,1
APP-10635,2023-04-12,Female,34.0,,725.0,"$12,345.00",Unemployed,married,New York,No
APP-10183,02/18/2022,,40.0,55477.95,502.0,58070.27,unemployed,Married,Los Angeles,Y
APP-12965,20/03/2023,Male,43.0,91854.97,652.0,29234.22,Self-Employed,Divorced,New York,No
APP-11961,2023-02-14,MALE,23.0,"$111,698.79",502.0,,employed,married,HOUSTON,Yes
APP-10433,"October 30, 2022",f,61.0,,668.0,"$17,202.71",  Employed  ,Married,Chicago,1
APP-12668,2023.03.01,male,,"$114,683.40",683.0,17037.59,Freelancer,Single,  Chicago  ,No
APP-10174,11/08/2023,m,39.0,52341.56,608.0,22399.5,Employed,MARRIED,Los Angeles,Yes
APP-13186,2023-08-18,Male,41.0,107430.22,726.0,19973.84,employed,Single,Phoenix,No
APP-10598,2023-06-29,MALE,29.0,"$119,037.86",730.0,36587.18,unemployed,single,HOUSTON,0
  APP-10229  ,2023-04-10,Female,41.0,"$70,208.23",724.0,31674.7,Self-Employed,S,San Antonio,Yes
APP-11709,"November 08, 2023",  Female  ,50.0,26069,789.0,"$38,648.70",unemployed,M,San Antonio,n
APP-12674,"May 30, 2023",Female,41.0,34405.61,619.0,21636.38,  Employed  ,MARRIED,SAN DIEGO,1
APP-10993,2023-09-15,MALE,52.0,20994,640.0,"$56,946.43",Unemployed,M,Phoenix,Y
APP-11344,"July 16, 2022",F,44.0,"$136,452.29",,22175.22,UNEMP,,Chicago,1
APP-11859,"December 09, 2023",F,37.0,"  $107,668  ",732.0,20088.29,Unemployed,Single,Phoenix,y
APP-11723,09/04/2022,F,69.0,108539.65,763.0,22814.24,self-employed,single,Houston,n
APP-12250,"January 29, 2022",Female,28.0,21551.34,,"$12,345.00",EMP,married,  Houston  ,Yes
APP-12657,07/08/2022,Male,29.0,35194.42,722.0,"$29,215.54",Employed,Single,Los Angeles,n
APP-10478,2023-04-02,Male,,"$29,174.25",682.0,23917.38,Employed,Single,Los Angeles,1
APP-11225,07/24/2022,F,29.0,"$100,416.40",1500.0,21194.37,Full-Time,Single,Houston,No
APP-12856,2023.09.16,Female,45.0,"$21,857.06",722.0,30836.4,Employed,MARRIED,Phoenix,n
APP-11210,2023-10-24,m,32.0,"  $76,010  ",659.0,"$17,944.55",unemployed,Married,San Diego,0
APP-12975,2023-06-09,OTH,25.0,"$89,120.38",799.0,"$34,468.05",Employed,Single,New York,Y
APP-13110,09/02/2023,Male,37.0,"  $34,536  ",626.0,25410.26,  Employed  ,Married,Chicago,Yes
APP-13044,2022.01.05,  Male  ,19.0,39303.75,513.0,25828.77,employed,Married,San Antonio,n
APP-11356,2023-10-21,,33.0,68286,,45136.37,retired,Married,Los Angeles,1
APP-12195,"April 30, 2023",M,49.0,29599.48,595.0,"$29,838.74",Unemployed,Single,Philadelphia,N
APP-12865,14/01/2023,M,46.0,"$65,535.24",644.0,31200.23,Self Employed,Single,Los Angeles,Yes
APP-11094,2022-01-09,Female,50.0,83811,,36612.09,self-employed,Single,HOUSTON,N
APP-11228,2023-12-12,Male,58.0,"  $63,438  ",,31831.94,Employed,Married,chicago,y
APP-11871,2023-02-31,Female,29.0,52896.55,644.0,23736.47,Retired,Married,Philadelphia,y
APP-11924,2022-05-21,m,21.0,74455,536.0,28604.76,Unemployed,Married,CHICAGO,Yes
APP-12441,"March 07, 2023",Male,43.0,"$52,084.45",522.0,34745.61,employed,MARRIED,San Antonio,Y
APP-12917,"August 03, 2022",Female,29.0,51951.3,757.0,"$15,755.86",EMP,divorced,Los Angeles,No
  APP-11001  ,"September 20, 2022",Female,52.0,"  $121,950  ",718.0,40165.54,Unemployed,Single,philadelphia,Y
  APP-12890  ,2023-05-08,Female,,,670.0,17606.11,,married,New York,n
APP-12272,"September 13, 2022",Female,41.0,"$50,312.40",729.0,"$34,404.97",self-employed,Married,philadelphia,No
APP-10781,12/03/2022,Male,29.0,"$122,112.18",696.0,"$28,434.16",Employed,Married,Houston,Yes
APP-10289,28/11/2022,f,28.0,51482.29,753.0,17271.65,employed,Married,San Antonio,0
APP-11412,"May 18, 2023",Male,61.0,"$142,771.15",717.0,46135.51,self-employed,Married,HOUSTON,y
APP-11316,2023-08-20,Male,28.0,"  $29,842  ",760.0,56265.31,Employed,Divorced,New York,y
APP-10538,2023.12.18,MALE,66.0,"  $34,799  ",673.0,37318.77,Employed,Married,Phoenix,Yes
APP-12411,"March 26, 2023",male,39.0,"  $51,086  ",552.0,"$45,923.65",  Employed  ,Single,New York,Y
APP-10184,08/12/2022,M,42.0,"  $78,148  ",667.0,"$34,002.53",Freelancer,Married,los angeles,Y
APP-10192,2022-10-27,Male,30.0,"$22,937.03",737.0,"$18,454.10",employed,Married,Houston,Yes
APP-12447,"July 10, 2023",Female,43.0,,565.0,24235.72,Employed,M,CHICAGO,0
APP-10298,03/08/2023,Male,49.0,"$67,074.53",,46037.74,unemployed,Married,san diego,Y
APP-11551,"January 12, 2023",Male,30.0,"$119,652.75",789.0,29930.83,Employed,Married,San Antonio,y
APP-10026,10/29/2022,Female,43.0,"  $132,960  ",634.0,"$45,408.74",None,Married,San Antonio,No
APP-11718,"August 07, 2022",Female,,24750,808.0,"$36,992.65",Unemployed,S,Phoenix,n
APP-12610,30/01/2022,Female,19.0,"  $32,226  ",665.0,"$45,044.71",Self-Employed,Married,San Diego,No
APP-11897,2023-02-16,Male,19.0,84125.2,792.0,"$17,259.28",self-employed,Married,New York,No
APP-10144,"March 05, 2023",F,56.0,0,571.0,26981.49,EMP,Married,San Antonio,N
APP-11994,10/02/2022,MALE,30.0,"  $125,359  ",586.0,"$12,345.00",employed,Single,San Diego,y
APP-10152,04/16/2022,Male,19.0,,714.0,33490.2,employed,married,PHILADELPHIA,1
APP-11611,2022-03-03,Male,142.0,"  $27,924  ",647.0,21699.97,Self-Employed,married,Phoenix,N
APP-12400,"October 15, 2022",male,,31619.89,601.0,32446.3,EMP,Single,San Diego,1
APP-12906,2022-09-20,Female,50.0,43733,674.0,38437.55,Freelancer,Married,san antonio,0
APP-13136,06/12/2022,Male,23.0,"  $71,037  ",779.0,"$54,052.62",retired,SINGLE,Los Angeles,Yes
APP-10665,2022-12-27,male,19.0,31715.05,811.0,49676.26,Employed,Married,Los Angeles,1
  APP-11047  ,2022-09-15,male,49.0,"$33,090.19",527.0,"$28,396.94",employed,married,Houston,Yes
APP-11506,2023-05-06,male,36.0,125139.38,602.0,,Self Employed,Married,Houston,1
APP-12254,2023-12-03,F,52.0,,731.0,,Unemployed,Married,Los Angeles,Yes
APP-10718,2023.07.15,Female,31.0,39476,746.0,"$34,999.76",Employed,Single,Philadelphia,Y
APP-12392,2022.12.27,Male,19.0,"$124,178.04",711.0,27188.18,None,single,Houston,Y
APP-12745,21/08/2022,female,43.0,30340,713.0,"$23,409.33",,married,Philadelphia,Yes
APP-12422,16/07/2022,Female,40.0,"$21,591.55",672.0,"$38,117.11",Employed,married,CHICAGO,n
APP-12818,2023-11-12,  Male  ,41.0,63847,643.0,32730.57,Employed,SINGLE,SAN DIEGO,y
APP-12750,12/22/2022,m,29.0,,532.0,"$34,079.25",Employed,Single,philadelphia,Yes
APP-12641,01/21/2023,,47.0,,692.0,47798.04,Self-Employed,Married,Phoenix,N
APP-10257,10/03/2023,M,29.0,82091.74,708.0,21034.08,self-employed,Married,Philadelphia,N
APP-12531,2023-11-21,Other,23.0,"  $20,111  ",761.0,"$55,018.19",Employed,single,Los Angeles,Y
APP-11644,11/04/2022,female,41.0,"$98,463.37",741.0,"$13,080.54",  Employed  ,married,San Antonio,Y
APP-10905,2022-02-12,Male,41.0,205851.05,674.0,51996.98,  Employed  ,Divorced,Houston,0
APP-11080,2023.09.04,Female,44.0,65335.86,658.0,"$42,094.06",employed,M,Houston,0
APP-12620,2023-06-11,Female,31.0,"$45,988.53",601.0,15203.85,  Employed  ,Single,Chicago,Y
APP-12399,08/14/2022,male,47.0,,636.0,"$22,677.08",Employed,M,San Diego,No
APP-10670,2023-04-05,Female,35.0,22182.77,778.0,21635.5,  Employed  ,single,HOUSTON,1
APP-10178,2023-10-03,M,51.0,51598.72,50.0,22911.45,EMP,Single,San Antonio,y
  APP-11655  ,2022-03-06,Male,39.0,26315,588.0,14295.6,Self-Employed,SINGLE,HOUSTON,1
APP-13063,05/03/2022,M,28.0,"$27,953.67",648.0,"$55,791.00",EMP,Single,LOS ANGELES,1
APP-10322,2022-08-26,Female,30.0,30898.11,663.0,"$49,270.66",Ret.,Married,Chicago,Y
APP-11352,"November 07, 2023",Male,29.0,,635.0,23874.65,employed,SINGLE,Phoenix,Yes
APP-11921,07/07/2023,Female,,45307,638.0,22991.73,EMP,Married,Philadelphia,1
APP-12387,02/12/2023,OTH,39.0,"$27,169.55",686.0,36502.72,Unemployed,MARRIED,Philadelphia,Y
APP-10309,2023-10-02,female,23.0,"$223,709.35",624.0,17874.03,Employed,Married,Chicago,Y
  APP-12567  ,2023-10-28,male,58.0,,794.0,24380.29,self-employed,M,Philadelphia,Y
APP-10051,2023-01-20,,48.0,66807.72,703.0,48732.97,unemployed,Single,  Phoenix  ,N
APP-11588,08/31/2023,male,32.0,132208,678.0,23946.65,Self Employed,MARRIED,San Antonio,No
APP-11565,2023-04-03,,53.0,"$26,787.66",651.0,"$12,776.80",employed,single,New York,Yes
APP-12840,07/01/2023,Female,29.0,"-$15,000",452.0,38513.36,,Married,  Chicago  ,y
APP-10014,"April 14, 2023",F,19.0,25602.77,812.0,31080.55,Self-Employed,Divorced,  Houston  ,0
APP-10354,25/03/2022,,22.0,236678.91,638.0,26489.78,EMP,Single,Los Angeles,n
APP-10173,06/16/2022,  Male  ,46.0,"  $26,322  ",558.0,43227.74,EMP,Divorced,Chicago,Y
APP-10932,28/04/2022,male,33.0,78908,545.0,38386.56,,MARRIED,los angeles,0
  APP-10442  ,2022-12-20,male,19.0,,,24393.21,Employed,Single,San Diego,y
APP-11866,2022-01-10,Male,38.0,"$51,530.14",696.0,26631.97,Employed,married,Phoenix,0
APP-12144,06/16/2023,Male,51.0,41758,779.0,13425.61,unemployed,SINGLE,Los Angeles,Yes
  APP-11221  ,10/22/2023,Male,36.0,,754.0,16284.52,employed,married,  Philadelphia  ,Yes
APP-11689,2022-11-06,F,35.0,53944,602.0,19865.19,Employed,married,HOUSTON,1
APP-10776,"March 31, 2023",Female,43.0,"$111,356.42",672.0,45984.73,Self-Employed,M,Los Angeles,y
APP-12157,"May 15, 2023",Male,25.0,"$47,169.87",545.0,19201.49,EMP,married,Philadelphia,Yes
APP-11721,2022.02.12,Male,32.0,"$419,820.58",580.0,"$28,048.67",Employed,M,Philadelphia,N
APP-10605,08/12/2023,F,41.0,"  $24,977  ",646.0,"$20,336.75",Employed,Married,Philadelphia,No
APP-10063,"March 11, 2022",Other,19.0,"$20,145.06",789.0,"$22,865.76",employed,single,  San Antonio  ,y
APP-12507,"January 31, 2022",Female,45.0,44782.08,640.0,39769.31,retired,Single,LOS ANGELES,Yes
APP-10642,05/03/2022,f,19.0,128885.72,754.0,"$30,746.08",EMP,Married,New York,0
APP-10999,"May 24, 2023",  Female  ,,81703.31,693.0,22762.48,Self Employed,Divorced,san diego,y
APP-11860,2023.12.31,Male,31.0,82092.84,691.0,"$16,044.03",Full-Time,Married,Chicago,Y
APP-11846,01/22/2022,,35.0,"  $23,376  ",729.0,"$17,462.50",Employed,,San Antonio,Yes
  APP-12822  ,2022-10-19,Male,45.0,48474,846.0,"$15,865.01",UNEMP,married,san diego,N
APP-10802,2022-12-11,MALE,61.0,"$36,432.50",664.0,"$39,991.67",Employed,Single,Chicago,Y
APP-10254,"October 10, 2023",F,40.0,"$87,703.72",783.0,41176.09,  Employed  ,Married,phoenix,Yes
APP-13021,"February 12, 2023",Male,27.0,20714.52,626.0,17999.59,Freelancer,Married,  New York  ,Y
APP-10295,"October 15, 2023",  Female  ,19.0,"  $28,638  ",577.0,"$12,641.79",Employed,single,Philadelphia,0
APP-12912,10/12/2022,Male,19.0,"$86,966.39",589.0,"$35,210.56",Employed,DIVORCED,San Antonio,n
APP-12402,Unknown,Femal,52.0,180442.47,699.0,31794.7,EMP,single,Philadelphia,Y
APP-10124,2022-07-02,M,34.0,71578,710.0,"$13,759.89",Employed,M,San Diego,Y
APP-11213,10/07/2023,male,53.0,49555,,17225.26,Self-Employed,single,Philadelphia,n
APP-10263,"March 08, 2022",F,49.0,33702.54,651.0,11699.57,Employed,single,Phoenix,y
APP-12469,"August 24, 2023",MALE,53.0,,575.0,17564.16,EMP,Single,New York,No
APP-12887,2023.11.05,Female,36.0,35090.07,681.0,47139.68,Self-Employed,married,San Diego,Yes
APP-11632,2022.11.20,,47.0,28113.31,601.0,23041.64,Self-Employed,Married,New York,y
APP-12603,31/08/2023,Male,40.0,"$103,483.67",595.0,36333.72,Pensioner,MARRIED,San Diego,Yes
APP-12042,2023-02-13,F,46.0,,652.0,25977.59,Self-Employed,Single,Philadelphia,0
APP-10564,2023-07-11,male,39.0,74704.6,670.0,40549.78,  Employed  ,divorced,Houston,Yes
APP-10321,2023-01-11,male,19.0,,603.0,42285.54,Employed,Married,San Diego,y
APP-11770,13/07/2022,F,45.0,"$30,206.47",658.0,"$48,214.59",Self Employed,single,houston,Yes
APP-10611,"February 01, 2023",male,43.0,128133.9,685.0,34241.35,Employed,Married,Los Angeles,1
APP-12993,2023-10-20,Female,38.0,"$72,768.62",778.0,29041.41,employed,Divorced,  Houston  ,1
APP-11174,"August 07, 2023",male,41.0,27199.93,776.0,"$38,157.21",retired,Divorced,New York,Y
APP-11927,2023-09-13,f,51.0,"  $46,479  ",685.0,44968.69,EMP,Divorced,San Diego,1
APP-12274,28/01/2022,,46.0,40183.62,754.0,28309.76,Employed,Single,San Antonio,Y
APP-12222,01/06/2022,Female,29.0,"  $22,017  ",739.0,"$32,454.75",unemployed,Single,New York,n
APP-10120,2022.04.19,  Female  ,,"  $62,983  ",667.0,35526.91,Self-Employed,married,Houston,1
APP-10829,2023-08-27,male,62.0,"$30,875.03",688.0,"$33,796.34",Employed,married,chicago,Y
APP-12554,2022-06-16,M,28.0,"$30,427.44",705.0,"$25,347.91",Unemployed,Single,San Antonio,y
APP-12486,2023.03.23,Male,37.0,"$126,318.59",742.0,25212.0,Self-Employed,Married,Chicago,0
APP-10423,"September 03, 2022",Male,,40028.89,737.0,34956.87,Self-Employed,married,  San Diego  ,y
APP-13140,02/01/2023,Female,51.0,108067,617.0,26172.61,Self-Employed,Married,San Diego,No
APP-10869,08/06/2023,female,56.0,24689,,"$33,022.37",Freelancer,Married,San Diego,No
APP-10501,2023-03-26,male,19.0,109817.85,663.0,"$26,776.49",Freelancer,single,Philadelphia,y
APP-11073,09/08/2023,Male,52.0,82595.35,630.0,33583.45,Employed,Married,Houston,Yes
APP-10432,30/03/2022,other,36.0,,745.0,21935.39,employed,SINGLE,New York,n
APP-10109,2023-07-28,Male,42.0,24510.4,702.0,43942.43,Self-Employed,Single,San Antonio,N
  APP-10997  ,02/23/2023,Other,39.0,57067.41,652.0,49298.38,  Employed  ,single,Chicago,n
APP-11616,2023-01-30,  Male  ,19.0,"  $35,203  ",756.0,30945.35,Employed,Married,San Antonio,1
APP-10214,07/12/2023,M,47.0,74528,706.0,19972.55,employed,Single,San Diego,Yes
APP-10414,2023-11-09,Female,29.0,48407,596.0,,,Single,New York,y
APP-10479,2022.10.02,Female,40.0,"  $25,463  ",624.0,,Retired,Divorced,New York,1
APP-10507,2022-04-17,Female,38.0,"  $121,114  ",685.0,"$27,270.72",Freelancer,Married,Los Angeles,Y
APP-11747,2022-02-20,Male,21.0,"$39,791.26",693.0,"$26,764.69",Employed,D,San Diego,No
APP-11637,07/26/2022,Male,41.0,207223.24,706.0,35801.49,Employed,Divorced,San Diego,y
APP-11601,2023-01-08,Femal,32.0,"$60,719.12",678.0,"$27,001.56",Self-Employed,Single,San Diego,Yes
APP-12540,2023.06.11,Female,38.0,"  $29,594  ",678.0,24525.23,EMP,Single,Houston,No
APP-12302,2023-11-05,Female,25.0,53659,559.0,15944.51,Retired,MARRIED,PHOENIX,y
APP-10439,"January 02, 2023",,37.0,35274.08,645.0,27937.07,Employed,divorced,Philadelphia,N
APP-12683,2022-07-03,Female,36.0,44145,748.0,18901.93,Employed,M,New York,No
APP-11444,04/08/2022,male,42.0,"  $98,784  ",526.0,22677.72,Employed,Married,NEW YORK,No
APP-10755,11/20/2023,Male,33.0,"$63,636.42",660.0,48467.28,Retired,Married,chicago,Y
APP-10045,"July 06, 2023",M,57.0,43975.26,800.0,"$14,689.08",Self-Employed,Single,houston,Yes
APP-13123,2022-12-13,Female,47.0,166588,780.0,,Employed,Single,New York,Yes
APP-10218,2023-09-24,male,42.0,22267.88,633.0,"$41,312.33",Employed,Single,houston,y
APP-11514,05/17/2023,Male,40.0,"  $87,082  ",700.0,"$14,392.26",EMP,SINGLE,San Antonio,1
  APP-12138  ,"March 20, 2023",Female,50.0,206981.31,596.0,29827.33,Self-Employed,married,Phoenix,1
APP-11624,2023-02-12,male,24.0,"  $49,679  ",713.0,22619.9,employed,single,NEW YORK,1
APP-11788,09/21/2022,m,39.0,56960.62,737.0,"$24,129.08",unemployed,Single,Houston,Y
APP-11877,2023-04-13,M,48.0,23780,657.0,"$26,446.06",unemployed,MARRIED,San Diego,1
APP-13165,11/20/2022,  Male  ,40.0,176071,750.0,19889.04,Retired,D,Chicago,Yes
APP-10251,31/01/2022,,,"  $27,213  ",50.0,30895.82,self-employed,single,Houston,y
APP-10818,12/17/2022,male,43.0,"  $115,696  ",691.0,44260.82,Employed,,Los Angeles,1
APP-10810,19/11/2023,Female,42.0,"  $94,606  ",555.0,58753.12,,Single,  Los Angeles  ,n
APP-12168,07/29/2022,Male,21.0,53928.02,816.0,16509.97,  Employed  ,single,Los Angeles,1
APP-12866,2023-03-28,,32.0,"$51,839.88",728.0,15364.46,EMP,Single,houston,n
APP-10557,16/08/2022,M,46.0,55803,672.0,"$20,846.85",Employed,Married,Houston,N
APP-12989,"April 11, 2023",female,48.0,27532.7,759.0,16962.46,self-employed,single,Chicago,Y
APP-12780,2023-02-12,Male,44.0,32529.11,632.0,38058.94,EMP,Married,Houston,No
APP-10712,2023-04-19,Male,32.0,"  $69,855  ",690.0,"$18,460.50",Unemployed,Single,Los Angeles,y
  APP-12785  ,2023-04-18,Female,24.0,,806.0,30584.79,Self-Employed,Married,Houston,Yes
APP-12954,2022-05-03,male,73.0,68247.73,627.0,14280.7,Employed,M,Houston,y
APP-10897,2022-10-28,Female,36.0,51845.26,653.0,22810.12,unemployed,Married,San Diego,y
APP-12396,12/07/2023,Male,53.0,"$72,128.80",763.0,23928.68,Employed,Single,Chicago,1
APP-11662,28/12/2023,Male,51.0,118340.47,688.0,28076.57,Employed,Married,Chicago,y
APP-12915,09/09/2023,f,52.0,21332.29,770.0,37166.85,,Single,Los Angeles,1
APP-10506,"December 20, 2022",M,25.0,"$29,073.04",850.0,,Self-Employed,Married,San Antonio,Y
APP-11710,"November 25, 2023",female,29.0,"$44,660.43",623.0,"$13,205.24",  Employed  ,married,san diego,Y
APP-12826,28/07/2022,Female,41.0,"  $34,610  ",799.0,77600.81,Unemployed,Married,Los Angeles,y
APP-10000,"April 13, 2022",M,19.0,"  $22,613  ",,23404.95,Employed,Married,San Antonio,No
APP-11964,2023.03.04,M,46.0,"  $23,125  ",524.0,"$16,330.72",self-employed,DIVORCED,  Houston  ,No
APP-12487,07/05/2022,Male,34.0,21628.82,825.0,"$25,380.63",Unemployed,MARRIED,LOS ANGELES,n
APP-13191,12/29/2022,Male,47.0,"$131,118.83",630.0,35648.55,Retired,Single,houston,Yes
APP-11891,08/04/2023,,20.0,"  $98,411  ",793.0,32753.58,Freelancer,S,New York,1
APP-10746,2022-05-16,Female,30.0,82256.15,771.0,37010.99,self-employed,married,Chicago,Yes
APP-12446,2022.05.26,Male,42.0,183643.77,728.0,25751.23,Freelancer,Divorced,San Diego,y
APP-11255,2023-06-06,Female,46.0,27267.75,,32252.76,Self-Employed,single,New York,0
APP-13071,2023-05-12,Female,40.0,"$31,803.16",576.0,"$24,958.29",employed,Single,Los Angeles,N
APP-10211,11/08/2022,MALE,42.0,152844.06,830.0,37980.68,Retired,married,New York,0
APP-11717,2022-10-09,male,-8.0,31203.06,673.0,,Employed,Married,Chicago,Yes
APP-10346,NULL,MALE,41.0,"  $73,250  ",748.0,19213.35,retired,SINGLE,LOS ANGELES,Y
APP-10270,01/06/2023,Female,32.0,"$44,164.42",632.0,32263.43,employed,Single,Chicago,Yes
APP-11457,08/18/2023,Female,19.0,31384.13,,33530.99,employed,married,Phoenix,0
APP-12365,2023-08-02,Male,19.0,32578.38,674.0,,retired,S,San Antonio,No
APP-11832,20/05/2023,female,33.0,"$10,000,000.00",520.0,"$21,195.65",Employed,S,Houston,Y
APP-11161,"July 10, 2023",Female,45.0,"$28,911.49",540.0,43413.05,Employed,Married,Houston,y
APP-12962,2023-12-21,M,29.0,76295.22,824.0,"$48,130.81",  Employed  ,Single,San Diego,Y
APP-10149,28/01/2022,Male,19.0,147722.97,743.0,59550.22,Employed,S,Chicago,y
APP-10438,14/12/2023,Male,42.0,99066.96,738.0,"$18,723.16",Employed,single,SAN DIEGO,1
APP-12211,06/22/2022,FEMALE,59.0,,850.0,"$32,921.29",EMP,DIVORCED,San Antonio,Yes
APP-12898,2022-06-01,M,37.0,,654.0,41855.38,Self-Employed,Single,New York,N
APP-10949,08/15/2023,female,19.0,,728.0,"$28,787.75",Retired,Divorced,San Antonio,N
APP-11979,05/06/2022,Male,30.0,"$35,899.86",790.0,21502.41,Full-Time,Single,San Diego,n
APP-11426,2023.11.13,M,20.0,"$57,291.28",599.0,,Self-Employed,Single,Houston,N
APP-12110,"August 26, 2023",F,42.0,124526,653.0,"$49,927.97",employed,divorced,los angeles,y
APP-10033,2022.01.17,Male,45.0,"$32,925.78",761.0,38337.51,  Employed  ,Divorced,San Antonio,Yes
APP-10179,"January 28, 2023",  Male  ,19.0,"  $34,377  ",,"$22,465.96",Employed,MARRIED,Los Angeles,Y
APP-11835,21/01/2022,Male,49.0,42365,705.0,,Retired,Married,Houston,1
APP-10805,18/02/2022,Female,28.0,25549.36,567.0,25380.82,Self-Employed,Married,Philadelphia,Y
  APP-11867  ,09/10/2022,male,210.0,22577.48,740.0,21390.69,employed,Single,Philadelphia,0
APP-10495,13/08/2023,Male,49.0,67493,692.0,20984.37,Self Employed,married,Houston,Yes
APP-11171,09/06/2023,female,48.0,,688.0,"$18,845.77",Self-Employed,Single,  Houston  ,N
APP-10567,"May 13, 2022",Female,56.0,"$20,783.53",,"$37,278.97",EMP,Single,Houston,No
APP-11090,29/07/2023,Male,39.0,67786,729.0,18613.51,Self-Employed,Married,New York,n
APP-12466,2023-08-05,Male,29.0,"$46,684.64",,28191.15,Self-Employed,Married,Philadelphia,Yes
APP-10736,08/05/2022,Male,28.0,,571.0,44903.55,Employed,Married,san antonio,0
APP-10789,"November 08, 2023",female,21.0,78807.04,604.0,18496.84,Employed,Single,Philadelphia,Y
APP-11779,14/08/2022,m,49.0,"$125,672.68",676.0,"$31,947.29",UNEMP,Married,Philadelphia,Y
APP-11576,06/10/2022,male,38.0,25121,698.0,22960.11,employed,married,SAN DIEGO,1
APP-11113,2022-12-18,FEMALE,41.0,22328,707.0,22254.88,employed,single,Houston,y
APP-12839,07/08/2023,Female,25.0,"$63,881.42",722.0,29850.93,employed,D,houston,No
  APP-10679  ,"November 21, 2022",Male,32.0,115939,647.0,32063.29,Freelancer,MARRIED,Los Angeles,y
APP-11211,26/04/2022,M,26.0,"$32,635.07",567.0,32111.26,Ret.,Single,  Houston  ,y
APP-11222,2022-09-26,Female,38.0,140037.8,594.0,36693.65,Freelancer,divorced,philadelphia,1
APP-11057,2023-09-20,F,,24543,666.0,"$23,703.91",Employed,Divorced,New York,0
APP-12348,22/09/2023,Female,21.0,0,531.0,"$31,595.73",Employed,Married,Philadelphia,n
APP-11127,2023-01-16,Female,35.0,58748.12,654.0,,Freelancer,Married,new york,y
APP-10188,2023-05-07,Male,46.0,"$58,391.73",622.0,26661.08,  Employed  ,Single,Phoenix,Y
APP-12099,2023-07-13,,46.0,53897.17,703.0,21576.11,Retired,Single,Phoenix,Y
APP-11456,2023-01-19,m,,"$23,473.21",580.0,"$36,452.12",Self Employed,Married,  Chicago  ,n
APP-10812,2023-12-18,  Male  ,52.0,71726.5,641.0,43152.75,Employed,Single,New York,Y
APP-12582,9999-99-99,F,42.0,"  $208,535  ",613.0,23660.74,  Employed  ,S,san diego,0
APP-13180,25/04/2022,male,32.0,64035.46,669.0,"$21,138.36",Employed,M,chicago,No
APP-13148,"December 29, 2023",Male,57.0,"$99,321.11",,37374.68,Self-Employed,Married,Chicago,Y
APP-11569,"May 25, 2023",  Male  ,37.0,"$25,878.43",724.0,25356.47,,married,Philadelphia,No
APP-12702,"May 18, 2022",Male,,,557.0,20901.86,Employed,married,New York,1
APP-12059,"April 22, 2023",Female,42.0,"$30,140.83",683.0,27625.67,Self-Employed,MARRIED,San Diego,1
APP-10324,"April 25, 2023",Other,31.0,"$48,134.35",564.0,45757.66,EMP,,New York,1
APP-10449,2022-02-25,F,59.0,"  $59,486  ",783.0,"$49,206.53",self-employed,MARRIED,  Houston  ,1
APP-12201,03/06/2022,Female,42.0,34216.55,653.0,"$26,812.28",employed,M,philadelphia,N
APP-10246,2022-08-04,Female,74.0,"  $24,042  ",605.0,"$19,891.96",employed,Married,San Antonio,No
APP-10058,"November 24, 2023",Female,24.0,"$49,083.42",676.0,21826.94,,Divorced,Los Angeles,Y
APP-12308,04/02/2022,Male,,36337.64,592.0,10260.43,Full-Time,MARRIED,Los Angeles,Y
APP-11268,2023-02-08,Male,40.0,98059.59,534.0,19588.49,UNEMP,Married,Philadelphia,1
APP-10411,"October 26, 2022",female,59.0,"$58,037.30",709.0,39750.23,Employed,MARRIED,Phoenix,Yes
APP-10485,2022-11-13,,70.0,"$58,456.05",649.0,"$38,084.57",Employed,divorced,Phoenix,1
APP-11703,10/16/2022,Male,62.0,"$20,556.64",796.0,49045.58,,single,Philadelphia,Y
APP-12868,"June 07, 2023",male,48.0,"$113,377.98",,27831.85,unemployed,married,  Phoenix  ,y
APP-10157,2022-04-16,  Male  ,73.0,"$92,968.38",765.0,28637.22,Full-Time,divorced,New York,y
APP-10554,2023-05-11,Male,34.0,"$49,030.14",731.0,"$44,187.12",Self Employed,MARRIED,houston,No
APP-10576,16/07/2023,Female,47.0,"$34,038.65",748.0,39913.37,EMP,SINGLE,LOS ANGELES,y
APP-12984,"October 30, 2023",Male,52.0,27761,658.0,"$23,479.63",EMP,MARRIED,New York,Yes
APP-11490,2022-07-22,,28.0,65426.42,671.0,39646.73,EMP,SINGLE,  Philadelphia  ,0
APP-10443,"October 01, 2022",M,47.0,68325.82,755.0,45383.78,  Employed  ,single,  New York  ,1
APP-13049,09/04/2022,M,33.0,29657.23,758.0,43235.7,Self-Employed,Single,  Los Angeles  ,No
APP-13028,"November 29, 2023",Male,39.0,"$25,242.66",663.0,28222.4,employed,Single,San Antonio,y
APP-12413,26/10/2022,Femal,34.0,,590.0,28322.88,Employed,Married,Houston,n
APP-12295,2022-03-28,,54.0,"  $22,099  ",,30559.23,EMP,Single,San Antonio,Yes
APP-12990,"July 03, 2023",female,49.0,134680.13,623.0,33675.95,Employed,Married,san diego,y
APP-10612,2023-09-07,Male,45.0,"$123,801.95",604.0,,employed,Single,San Diego,y
APP-11861,2022-09-20,Male,48.0,87254.18,602.0,31023.82,Self-Employed,Married,san antonio,No
APP-10274,"November 23, 2023",F,27.0,"$26,268.15",749.0,,employed,M,  Los Angeles  ,Y
APP-11451,05/10/2022,Male,29.0,33349,676.0,"$44,946.70",Self Employed,Married,philadelphia,y
APP-13142,9999-99-99,Female,19.0,53409.76,619.0,22572.92,  Employed  ,Married,SAN DIEGO,1
APP-11795,"September 04, 2023",Female,20.0,46688.83,578.0,8605.41,EMP,Married,Houston,y
APP-12897,03/04/2022,M,41.0,149894,629.0,"$23,896.52",self-employed,M,Chicago,1
APP-12477,30/04/2023,Female,19.0,26099.81,735.0,15627.64,Retired,Divorced,San Diego,n
APP-10175,2022-12-24,female,37.0,,685.0,"$13,765.76",self-employed,Divorced,New York,Y
APP-10976,2022-06-03,Male,19.0,48752.28,537.0,"$22,170.88",unemployed,married,LOS ANGELES,n
APP-10800,13/03/2022,Male,28.0,289718,,30227.22,Freelancer,Married,Los Angeles,1
APP-11723,09/04/2022,F,69.0,108539.65,763.0,22814.24,self-employed,single,Houston,n
APP-12941,04/05/2022,  Female  ,40.0,"  $147,192  ",696.0,"$17,334.97",employed,Married,San Antonio,y
APP-12608,2023-11-23,F,50.0,"  $30,190  ",685.0,15784.89,self-employed,Single,San Diego,Y
APP-10578,23/08/2023,Male,19.0,"$26,846.82",720.0,19705.49,Self-Employed,married,Chicago,No
APP-10416,2023.10.16,Female,21.0,42084.65,731.0,"$34,763.71",Freelancer,single,Los Angeles,Yes
APP-11783,2022-11-05,Male,210.0,"  $45,808  ",1500.0,57773.15,Unemployed,Married,New York,n
APP-11748,04/26/2022,FEMALE,59.0,"$41,382.79",629.0,55293.01,employed,M,New York,Yes
  APP-11078  ,06/11/2023,Male,,22960,691.0,"$50,332.83",Self-Employed,single,  Chicago  ,y
APP-11128,2022-05-31,male,27.0,"$76,591.02",697.0,"$31,159.41",Employed,Divorced,Los Angeles,No
APP-12002,2022-03-26,Male,31.0,30931.09,531.0,"$49,441.71",EMP,Single,houston,y
APP-12293,29/07/2023,F,25.0,41710.43,690.0,20163.72,Self-Employed,M,Houston,y
APP-13115,"June 16, 2022",Male,19.0,79710.65,744.0,63547.31,Self Employed,Married,Houston,1
APP-12929,2023-04-10,m,19.0,"$47,990.89",691.0,28999.15,Full-Time,Married,Philadelphia,Yes
APP-11025,2022-07-02,Female,41.0,"  $86,130  ",817.0,24691.15,Retired,Married,phoenix,No
APP-12291,2023.06.21,male,44.0,96818.36,820.0,"$13,483.40",Self-Employed,Married,San Diego,N
APP-13189,2022-03-15,FEMALE,44.0,,850.0,"$24,690.88",employed,married,Phoenix,y
APP-13113,2023-07-25,,29.0,44895,574.0,26617.49,employed,Divorced,  Philadelphia  ,Y
APP-10315,2022-04-28,M,42.0,62257.05,619.0,"$28,999.38",EMP,Married,San Antonio,y
APP-10544,2023-11-29,Female,19.0,27402.02,715.0,60873.47,EMP,Married,Houston,Yes
APP-11883,2022-07-25,Female,42.0,"$73,599.89",617.0,29686.64,Freelancer,Single,  Houston  ,y
APP-11694,2023-03-30,Male,41.0,"$27,258.29",693.0,37548.29,Retired,Single,San Antonio,y
APP-12115,09/10/2022,Female,24.0,"$28,489.76",631.0,,self-employed,Married,Los Angeles,1
APP-12717,2022-06-22,M,32.0,"$47,449.81",717.0,"$57,744.83",None,MARRIED,  Chicago  ,Yes
APP-11313,2022-11-21,Male,40.0,40124.62,692.0,"$23,958.66",EMP,Single,Los Angeles,Y
APP-11237,2022-08-15,Male,33.0,22014.2,582.0,16922.28,EMP,Married,San Antonio,n
APP-10794,2023-02-04,female,19.0,,684.0,"$27,877.94",,single,houston,n
APP-10842,17/08/2023,FEMALE,,21833.53,634.0,28092.09,Employed,Married,SAN DIEGO,y
,2023-03-17,non-binary,20.0,"$135,965.97",708.0,"$52,344.99",Self-Employed,M,LOS ANGELES,Yes
APP-13116,23/07/2023,M,43.0,"$33,500.10",804.0,19004.81,employed,Single,San Antonio,y
APP-12215,19/04/2022,,41.0,,607.0,21308.99,employed,Married,Chicago,N
APP-10296,2023-10-02,male,42.0,,703.0,"$18,152.57",Retired,married,Philadelphia,1
APP-11894,2022-07-30,Female,49.0,"$39,187.54",803.0,12239.79,employed,Single,New York,n
APP-10862,"May 13, 2022",female,28.0,170312,584.0,43307.58,Employed,MARRIED,New York,1
APP-10596,26/08/2022,Female,58.0,"  $117,293  ",533.0,19759.08,Employed,married,San Antonio,Yes
APP-12553,07/13/2023,Female,53.0,"$23,972.21",,"$44,792.22",Employed,,Los Angeles,y
APP-10266,"May 08, 2022",male,43.0,"  $43,446  ",714.0,"$45,663.92",Self-Employed,Single,New York,n
APP-12178,2023-06-22,M,54.0,"  $57,453  ",604.0,,retired,Married,San Diego,y
APP-10196,08/27/2023,Female,27.0,71943.97,571.0,,None,Married,Chicago,n
APP-10402,29/01/2023,Female,47.0,135543.1,743.0,48636.75,  Employed  ,single,Philadelphia,y
APP-11366,2023-02-31,F,26.0,21603.8,743.0,26344.51,Employed,married,Phoenix,y
APP-10912,18/06/2023,Male,36.0,"  $77,002  ",720.0,,Employed,single,philadelphia,Y
APP-13198,09/27/2022,Female,22.0,47331.07,608.0,29994.05,EMP,single,New York,y
APP-10088,2022-08-23,Male,54.0,"-$15,000",693.0,,Self-Employed,married,Los Angeles,1
APP-10278,15/08/2023,M,32.0,"$45,854.10",594.0,24390.63,Employed,Single,Houston,1
APP-10945,2022-11-15,,28.0,,718.0,20488.98,Employed,Married,  Houston  ,Yes
APP-10166,2023.09.23,  Female  ,25.0,"$36,229.13",650.0,18337.65,Ret.,married,SAN ANTONIO,Yes
APP-11068,2022-01-17,Female,,,608.0,42264.13,Employed,MARRIED,Philadelphia,0
  APP-12629  ,12/18/2022,,42.0,"$40,255.85",646.0,"$28,376.62",Self-Employed,Married,San Antonio,Yes
APP-12951,2022-01-19,Female,46.0,142019,725.0,27009.55,Retired,SINGLE,New York,y
APP-11381,"June 15, 2022",Male,59.0,"  $57,976  ",740.0,"$33,656.98",self-employed,M,Phoenix,n
APP-10734,"October 07, 2023",male,24.0,"$77,800.73",607.0,"$25,533.91",Retired,Married,PHOENIX,Yes
APP-12957,2022-06-07,Male,45.0,39666.3,707.0,23799.94,Employed,Single,Chicago,y
APP-11609,2022-08-20,  Female  ,34.0,55572.02,691.0,32522.46,Employed,S,Phoenix,y
APP-11272,2023.04.17,Female,57.0,,760.0,"$38,098.90",employed,Single,  Houston  ,No
APP-10247,2023-02-21,F,19.0,84334.11,672.0,"$40,411.41",Full-Time,MARRIED,New York,1
APP-10408,2022-03-09,F,50.0,"$28,833.50",606.0,35803.41,Ret.,,  Houston  ,No
  APP-11675  ,05/29/2022,Male,53.0,"  $69,033  ",,43417.01,Retired,Single,Los Angeles,Y
APP-12421,2022-05-04,F,26.0,"$42,488.32",797.0,"$35,954.72",EMP,Married,new york,n
APP-10368,2022-10-16,male,34.0,"$40,867.71",797.0,18228.29,Employed,Single,San Antonio,Yes
APP-10025,16/10/2022,F,57.0,97481.36,710.0,23855.89,self-employed,Married,Chicago,y
APP-10879,12/08/2022,Male,40.0,"$21,987.38",610.0,"$28,308.42",EMP,Divorced,chicago,N
APP-12844,2022.03.10,Male,56.0,36927.61,678.0,"$19,158.54",Employed,single,HOUSTON,y
APP-12517,2023.10.28,Female,32.0,"$162,498.70",487.0,48380.5,,married,  San Diego  ,No
APP-11289,2022-11-09,male,55.0,33698.14,661.0,42833.52,Employed,M,PHILADELPHIA,Y
APP-10927,2022-08-16,F,40.0,"$156,772.08",715.0,37623.58,Self Employed,SINGLE,  San Diego  ,No
APP-10410,"June 24, 2023",female,46.0,"  $59,629  ",50.0,"$30,480.55",Retired,MARRIED,Houston,y
APP-11052,"February 28, 2022",M,45.0,"$28,745.98",611.0,"$27,299.60",  Employed  ,Single,Chicago,1
APP-11204,2023-02-21,F,21.0,"$101,449.53",722.0,41505.39,EMP,married,new york,y
APP-11113,2022-12-18,FEMALE,41.0,22328,707.0,22254.88,employed,single,Houston,y
APP-13122,"December 30, 2022",male,49.0,"  $33,370  ",576.0,23381.36,Employed,Single,philadelphia,Yes
APP-11475,2023-05-02,Male,,57379.63,727.0,16699.52,employed,Married,Phoenix,Y
APP-10907,2023.05.17,f,,62391.2,683.0,31659.19,Self Employed,single,Chicago,1
APP-11940,2023.09.21,Female,39.0,29084.52,762.0,"$22,118.03",Self-Employed,Divorced,San Diego,N
APP-11563,2022-02-03,female,27.0,"  $164,157  ",719.0,"$27,129.40",Self-Employed,Single,Chicago,N
APP-10067,2023-03-21,Male,45.0,"  $108,520  ",617.0,"$29,276.22",Ret.,Married,  Philadelphia  ,1
APP-11850,02/12/2022,Female,35.0,27555.93,751.0,20355.59,self-employed,Married,Phoenix,N
APP-12501,"October 18, 2022",,32.0,65348.71,743.0,25622.07,Self-Employed,Single,Chicago,Y
APP-10847,2023-07-15,Female,40.0,"  $36,660  ",727.0,,employed,married,San Diego,N
APP-10838,"January 31, 2023",Female,29.0,"$57,058.04",628.0,34035.72,Self Employed,SINGLE,San Antonio,Y
APP-10031,"March 16, 2022",F,60.0,33774.3,678.0,72659.79,Self-Employed,Divorced,chicago,No
APP-12405,13/03/2022,Other,29.0,"$20,986.55",681.0,28320.14,employed,Single,Houston,Yes
APP-13076,2023.06.01,Male,24.0,35813,563.0,"$39,851.26",Self-Employed,Married,PHOENIX,Y
APP-10343,2023.08.29,M,38.0,"  $35,076  ",660.0,43905.49,Employed,Married,Houston,1
APP-11425,"January 17, 2022",  Female  ,35.0,"$45,971.17",742.0,35931.76,Pensioner,Single,Houston,Yes
APP-12307,2023-09-27,Male,19.0,"  $21,893  ",631.0,25075.12,EMP,married,Los Angeles,y
APP-12728,2023.10.14,,32.0,,589.0,"$19,403.67",Full-Time,SINGLE,Houston,No
APP-12078,2022-04-12,Male,70.0,"$50,923.18",554.0,30428.57,employed,Married,San Antonio,1
APP-10727,01/29/2022,Male,30.0,"$136,264.47",664.0,15107.45,Employed,SINGLE,San Antonio,0
APP-10761,2023.12.04,Male,36.0,45546.92,668.0,"$21,442.45",Retired,Single,Philadelphia,N
APP-11483,"June 17, 2022",Female,47.0,70740,706.0,"$28,028.65",EMP,married,Philadelphia,Y
APP-11667,25/07/2022,Female,38.0,112195,675.0,23972.77,  Employed  ,Married,phoenix,Yes
APP-12924,"November 09, 2023",Male,54.0,"$27,221.75",663.0,22428.43,unemployed,Married,San Antonio,Y
APP-11084,2022-03-20,MALE,40.0,"  $83,957  ",767.0,24657.38,self-employed,Married,Philadelphia,y
APP-11966,23/12/2022,M,52.0,"$21,617.34",641.0,"$61,308.25",Unemployed,Married,San Antonio,y
APP-10990,18/08/2022,Male,,93297.05,662.0,"$26,772.26",Employed,D,San Antonio,y
APP-10528,19/06/2023,F,21.0,,649.0,"$38,850.52",Unemployed,Married,New York,No
APP-10176,26/08/2022,Male,34.0,43361,717.0,"$9,087.21",Full-Time,Married,New York,0
APP-11896,"November 28, 2022",,43.0,,850.0,17079.5,Unemployed,Married,Phoenix,0
  APP-10857  ,25/01/2023,  Male  ,42.0,147963,616.0,28055.67,Employed,Single,san antonio,n
APP-11455,15/05/2023,male,28.0,"  $140,694  ",790.0,13981.11,,Single,  San Diego  ,y
APP-11114,2022-07-01,Female,56.0,33231.91,649.0,"$21,207.15",Employed,Single,San Antonio,1
APP-10288,2023-11-09,Female,32.0,60556.51,683.0,50287.38,employed,,Houston,Yes
APP-12202,"December 11, 2022",,39.0,23731.33,635.0,"$17,708.21",Unemployed,Married,Houston,Y
APP-11784,2023.08.10,Male,37.0,23779,548.0,"$14,655.58",retired,Married,Houston,0
  APP-10177  ,2022.02.11,Female,44.0,116403.5,655.0,,Unemployed,Married,Chicago,1
APP-11915,"January 24, 2022",Female,41.0,"$31,664.77",735.0,"$32,662.16",Employed,Married,San Antonio,1
APP-10310,2023-02-31,Female,20.0,"  $35,769  ",722.0,20939.87,Self-Employed,S,Los Angeles,0
APP-12226,26/02/2023,m,23.0,"$50,296.66",786.0,31083.25,self-employed,Single,phoenix,Y
APP-13153,"January 11, 2022",Femal,29.0,"$36,898.73",599.0,36601.0,Self-Employed,Single,new york,N
APP-10370,2022-12-10,male,30.0,37713.92,564.0,18797.86,self-employed,Married,houston,y
APP-11271,2022-12-05,m,38.0,"  $39,114  ",672.0,"$43,031.98",Employed,Single,Philadelphia,No
APP-11978,16/10/2022,,35.0,91446,580.0,"$19,697.37",EMP,S,Phoenix,Y
APP-11744,2023-04-01,female,38.0,"  $67,171  ",595.0,"$31,202.90",,Single,san diego,Yes
APP-10937,21/02/2023,F,52.0,25146.45,583.0,"$19,391.59",None,married,HOUSTON,Yes
APP-11149,"March 21, 2023",Male,36.0,102300.62,50.0,"$47,956.19",Self-Employed,Married,Philadelphia,Yes
APP-11477,02/25/2023,m,33.0,55748.27,649.0,22662.91,Employed,Single,san antonio,N
APP-10944,2023-10-10,male,39.0,"  $42,412  ",831.0,"$31,355.70",Employed,married,Philadelphia,y
APP-10141,05/22/2023,male,50.0,"$27,389.24",553.0,"$18,928.23",Self-Employed,Single,  Chicago  ,1
APP-13086,2023-01-26,male,41.0,"  $78,934  ",665.0,22721.5,  Employed  ,Married,Chicago,Yes
APP-10602,04/02/2022,Male,42.0,"$78,382.56",663.0,42310.93,Unemployed,Married,New York,n
APP-11610,2022-07-23,,46.0,30676.16,708.0,"$22,515.55",Self-Employed,Single,Los Angeles,0
APP-10471,2023-02-01,  Male  ,42.0,27659.21,677.0,31532.77,,Married,Chicago,Y
APP-13027,2022-11-25,female,49.0,"$48,209.52",688.0,34124.45,Unemployed,S,New York,1
APP-12268,2023-02-31,F,20.0,"-$15,000",577.0,33480.71,Employed,single,San Antonio,Y
APP-11106,04/09/2023,male,34.0,,684.0,"$33,850.46",EMP,married,San Diego,Yes
APP-10676,2022.05.19,,38.0,"$102,144.33",641.0,22182.63,EMP,married,Houston,0
APP-13176,2023-09-11,  Male  ,63.0,"$33,397.85",786.0,19840.63,unemployed,Married,  Los Angeles  ,y
APP-10195,"October 05, 2022",Male,30.0,,657.0,,Unemployed,Single,Houston,y
APP-10532,2023-08-05,Male,35.0,73501.86,635.0,42503.64,Employed,M,SAN DIEGO,Y
APP-11652,2022-07-12,Female,30.0,"$38,486.39",705.0,"$52,132.88",employed,divorced,New York,n
APP-12011,2022-06-01,Male,23.0,259685,,"$69,909.27",employed,married,Los Angeles,Yes
APP-11391,2023-12-21,male,37.0,"  $24,873  ",728.0,36658.26,Pensioner,Married,San Antonio,Yes
APP-10555,03/04/2022,Female,19.0,73692,631.0,22832.39,Full-Time,Married,Los Angeles,Y
APP-12515,2022-06-04,male,36.0,35707.91,578.0,,employed,S,San Diego,y
APP-10811,"April 30, 2022",  Male  ,0.0,"$23,567.61",695.0,23760.22,retired,Single,Houston,1
APP-10610,05/19/2022,Male,40.0,"-$15,000",799.0,"$55,177.57",Employed,Single,San Antonio,Yes
  APP-12154  ,02/11/2023,Female,36.0,"  $193,741  ",687.0,"$22,236.34",Employed,Married,Houston,1
APP-10599,"March 06, 2022",  Male  ,43.0,93456,700.0,"$16,111.09",Employed,single,San Antonio,N
APP-10162,2023-02-28,Female,32.0,"  $59,205  ",760.0,"$19,680.04",,Married,  Houston  ,1
APP-12430,2023.01.01,,41.0,"$10,000,000.00",846.0,26822.52,EMP,Single,San Diego,Yes
APP-12322,"January 20, 2022",female,25.0,"  $58,734  ",773.0,20871.94,EMP,Divorced,Phoenix,Y
APP-11234,2022-10-19,Female,51.0,"$38,957.78",700.0,"$44,802.88",Unemployed,,new york,1
APP-12893,2022-03-27,M,51.0,,590.0,24238.58,Self Employed,M,NEW YORK,1
APP-10547,04/09/2023,Male,45.0,"$28,871.53",687.0,21396.43,retired,Single,San Antonio,n
APP-11027,2022.06.07,M,30.0,"  $23,098  ",778.0,21785.27,Unemployed,Single,San Antonio,n
APP-10568,"February 27, 2023",FEMALE,26.0,42863.97,823.0,29978.72,employed,Married,San Antonio,Yes
APP-11847,"November 03, 2022",female,26.0,"$23,870.89",681.0,28347.27,Employed,married,Phoenix,Yes
APP-11302,2022-09-19,M,27.0,77492.73,1500.0,20875.28,Unemployed,Married,LOS ANGELES,1
APP-12428,09/06/2023,Male,48.0,45140.51,717.0,44587.17,employed,Married,New York,y
APP-12213,27/04/2023,M,48.0,"$88,676.10",676.0,"$16,924.65",Unemployed,Divorced,los angeles,1
APP-13012,"December 22, 2022",Male,40.0,,624.0,"$25,997.04",EMP,Divorced,PHOENIX,Yes
APP-11965,11/16/2023,F,40.0,92094.37,727.0,18920.49,employed,Divorced,San Diego,1
  APP-10581  ,2023-05-30,female,26.0,95240.73,540.0,71438.02,Self-Employed,Single,Chicago,1
APP-11743,12/26/2022,Male,45.0,"$45,676.03",775.0,24770.4,,Married,San Diego,Yes
APP-11480,09/24/2023,male,32.0,"$39,401.29",617.0,43364.84,employed,Single,chicago,n
APP-10073,2023-02-02,Male,48.0,"$78,961.04",638.0,17637.32,EMP,Married,Phoenix,1
APP-10048,2023-08-11,FEMALE,49.0,"$61,793.88",816.0,25616.61,Freelancer,D,Phoenix,y
APP-11608,2022.10.04,Female,43.0,121789,699.0,27575.44,Self-Employed,MARRIED,PHOENIX,n
APP-10867,2022-03-24,MALE,,"  $59,018  ",682.0,23726.44,  Employed  ,DIVORCED,Houston,Yes
APP-13036,"January 30, 2023",M,55.0,41828,712.0,"$20,669.18",Self-Employed,S,San Diego,y
APP-12224,"March 12, 2023",Male,27.0,"$24,871.50",704.0,17723.25,employed,MARRIED,San Antonio,Y
APP-13183,04/07/2022,Male,,,580.0,"$40,773.71",Employed,Married,Phoenix,No
APP-13081,2023-07-09,M,35.0,"$102,265.98",548.0,"$28,946.63",UNEMP,Married,Los Angeles,0
APP-12528,2022-06-28,Female,28.0,29791.73,709.0,24302.67,  Employed  ,Married,Chicago,n
APP-11178,05/18/2023,  Male  ,28.0,"$142,177.52",687.0,"$59,982.76",  Employed  ,Married,Phoenix,Yes
APP-12580,2023-09-04,male,48.0,95454,630.0,36231.37,Ret.,Married,Phoenix,n
APP-10572,2023-04-28,female,44.0,,738.0,"$43,756.27",Employed,married,New York,y
APP-10942,10/24/2023,Male,55.0,"$47,743.00",714.0,39901.43,None,Single,Houston,1
APP-10859,2023-03-12,male,49.0,"$28,449.16",714.0,36614.13,Employed,Single,Houston,No
APP-11309,2022-01-18,Male,46.0,26200.51,595.0,22667.28,EMP,,Philadelphia,No
APP-13138,2022-09-28,female,26.0,"$50,347.97",643.0,"$23,867.08",Full-Time,married,Chicago,Yes
APP-12005,2022-05-19,M,,64788.16,604.0,24142.7,employed,Married,New York,No
APP-12113,2022-03-24,Female,43.0,"$50,105.50",696.0,23384.09,retired,Single,Los Angeles,n
APP-11862,2023-05-23,Female,40.0,68827,682.0,33156.51,Employed,Married,new york,y
APP-12751,2022-04-25,male,38.0,"  $349,067  ",668.0,39029.95,Ret.,single,houston,No
APP-11196,09/06/2023,Female,41.0,59411.11,668.0,"$37,541.53",  Employed  ,Married,Los Angeles,y
APP-10840,2023-12-04,male,22.0,"  $93,000  ",751.0,16532.12,employed,D,San Antonio,n
APP-11894,2022-07-30,Female,49.0,"$39,187.54",803.0,"$12,345.00",employed,Single,New York,n
APP-11187,2022-04-30,male,48.0,"$54,928.48",538.0,21421.83,Employed,SINGLE,San Antonio,n
APP-11359,2022-08-12,Male,36.0,41112.56,751.0,"$16,025.49",Employed,Single,Los Angeles,0
APP-12383,25/08/2022,m,,"$91,014.23",702.0,"$31,075.35",Employed,,San Diego,Yes
APP-12996,11/28/2023,,,"  $49,435  ",691.0,19882.3,Employed,divorced,San Diego,y
APP-12808,2023-08-23,M,40.0,"$57,217.30",726.0,53018.93,Employed,Single,  Los Angeles  ,Yes
APP-12119,08/24/2023,Male,57.0,"$111,714.85",692.0,12447.45,self-employed,single,San Antonio,No
APP-12581,2023-03-26,Female,58.0,41275.07,779.0,19162.24,  Employed  ,Single,Phoenix,Y
APP-13035,02/12/2022,other,,53856,832.0,10142.77,Self-Employed,Married,HOUSTON,Y
APP-11173,2023-07-22,Female,31.0,"  $25,642  ",788.0,34919.2,Self-Employed,single,Los Angeles,No
APP-12820,18/10/2023,F,41.0,"$99,473.79",728.0,27821.16,Employed,married,Phoenix,1
APP-10631,10/09/2023,female,38.0,23626.26,,19191.09,  Employed  ,Single,CHICAGO,No
APP-10831,21/09/2023,FEMALE,32.0,"$125,223.33",696.0,,Freelancer,,Los Angeles,1
APP-12552,2023.11.19,Male,43.0,,717.0,"$54,026.30",Employed,Married,houston,1
APP-12183,"January 18, 2022",Male,38.0,145165.51,,"$44,938.23",Self-Employed,Single,  San Antonio  ,Yes
APP-12340,2022.01.13,male,45.0,"$28,072.22",611.0,"$16,103.99",Employed,single,philadelphia,N
  APP-12378  ,05/02/2022,M,33.0,"$156,336.90",651.0,20323.33,Employed,,  Houston  ,No
APP-11587,2022-09-07,F,33.0,"$10,000,000.00",710.0,35216.64,None,Married,Philadelphia,n
  APP-11623  ,10/19/2022,,66.0,41837.92,768.0,,Self Employed,Single,  Chicago  ,y
APP-12527,2023-06-10,Femal,42.0,"$46,575.90",,36363.91,Employed,married,Chicago,n
APP-12983,02/05/2022,MALE,54.0,26414.73,751.0,23517.0,self-employed,SINGLE,Philadelphia,Yes
APP-10108,2023-05-14,male,38.0,,579.0,27404.1,Retired,Divorced,Los Angeles,y
  APP-11067  ,2023-06-05,Female,25.0,"  $35,752  ",797.0,34045.01,Retired,Married,Phoenix,y
APP-13124,"December 30, 2022",female,36.0,"$57,008.33",760.0,30359.16,employed,Single,  Los Angeles  ,Y
APP-10318,2023-08-01,Female,24.0,,624.0,,Self Employed,Married,New York,Yes
APP-11017,2023-05-03,Femal,37.0,"$143,614.16",718.0,18401.89,  Employed  ,married,San Diego,Y
APP-11487,02/22/2023,  Female  ,31.0,"  $67,651  ",627.0,56068.28,UNEMP,single,San Antonio,1
APP-12225,"June 02, 2023",M,25.0,107258,642.0,39349.89,Unemployed,married,Los Angeles,Y
APP-11206,2023-10-20,Male,35.0,"  $30,825  ",675.0,21555.03,Self-Employed,Single,Philadelphia,Yes
  APP-10793  ,2022-03-22,M,24.0,0,672.0,29115.36,employed,Single,San Antonio,Y
APP-11323,2023-01-30,female,45.0,"$49,681.92",,14906.9,self-employed,Married,San Diego,No
APP-10691,17/05/2023,Female,32.0,26554.79,610.0,52673.04,  Employed  ,Divorced,Houston,n
APP-11102,28/11/2023,M,36.0,"$54,469.74",777.0,"$21,213.76",Employed,Married,PHILADELPHIA,No
APP-11041,2022.10.13,F,38.0,"$99,999,999",708.0,24323.47,employed,M,New York,N
APP-12140,02/18/2022,Male,40.0,28437.77,682.0,"$58,378.34",  Employed  ,MARRIED,Los Angeles,1
APP-11936,2023-08-13,F,-8.0,46541,635.0,"$13,788.12",unemployed,Single,Chicago,N
APP-11812,"December 13, 2023",F,51.0,27137,683.0,11380.09,  Employed  ,MARRIED,Phoenix,Y
  APP-12053  ,2023.07.31,Female,30.0,"  $203,895  ",737.0,"$16,974.59",Employed,Divorced,  Phoenix  ,Yes
APP-10582,"March 25, 2022",male,65.0,126528,690.0,26763.46,Full-Time,single,New York,1
APP-12578,12/22/2023,Female,48.0,,785.0,"$14,539.16",Self Employed,M,  Houston  ,y
APP-10785,2022-05-09,Female,35.0,"$55,973.81",570.0,"$22,477.08",  Employed  ,Single,Phoenix,Yes
APP-12346,04/30/2023,Male,20.0,28835,561.0,31194.08,Self Employed,single,NEW YORK,N
APP-10056,2023-06-21,M,34.0,,727.0,"$42,999.34",EMP,Married,PHOENIX,Yes
APP-13133,2023-06-02,Male,38.0,,712.0,22998.25,EMP,MARRIED,New York,y
APP-11808,2023-05-20,M,44.0,88135,781.0,"$37,600.05",EMP,Married,Phoenix,y
APP-12240,2023-05-17,Male,24.0,"$157,254.40",652.0,21583.77,Employed,married,San Diego,Yes
APP-12740,2023-04-29,female,45.0,75322,610.0,"$31,969.26",,Divorced,phoenix,Yes
APP-10468,12/05/2022,Male,50.0,"$33,414.08",463.0,13642.33,Employed,Married,Houston,Yes
APP-12067,2023-11-27,,67.0,"$94,201.17",632.0,60503.98,Self Employed,Married,Los Angeles,1
APP-12712,2022-04-24,M,36.0,89937.61,579.0,"$33,005.92",unemployed,Single,Philadelphia,Y
APP-10535,2023.02.12,Male,44.0,46455.63,673.0,"$29,725.05",  Employed  ,Married,phoenix,1
APP-10678,24/02/2023,f,56.0,"$41,954.19",789.0,24832.95,Employed,Married,Philadelphia,No
APP-13008,05/11/2023,Male,54.0,"  $132,996  ",611.0,38366.35,Employed,Married,Phoenix,1
APP-13164,2022-06-29,female,33.0,"$132,465.52",692.0,"$16,841.35",,married,Los Angeles,No
APP-11886,2022-10-22,male,73.0,27697,735.0,"$42,751.85",Employed,S,Phoenix,y
APP-12325,23/10/2023,,34.0,"$38,198.34",736.0,37531.65,Employed,married,Los Angeles,Yes
APP-13160,2023-05-02,,28.0,"  $51,550  ",740.0,"$30,721.03",Employed,Single,san diego,Y
APP-10839,2023-10-29,Male,39.0,"$123,527.64",616.0,37551.53,Self-Employed,Single,New York,N
APP-10069,26/08/2022,male,38.0,204756.37,702.0,37554.77,  Employed  ,MARRIED,SAN ANTONIO,1
APP-13014,2023-11-17,M,19.0,"$80,052.40",758.0,47800.24,Employed,Married,San Antonio,Yes
APP-12907,2023-07-07,FEMALE,,"$62,214.04",691.0,"$16,409.30",EMP,Married,phoenix,Y
APP-11926,2022-09-11,Female,33.0,81768.03,705.0,"$14,892.29",Full-Time,,New York,Y
APP-10436,2022-01-07,F,39.0,"  $68,593  ",619.0,15494.66,Employed,SINGLE,  Philadelphia  ,y
APP-12821,2022-04-03,Male,48.0,"$97,784.51",,31534.92,self-employed,Married,Houston,No
APP-11103,2022-09-06,Other,45.0,44276,752.0,19228.75,Employed,,Philadelphia,No
APP-11507,2022.06.24,Male,60.0,"$42,370.92",663.0,"$28,434.66",Employed,Married,SAN DIEGO,y
APP-10208,"September 15, 2023",F,25.0,"$24,004.47",666.0,41033.41,,Single,Phoenix,1
APP-11338,"November 10, 2022",female,26.0,30052.67,635.0,24405.11,Self-Employed,Married,Philadelphia,Yes
APP-10565,04/29/2022,Male,49.0,"$37,678.58",647.0,"$44,959.64",retired,Married,Houston,Y
APP-10313,2022-10-31,Male,55.0,,700.0,30625.37,employed,MARRIED,los angeles,y
APP-10601,"April 08, 2023",Female,35.0,26659,641.0,"$43,119.81",,Divorced,San Antonio,y
APP-10233,2023-09-13,,-8.0,"$59,768.56",807.0,11199.4,Self-Employed,,  New York  ,N
APP-11706,2022-05-10,female,31.0,34271,693.0,32330.26,,M,Houston,1
APP-12691,24/03/2023,Male,44.0,"$46,324.75",625.0,31818.48,Self-Employed,married,Los Angeles,n
APP-10012,10/26/2023,Female,45.0,"$30,869.67",759.0,"$12,345.00",Employed,MARRIED,New York,y
APP-12408,2022-07-06,Male,,74898.18,585.0,50545.24,Employed,Single,Chicago,Yes
APP-10111,05/06/2022,male,37.0,"  $86,858  ",778.0,22777.77,Self Employed,Married,San Antonio,n
APP-11404,2022.08.24,Female,49.0,"$20,782.25",630.0,"$48,779.54",Self Employed,single,New York,1
APP-10969,01/17/2023,Female,19.0,"  $34,334  ",624.0,32300.85,  Employed  ,Married,Chicago,Y
APP-10759,2022-11-18,male,48.0,"$26,522.69",753.0,"$79,440.45",employed,Married,  Chicago  ,1
APP-11055,2023-05-06,Female,32.0,"  $77,851  ",605.0,"$56,820.82",self-employed,Single,Houston,1
APP-12519,2023-12-25,FEMALE,19.0,"$147,299.64",661.0,51841.78,employed,Single,Philadelphia,No
APP-10472,"September 23, 2022",Female,34.0,"$28,677.94",663.0,"$35,451.47",Self-Employed,Married,Los Angeles,No
APP-12170,2023-10-18,Female,37.0,"$51,697.10",791.0,34939.99,Employed,married,San Diego,N
APP-11791,21/03/2022,,31.0,27026.58,607.0,"$59,671.01",Self-Employed,married,San Antonio,y
APP-12592,2022-03-21,Female,46.0,37829.3,623.0,23543.69,EMP,Single,San Antonio,Yes
APP-13010,16/09/2023,FEMALE,46.0,"$41,563.62",722.0,45111.24,Full-Time,Married,new york,y
APP-11446,2022-07-12,FEMALE,48.0,,678.0,"$24,992.70",EMP,Divorced,Los Angeles,Yes
APP-11117,27/05/2022,Male,19.0,103252.84,744.0,35704.94,employed,married,Los Angeles,Y
APP-11042,08/24/2023,FEMALE,59.0,32971.13,679.0,"$22,884.41",Employed,single,New York,n
APP-12706,2022-05-21,female,36.0,42403.77,665.0,16370.12,  Employed  ,Married,  Houston  ,N
APP-12878,2023-10-30,F,38.0,49130,664.0,"$26,395.67",unemployed,,Los Angeles,1
APP-10655,04/01/2023,male,42.0,169031.79,723.0,16399.95,EMP,Single,  San Diego  ,Y
  APP-13039  ,26/03/2023,Male,,"  $44,131  ",805.0,34477.99,employed,divorced,Phoenix,Y
APP-10361,2022-11-26,Male,30.0,"$43,879.60",595.0,"$35,128.02",Employed,married,los angeles,y
APP-10135,2023-07-08,Female,19.0,,807.0,49057.3,employed,M,Houston,y
APP-12698,2022-11-01,  Male  ,37.0,45173,676.0,"$12,345.00",UNEMP,Married,Chicago,Yes
APP-12403,2023-04-01,Female,47.0,"$27,078.47",,23478.91,Employed,Married,Philadelphia,Yes
APP-11029,04/10/2022,Male,33.0,39034,554.0,"$21,300.27",Employed,SINGLE,  Los Angeles  ,1
APP-12503,2022-04-28,M,49.0,51752.04,719.0,49493.16,EMP,Single,Los Angeles,Y
APP-10366,22/04/2023,Female,30.0,"  $34,283  ",578.0,25856.31,Full-Time,,CHICAGO,Yes
APP-12472,2023-01-31,Female,59.0,62412.97,,26387.61,self-employed,divorced,Chicago,Yes
APP-10029,01/26/2023,Male,,"$28,850.50",741.0,19578.37,Self-Employed,Single,San Antonio,Yes
APP-12766,05/12/2023,FEMALE,,54130.61,658.0,13294.43,EMP,S,Chicago,y
APP-10022,2022-10-04,Male,19.0,42826,731.0,34172.83,Employed,Married,New York,Y
APP-11780,2023-05-12,Female,,22969,775.0,"$48,099.48",Employed,Single,Phoenix,Y
APP-11134,28/06/2022,Female,49.0,26379,706.0,24423.04,  Employed  ,single,Philadelphia,Y
APP-10921,"May 17, 2023",,,"$91,942.03",777.0,30593.0,Self-Employed,Single,Phoenix,N
APP-11097,2022-02-08,female,19.0,61037,740.0,"$42,048.13",Employed,MARRIED,San Antonio,y
APP-10695,09/01/2023,female,66.0,123601.27,652.0,"$31,902.71",unemployed,married,Los Angeles,Y
APP-13064,2023-12-02,,26.0,"$22,031.60",734.0,30326.31,Employed,Married,San Diego,0
APP-10700,"March 10, 2023",f,38.0,28716,658.0,,Self-Employed,single,New York,Yes
APP-10420,09/06/2022,Male,44.0,82755.47,667.0,,Self-Employed,Single,  Philadelphia  ,1
APP-10682,2023-10-15,  Female  ,28.0,98203.84,754.0,27018.11,employed,married,Phoenix,No
APP-13087,2022-07-28,M,29.0,"  $43,936  ",689.0,"$27,267.76",Self-Employed,SINGLE,houston,Yes
APP-10460,2023-10-02,Male,29.0,,714.0,42998.57,Employed,Married,Los Angeles,0
APP-10043,07/07/2023,F,51.0,"  $55,693  ",810.0,"$30,536.96",  Employed  ,Divorced,San Antonio,1
APP-10087,"June 24, 2023",Male,,"$56,140.26",710.0,38598.84,Employed,married,Houston,n
APP-12715,26/04/2022,male,33.0,90656.79,618.0,15202.13,Employed,MARRIED,HOUSTON,0
APP-10742,2023-12-26,Male,19.0,26174.25,682.0,51260.12,Self Employed,Married,Houston,y
APP-11745,"November 27, 2022",Female,39.0,23168.88,591.0,"$25,555.22",,Single,Chicago,y
APP-10561,2022-04-06,F,29.0,71588,643.0,"$33,603.59",Employed,D,Los Angeles,Y
APP-10282,2022-10-30,Male,,20819,649.0,"$36,749.47",  Employed  ,SINGLE,Chicago,Y
APP-11264,05/20/2022,Male,,"  $61,659  ",558.0,,EMP,Married,San Diego,Y
APP-11258,05/31/2023,Male,19.0,43184,829.0,23009.56,self-employed,Single,San Antonio,No
APP-11442,2022.03.27,MALE,31.0,"  $212,420  ",730.0,27948.7,Retired,SINGLE,Chicago,N
APP-13149,2023-06-12,female,28.0,"$69,627.26",739.0,36102.58,Freelancer,Single,San Antonio,n
APP-12030,"November 27, 2023",M,36.0,"$37,383.78",641.0,"$38,728.70",employed,M,phoenix,y
APP-10533,2022-07-17,Female,35.0,44099,742.0,21162.14,Freelancer,Single,Chicago,Yes
APP-13132,2023.02.13,MALE,51.0,"$45,723.50",682.0,32196.2,Unemployed,Divorced,Philadelphia,Y
APP-12713,2022-03-08,Female,55.0,"$67,254.72",756.0,47617.25,retired,married,Chicago,Y
APP-11295,2023.10.29,Male,38.0,31539.57,741.0,"$29,675.07",None,married,San Antonio,1
APP-11813,11/18/2022,Male,32.0,"$38,090.03",699.0,"$21,810.69",Employed,married,San Diego,n
APP-12609,2023-02-31,Male,39.0,,673.0,41858.7,employed,Married,New York,No
APP-12645,21/02/2022,female,29.0,20711.45,741.0,15975.84,,,Houston,0
APP-11270,9999-99-99,Male,27.0,74975.32,653.0,"$20,920.53",Employed,Married,Phoenix,y
APP-12776,2023-09-26,male,23.0,35216.13,627.0,"$15,461.82",Self-Employed,Single,Houston,No
APP-11554,2023-10-09,Male,39.0,"  $258,313  ",597.0,20241.94,Employed,M,LOS ANGELES,Y
  APP-10373  ,2023-05-07,male,40.0,69126.41,757.0,,EMP,married,Phoenix,Yes
APP-12018,03/23/2022,F,44.0,,769.0,"$36,125.16",EMP,SINGLE,San Antonio,Yes
APP-10817,"April 06, 2023",M,47.0,"  $103,154  ",686.0,28595.61,Retired,Single,Phoenix,Y
  APP-12626  ,2023.11.13,Male,51.0,28440.14,,15889.11,EMP,married,New York,Yes
APP-10637,10/19/2023,Femal,50.0,"$37,753.49",,48700.88,,single,Chicago,1
APP-11800,2022-09-23,Female,29.0,131957,,25934.25,Self-Employed,married,Los Angeles,1
APP-11037,2023-02-27,Male,56.0,27774.47,759.0,49343.46,Employed,,chicago,y
APP-12417,30/07/2023,female,51.0,"$65,306.70",655.0,"$16,706.08",Employed,Married,  Los Angeles  ,1
APP-12381,20/08/2022,M,35.0,32158.56,586.0,23176.06,employed,Married,Los Angeles,1
APP-12431,2022-12-23,Female,24.0,"  $31,041  ",628.0,38785.98,Employed,married,Philadelphia,Yes
APP-12933,2023.02.05,Male,30.0,56220,711.0,41944.28,,Single,Philadelphia,Yes
APP-11659,2022-06-16,Female,40.0,"$61,229.31",582.0,31134.28,Employed,Married,New York,y
APP-12025,2022.10.20,F,33.0,"$83,941.96",604.0,"$19,143.81",employed,Married,Los Angeles,N
APP-10221,"May 29, 2022",M,31.0,"$108,073.47",735.0,"$17,625.69",Self-Employed,Married,Chicago,y
  APP-10543  ,10/06/2022,Female,36.0,53904,810.0,"$74,473.09",,Married,NEW YORK,n
APP-12495,2022-08-28,male,35.0,"  $99,219  ",700.0,19173.18,EMP,divorced,New York,Y
APP-12375,10/16/2022,Male,31.0,"$23,119.89",612.0,15070.19,Retired,Married,Phoenix,N
APP-10685,2022.10.02,Male,39.0,"  $23,456  ",706.0,21884.81,Employed,married,Phoenix,Y
APP-10871,20/02/2023,Male,19.0,86964.49,832.0,44865.3,Employed,Married,Houston,1
APP-10790,21/11/2023,Female,19.0,"$40,781.69",764.0,32367.34,Employed,Married,San Antonio,Y
  APP-12153  ,"April 01, 2023",Male,34.0,30973,725.0,31514.9,Employed,Married,Phoenix,Yes
APP-12176,2023.12.02,Female,142.0,"$55,564.39",659.0,"$35,372.36",Employed,Married,phoenix,1
APP-12573,2023-01-06,M,46.0,"  $83,348  ",637.0,"$26,672.92",employed,M,  Los Angeles  ,n
APP-12928,2022-12-12,Female,59.0,"$97,429.41",636.0,"$22,438.43",Employed,Married,Houston,y
APP-11385,"December 14, 2023",Femal,39.0,33287,724.0,41624.54,Retired,Married,NEW YORK,Y
APP-10798,18/03/2022,,28.0,"$63,179.14",706.0,"$17,461.01",Employed,Married,San Antonio,n
APP-11253,10/07/2023,Female,50.0,43375.71,655.0,24594.52,Employed,Single,Philadelphia,Y
APP-11543,27/11/2022,M,33.0,21579,528.0,"$20,489.17",Unemployed,Married,New York,Yes
APP-11991,04/11/2022,Male,42.0,"$40,605.44",660.0,"$27,870.61",Employed,MARRIED,San Antonio,Y
APP-10272,2022-11-02,Male,28.0,,667.0,"$35,421.03",Employed,,Houston,y
APP-12276,2023.06.02,Male,45.0,94895.23,649.0,40642.5,EMP,,  New York  ,Y
APP-10521,03/19/2023,MALE,47.0,,675.0,29295.29,self-employed,Single,San Antonio,No
  APP-10522  ,"January 29, 2023",Female,35.0,"$45,149.49",653.0,"$58,265.15",Employed,Single,philadelphia,Yes
APP-11869,2023-06-25,Male,32.0,118981.53,,27030.31,Retired,M,Chicago,y
APP-12619,2022-02-21,MALE,19.0,"$57,903.50",646.0,35735.53,employed,M,Philadelphia,Yes
  APP-12371  ,09/03/2023,Male,29.0,26874.66,710.0,29955.11,,Single,  Philadelphia  ,y
APP-10350,2022.08.11,  Male  ,,45617,694.0,19343.95,Pensioner,Single,new york,1
APP-11557,"January 16, 2022",male,46.0,25832.93,696.0,15562.83,Self-Employed,married,San Diego,Y
APP-11190,2022-03-17,Female,,23119.66,689.0,20254.34,employed,Divorced,SAN ANTONIO,Y
APP-11909,2022-09-04,Female,22.0,"$51,636.89",694.0,23287.68,Employed,married,New York,No
APP-12298,"September 25, 2023",Female,46.0,"$139,224.38",,17962.27,employed,Married,San Diego,N
APP-11074,2022-10-05,Male,51.0,129962.8,657.0,20500.54,Retired,Single,philadelphia,1
APP-12564,"February 17, 2022",Male,57.0,"$35,837.68",659.0,,Employed,single,houston,No
APP-10651,2022-06-18,M,22.0,"$78,775.96",663.0,16520.94,Unemployed,M,Philadelphia,y
APP-12764,2023-10-11,,34.0,"  $32,883  ",675.0,20098.22,EMP,married,SAN DIEGO,1
APP-11983,"June 28, 2023",Female,40.0,95382.15,753.0,28374.9,employed,Married,New York,Y
APP-12090,07/04/2023,Female,19.0,"$24,577.37",700.0,24334.09,Employed,,Chicago,No
APP-12867,2022-05-29,Female,48.0,"  $36,239  ",690.0,20943.71,Self-Employed,Married,san diego,y
APP-13077,11/15/2023,Male,33.0,"$79,324.49",636.0,"$43,093.30",Employed,S,San Diego,0
  APP-12872  ,2022-09-28,Female,47.0,"$51,878.73",490.0,32490.3,EMP,SINGLE,San Antonio,y
APP-11361,"June 30, 2023",Male,19.0,"$80,944.79",704.0,"$18,792.74",Self-Employed,married,Phoenix,No
APP-12930,06/07/2023,male,29.0,"$10,000,000.00",712.0,23962.63,Employed,Single,San Antonio,1
APP-11578,2022-01-27,Female,44.0,25465.14,664.0,33305.08,Self-Employed,Divorced,phoenix,y
APP-10168,17/01/2023,M,35.0,"$198,781.31",641.0,48168.91,Employed,S,Los Angeles,Y
APP-12770,06/14/2022,Male,25.0,"$28,889.63",659.0,41022.68,employed,S,Los Angeles,N
APP-11251,28/03/2022,,,149750.25,702.0,"$27,724.20",Unemployed,Single,New York,0
APP-11006,12/21/2023,Other,26.0,"$30,390.75",568.0,17569.31,Employed,Married,San Diego,1
APP-10803,2023-04-13,male,46.0,"  $124,167  ",804.0,13305.35,Unemployed,Single,  Phoenix  ,Y
APP-11061,13/12/2023,female,29.0,"$34,419.15",759.0,,Self-Employed,Single,Chicago,1
APP-11283,03/17/2023,f,38.0,29618.68,759.0,16057.71,Unemployed,M,  San Diego  ,Y
APP-11032,2022-02-22,Female,20.0,104123.52,623.0,"$51,531.47",EMP,M,San Antonio,No
APP-11730,2022.08.07,Female,39.0,"$40,896.55",627.0,17392.74,Full-Time,DIVORCED,Houston,1
APP-11334,2023-08-27,Femal,61.0,45913.69,668.0,27826.85,  Employed  ,Single,Houston,Yes
APP-11135,11/30/2022,Male,30.0,"  $27,026  ",571.0,25068.07,Employed,Married,LOS ANGELES,Y
APP-12066,"March 02, 2022",M,43.0,21696.37,850.0,"$33,307.79",Employed,single,HOUSTON,1
APP-12475,2022-04-28,Male,46.0,"  $98,962  ",684.0,44855.75,Employed,Married,Houston,Y
APP-10219,2022.12.22,m,,"$30,022.89",654.0,24217.02,EMP,single,Houston,N
APP-10367,17/11/2023,Male,33.0,"  $80,907  ",723.0,"$28,837.83",Retired,MARRIED,Phoenix,y
APP-12423,01/08/2023,Female,36.0,85558.62,605.0,"$56,917.94",Unemployed,M,Houston,N
APP-10549,11/12/2022,male,41.0,"$20,115.06",710.0,"$33,893.87",Full-Time,Divorced,New York,N
APP-12522,09/04/2023,FEMALE,,116818.82,797.0,35895.43,employed,Married,Phoenix,n
APP-12369,"July 28, 2022",female,26.0,,784.0,35318.21,Employed,divorced,San Diego,1
APP-11614,03/02/2022,Femal,46.0,"$30,835.16",732.0,25244.49,Employed,Divorced,New York,0
APP-10351,"January 15, 2023",male,22.0,"$99,999,999",675.0,19976.47,Unemployed,S,San Diego,No
APP-12719,2023-02-31,Male,,"  $46,305  ",610.0,"$38,394.33",Self Employed,Single,HOUSTON,n
APP-10772,9999-99-99,female,41.0,55742.11,850.0,"$21,509.23",Self Employed,Married,Los Angeles,1
APP-12107,15/01/2022,Male,21.0,28757.79,730.0,"$19,850.47",EMP,M,New York,1
APP-12271,"September 29, 2023",Female,54.0,21735,741.0,"$64,193.43",Unemployed,,San Antonio,Y
APP-10490,17/01/2022,FEMALE,56.0,24112,657.0,"$18,543.98",Employed,D,San Diego,Y
APP-12974,10/02/2023,Female,53.0,"  $22,292  ",778.0,"$25,718.03",employed,Married,san antonio,n
APP-12623,9999-99-99,Female,49.0,63180,742.0,"$39,166.88",Employed,Married,Houston,1
APP-10498,24/01/2022,Female,39.0,"$36,321.48",671.0,30462.99,  Employed  ,Married,  Phoenix  ,Yes
APP-12010,09/17/2023,Female,,"$92,722.91",670.0,"$29,227.97",self-employed,Single,  San Diego  ,Yes
APP-10210,06/29/2022,Female,58.0,"$10,000,000.00",-100.0,37187.21,Employed,Single,New York,y
  APP-11053  ,"September 09, 2022",male,70.0,"$31,394.15",733.0,17160.03,Self Employed,married,Phoenix,N
APP-10903,"July 15, 2022",M,19.0,47017.26,664.0,32266.62,unemployed,Married,Chicago,1
APP-10650,04/07/2023,F,25.0,"$297,415.82",817.0,33196.46,employed,,san antonio,y
APP-10227,2022-06-27,MALE,30.0,31572,574.0,"$38,127.90",None,Married,Los Angeles,Y
  APP-10365  ,22/02/2022,Male,35.0,"-$15,000",660.0,"$23,824.15",Ret.,MARRIED,new york,0
APP-11995,2022-03-31,Male,42.0,31297.37,790.0,12608.69,unemployed,married,Los Angeles,n
APP-10881,2022-03-18,female,39.0,"  $69,714  ",609.0,,Employed,married,PHOENIX,1
APP-10276,2022-09-14,Male,19.0,,735.0,24219.98,employed,Married,San Diego,1
APP-12798,"July 01, 2022",female,33.0,"$22,874.71",689.0,19937.54,Employed,single,houston,y
APP-12709,01/05/2023,Femal,20.0,37382.03,681.0,12159.1,None,Single,San Diego,No
APP-11503,2022.07.03,Femal,43.0,71641,819.0,"$31,033.18",Ret.,Single,HOUSTON,Y
APP-11752,2022-06-11,Male,43.0,31742.5,565.0,39044.7,UNEMP,,Houston,No
APP-11263,08/01/2023,Female,47.0,"$43,786.74",,24858.49,employed,M,San Diego,y
APP-10407,Unknown,male,19.0,"$34,408.65",755.0,"$49,529.89",Self-Employed,Married,New York,n
APP-12541,2023-07-30,male,51.0,"$29,207.91",675.0,29195.43,Employed,Single,Houston,Yes
APP-11192,2022-09-10,male,38.0,"-$15,000",566.0,41722.87,employed,Married,new york,Yes
APP-12584,07/24/2023,Female,47.0,106766.93,581.0,"$22,609.25",Employed,Divorced,  Chicago  ,No
APP-13157,2022.11.17,Male,39.0,"  $42,124  ",639.0,23804.35,Employed,Single,Los Angeles,1
,12/17/2022,,32.0,94699.91,703.0,28065.84,Retired,M,San Antonio,Yes
APP-12880,2022-11-06,OTH,42.0,54565,596.0,38588.44,Employed,Single,Chicago,0
APP-11499,06/17/2023,female,31.0,"  $39,644  ",618.0,"$15,108.05",employed,Single,NEW YORK,0
APP-10844,2023-07-26,Male,19.0,47088.18,769.0,60126.11,self-employed,Divorced,  New York  ,1
APP-10007,2023.05.25,Other,48.0,"$20,820.83",745.0,40291.78,Self-Employed,Divorced,Chicago,1
APP-10978,17/07/2023,Male,,"$74,095.41",684.0,27962.87,Employed,Married,Phoenix,Yes
APP-12425,"May 22, 2023",,45.0,"$61,880.94",543.0,30229.18,,Divorced,San Antonio,Yes
APP-11071,06/05/2022,Female,29.0,"  $34,993  ",570.0,49303.25,None,married,Chicago,No
APP-10415,02/09/2022,Female,59.0,"  $44,138  ",738.0,40439.92,EMP,married,Philadelphia,N
APP-12429,2022-03-02,MALE,37.0,"$10,000,000.00",714.0,"$39,282.96",retired,married,Houston,y
APP-11011,13/08/2023,F,20.0,20918,596.0,"$40,340.89",Employed,Married,Phoenix,y
APP-12723,20/03/2022,Male,22.0,,640.0,23479.09,EMP,Married,Philadelphia,Yes
APP-11725,08/23/2023,Male,36.0,,751.0,11027.91,Employed,married,Chicago,1
APP-13093,2023-04-25,Female,20.0,"$77,837.81",727.0,"$51,307.54",Self-Employed,Divorced,Phoenix,Yes
APP-11825,07/10/2022,f,45.0,"  $86,690  ",653.0,41546.41,employed,M,San Antonio,N
APP-10199,2022-06-10,female,40.0,24279.64,639.0,31666.6,employed,S,San Antonio,Yes
APP-12649,11/14/2022,m,30.0,"$67,320.14",539.0,"$24,842.05",Pensioner,Married,San Diego,1
APP-11123,02/13/2023,female,,33639.02,564.0,,,Single,San Antonio,y
APP-10801,30/08/2022,f,42.0,"  $79,534  ",701.0,28702.58,Self Employed,SINGLE,  Chicago  ,y
APP-11947,2023-03-04,,41.0,92185.18,644.0,22434.57,Employed,SINGLE,Los Angeles,No
APP-11468,2022-01-02,,53.0,"  $36,387  ",578.0,20316.66,Self-Employed,Married,new york,y
APP-10283,2022-12-03,F,53.0,"$27,672.82",,26782.81,,single,SAN ANTONIO,0
APP-11376,13/01/2023,male,29.0,"  $46,546  ",736.0,31135.22,employed,Single,Los Angeles,y
APP-10231,05/25/2023,f,23.0,105323.21,612.0,24674.44,Employed,Single,philadelphia,y
APP-10940,"March 07, 2022",Male,44.0,147993.58,650.0,"$22,054.02",retired,Single,  Phoenix  ,n
APP-12015,15/06/2023,Female,19.0,"$30,758.03",638.0,18844.11,Employed,married,New York,Y
APP-11188,2022-08-26,,43.0,,671.0,"$66,601.88",Unemployed,married,  New York  ,No
APP-10096,"June 18, 2022",Male,68.0,"  $124,498  ",789.0,14249.08,Self-Employed,SINGLE,New York,No
APP-11677,27/03/2023,female,19.0,43682.49,747.0,35411.82,Employed,Single,HOUSTON,Y
APP-13167,2023-07-11,Female,53.0,"  $39,858  ",723.0,27601.5,employed,Married,Chicago,Yes
APP-11918,"January 22, 2022",male,30.0,113692,,44280.25,Employed,MARRIED,SAN ANTONIO,Yes
APP-11018,26/12/2022,Female,34.0,88082.76,711.0,48675.43,Unemployed,Married,  Houston  ,No
APP-12130,2022-02-22,Other,,40192,642.0,27077.57,EMP,Single,los angeles,y
APP-11133,2023-09-12,Female,33.0,29814.05,596.0,"$28,391.93",None,Single,New York,Y
APP-13166,2022-11-11,,35.0,"  $108,097  ",673.0,37963.2,EMP,married,San Antonio,y
APP-12861,09/22/2022,Male,27.0,124687,593.0,23255.04,Employed,Married,Los Angeles,Yes
APP-11731,02/07/2022,Female,30.0,"  $29,021  ",702.0,17298.67,EMP,married,San Diego,Yes
APP-12108,11/24/2023,non-binary,39.0,"  $56,477  ",629.0,"$28,482.48",  Employed  ,Married,San Diego,1
APP-10104,"June 14, 2023",,51.0,137846.56,585.0,"$38,265.22",employed,single,  Phoenix  ,Yes
APP-12471,03/21/2023,Female,28.0,42096.84,742.0,"$35,640.66",Self Employed,single,Phoenix,1
  APP-11815  ,2023-03-15,M,19.0,"$79,093.47",640.0,,EMP,Single,houston,n
APP-12686,26/12/2022,male,39.0,"$65,863.32",656.0,"$37,107.21",unemployed,M,  Chicago  ,1
APP-11786,2023-05-30,Male,44.0,167702.44,632.0,23356.69,Unemployed,Married,SAN DIEGO,Y
APP-11691,2023-03-14,Female,40.0,"$35,871.67",670.0,32623.87,Employed,Divorced,  Houston  ,1
APP-11288,18/10/2022,Female,54.0,"$115,796.13",614.0,,Employed,married,PHILADELPHIA,No
APP-10435,11/06/2022,Femal,0.0,"$48,784.90",762.0,17357.81,Ret.,Married,CHICAGO,0
APP-12714,2023-07-16,male,28.0,"$30,601.74",683.0,20743.03,Employed,single,los angeles,Yes
APP-10744,10/01/2023,other,31.0,,772.0,16657.43,Self Employed,Married,NEW YORK,y
APP-10226,2023-12-10,male,47.0,92459,684.0,28642.15,  Employed  ,MARRIED,Chicago,Y
APP-11138,"December 02, 2023",Male,23.0,"$21,241.34",652.0,13055.26,Self-Employed,single,Houston,n
APP-11360,"June 21, 2022",Male,51.0,226051.97,623.0,25615.38,employed,Single,Philadelphia,Y
APP-12857,"July 30, 2022",Female,37.0,22197,585.0,25227.76,Pensioner,,Los Angeles,Y
APP-12545,2022-09-05,Male,35.0,154372,679.0,30270.63,employed,married,  San Antonio  ,Y
APP-11882,2022.08.23,male,43.0,"  $43,662  ",669.0,"$31,112.55",Self-Employed,Single,Houston,No
APP-11950,2023-06-04,Male,39.0,"$48,604.70",733.0,34944.59,employed,married,San Antonio,No
APP-12636,2023-01-30,F,40.0,46099.3,674.0,28029.37,Employed,M,philadelphia,y
APP-10952,"April 21, 2022",Male,41.0,"$29,598.54",743.0,31239.18,Employed,Single,New York,Y
APP-11429,"April 15, 2023",Female,28.0,54421,681.0,24582.71,Self-Employed,Single,San Antonio,n
APP-11765,2022-11-11,f,54.0,"$244,874.37",621.0,40379.93,  Employed  ,Married,Phoenix,Yes
APP-11200,2022-07-27,Male,29.0,75036.79,694.0,23829.81,Retired,Single,  Chicago  ,0
APP-10962,NULL,Female,58.0,"$67,701.84",640.0,38964.69,Full-Time,Married,New York,1
APP-11330,2023-06-04,Female,31.0,177692.39,654.0,"$31,274.95",Self-Employed,SINGLE,Los Angeles,Yes
APP-11395,24/12/2022,Male,51.0,64381.42,636.0,31818.2,Employed,,Phoenix,Y
APP-10964,"April 28, 2023",Male,34.0,44965,529.0,16494.78,UNEMP,Single,PHILADELPHIA,Yes
APP-11583,2023-12-04,M,,70169,822.0,31299.23,Self-Employed,M,houston,Yes
APP-11146,2023-05-20,Femal,,,652.0,21033.84,Self Employed,single,San Antonio,Yes
APP-11967,"May 30, 2022",Female,34.0,"$39,286.58",661.0,"$22,153.85",EMP,Single,San Diego,0
APP-10464,2022-04-10,Male,39.0,30135.58,746.0,"$29,645.92",employed,Divorced,philadelphia,y
APP-11044,2022.11.08,F,39.0,33975.09,674.0,"$46,543.93",Full-Time,MARRIED,Chicago,1
APP-11022,2023-11-27,male,23.0,,625.0,"$19,429.20",Employed,Married,Chicago,1
APP-12676,2023-06-16,Female,45.0,31639,713.0,40739.85,Employed,Married,LOS ANGELES,1
APP-11577,"January 28, 2022",m,,"$69,938.07",644.0,"$39,826.80",unemployed,M,Los Angeles,1
APP-12805,2022-06-29,,29.0,60463,613.0,57853.73,unemployed,Married,  San Diego  ,Yes
APP-11993,17/05/2023,Male,34.0,41040.81,595.0,17827.66,Employed,Married,Los Angeles,Y
APP-12665,2023-11-24,non-binary,39.0,37568,713.0,"$46,492.30",Employed,Married,Los Angeles,Yes
APP-12120,28/02/2022,f,37.0,94213,776.0,"$12,460.97",  Employed  ,S,Chicago,0
APP-10212,16/05/2022,female,42.0,"$37,959.32",669.0,"$24,047.74",Employed,Single,CHICAGO,y
APP-10012,10/26/2023,Female,45.0,"$30,869.67",759.0,"$17,945.44",Employed,MARRIED,New York,y
APP-10116,2022-12-16,F,50.0,"$23,499.57",720.0,17495.62,Employed,Divorced,Los Angeles,No
APP-10900,Unknown,male,23.0,"$50,581.94",653.0,,employed,married,Houston,Y
APP-10422,2022-12-01,,50.0,"$27,352.39",656.0,"$60,133.24",EMP,Married,LOS ANGELES,No
  APP-10887  ,14/08/2022,female,64.0,28079.42,746.0,25675.17,Employed,M,San Antonio,1
APP-12398,2022-08-04,Male,19.0,25285.86,750.0,"$42,109.62",,S,New York,No
APP-11462,2022-07-08,Male,40.0,"$35,803.02",608.0,"$26,260.82",Employed,Single,  Los Angeles  ,1
  APP-12987  ,2023-02-31,Female,20.0,38513.85,729.0,24454.66,Employed,MARRIED,Chicago,1
APP-12023,"May 31, 2023",Female,35.0,48551.47,603.0,31035.38,unemployed,married,San Antonio,Y
APP-11613,2023-06-14,Male,25.0,48848,643.0,"$21,814.31",retired,M,san diego,y
APP-10741,14/03/2023,Female,,111324,699.0,11390.22,Employed,,San Antonio,1
APP-12921,2022-06-01,Female,34.0,35907.74,689.0,43202.05,Employed,,PHILADELPHIA,n
APP-12583,2022-02-27,Female,,0,649.0,34425.37,EMP,Married,New York,N
APP-12185,2023-04-17,m,28.0,"-$15,000",809.0,19242.15,Employed,Divorced,Chicago,0
APP-11397,13/10/2022,Male,34.0,75199.27,654.0,"$29,887.38",Unemployed,MARRIED,San Antonio,1
APP-11586,09/07/2023,female,33.0,109213,719.0,29857.22,retired,single,San Antonio,1
APP-11973,2023-08-22,female,40.0,24471.3,716.0,35655.42,  Employed  ,single,San Diego,Yes
  APP-10509  ,2023-03-28,f,28.0,,664.0,37003.24,Employed,Married,San Diego,Yes
APP-10644,"October 19, 2023",f,,23696,679.0,"$35,148.89",Self Employed,Single,Chicago,Yes
APP-10597,2022-09-06,Male,35.0,"-$15,000",,"$25,238.02",EMP,single,Los Angeles,Yes
APP-12855,14/05/2023,Male,24.0,"$118,038.27",592.0,46635.01,  Employed  ,Married,San Diego,1
APP-12694,05/25/2023,male,44.0,56397.59,660.0,"$28,205.48",self-employed,M,San Diego,0
APP-11423,2023-09-01,male,46.0,30556.14,666.0,22582.89,UNEMP,married,chicago,1
APP-12496,11/20/2023,Male,23.0,"$28,188.55",744.0,"$23,673.23",Self Employed,MARRIED,chicago,y
APP-12925,"December 06, 2022",F,39.0,"$77,272.56",667.0,60840.34,Employed,MARRIED,  San Diego  ,Y
APP-10518,Unknown,Female,60.0,"  $45,145  ",711.0,40701.27,Employed,divorced,HOUSTON,Y
APP-11036,2023-06-25,Other,25.0,32755.19,633.0,28894.6,Employed,single,Philadelphia,1
APP-10767,2022.10.12,M,44.0,,595.0,"$29,155.07",Employed,MARRIED,Los Angeles,0
APP-10573,25/11/2023,Female,70.0,"$82,675.89",713.0,13853.04,unemployed,Married,San Antonio,N
APP-10069,26/08/2022,male,38.0,204756.37,702.0,37554.77,  Employed  ,MARRIED,SAN ANTONIO,1
APP-13015,2022-01-03,male,32.0,"$28,364.91",797.0,"$22,690.99",Employed,Single,phoenix,Yes
APP-12529,02/22/2023,Female,45.0,129109.85,650.0,38186.56,Employed,Divorced,Philadelphia,Y
APP-12216,"March 05, 2022",Female,36.0,"$91,454.36",669.0,56783.57,Employed,Married,Phoenix,Y
APP-12063,02/05/2022,Male,40.0,63827.42,670.0,55539.27,Self-Employed,married,chicago,1
APP-11411,12/10/2023,OTH,36.0,75975.24,521.0,29218.81,employed,Married,Los Angeles,Yes
,2022-03-17,M,44.0,35758,645.0,"$18,337.10",Employed,Divorced,chicago,1
APP-10123,2023.01.05,Male,33.0,51328.45,741.0,38303.57,,married,Los Angeles,1
APP-11957,08/11/2022,Female,54.0,"  $102,630  ",747.0,41747.48,self-employed,Divorced,  Chicago  ,1
APP-12034,14/06/2023,Female,45.0,26369,754.0,55731.75,Self-Employed,Divorced,new york,Yes
APP-10220,05/08/2022,Male,19.0,50969.81,667.0,40022.42,employed,Married,New York,y
APP-10819,03/07/2023,Female,40.0,"  $26,032  ",581.0,"$28,906.34",EMP,Single,  Houston  ,n
APP-12866,2023-03-28,,32.0,"$51,839.88",728.0,15364.46,EMP,Single,houston,n
  APP-10358  ,2023-06-08,male,28.0,"  $27,627  ",615.0,19900.67,Employed,MARRIED,San Antonio,y
APP-10100,2023-07-23,  Male  ,53.0,59272.05,709.0,66141.29,Self-Employed,MARRIED,  New York  ,Yes
APP-12922,2022-06-20,Female,,"$37,497.94",521.0,31195.43,Retired,married,chicago,0
APP-10551,04/04/2023,Female,24.0,70397.03,634.0,42420.51,Unemployed,,Phoenix,Y
APP-11988,2023-09-12,male,31.0,"$23,551.51",696.0,,Self Employed,Married,LOS ANGELES,y
  APP-12678  ,"May 09, 2023",,33.0,"$38,575.00",548.0,"$47,437.85",employed,married,Houston,Yes
APP-10259,2022-11-21,f,21.0,147008,651.0,49888.68,Retired,Married,houston,Y
APP-13068,"October 28, 2022",female,30.0,"$36,922.17",717.0,"$30,163.48",employed,married,Los Angeles,y
APP-12708,2023-01-06,Male,49.0,"$73,891.70",757.0,21477.92,Employed,MARRIED,Chicago,n
APP-10420,09/06/2022,Male,44.0,82755.47,667.0,"$12,345.00",Self-Employed,Single,  Philadelphia  ,1
APP-12646,"February 12, 2023",MALE,,60514.44,588.0,54034.07,Self-Employed,Single,  San Antonio  ,n
APP-11501,07/07/2023,Male,41.0,30258.44,705.0,26181.07,EMP,Married,Phoenix,No
APP-12004,2023-07-01,Female,52.0,"$153,748.38",760.0,27117.25,Employed,Single,SAN DIEGO,No
APP-11220,2023-07-06,Female,35.0,122093.15,569.0,20104.52,Unemployed,Married,  Houston  ,Yes
APP-12661,"March 29, 2022",Male,41.0,42372,757.0,30243.97,  Employed  ,Single,Houston,No
APP-11373,12/11/2022,  Female  ,52.0,26200,693.0,17060.46,Employed,Married,  Philadelphia  ,N
APP-11980,2022-01-09,  Female  ,39.0,"  $27,555  ",832.0,27724.72,Employed,Single,Houston,1
APP-11089,"March 21, 2022",Female,39.0,"$23,556.99",692.0,11794.05,Unemployed,Married,Chicago,Yes
APP-13006,2022-05-03,Female,,"$99,999,999",587.0,36272.65,employed,married,  Philadelphia  ,0
APP-12132,2022-05-08,Male,53.0,"  $245,581  ",520.0,21843.03,Unemployed,MARRIED,Houston,1
APP-12575,"August 14, 2023",Male,47.0,92798,592.0,"$22,157.29",EMP,divorced,New York,N
APP-11972,2023-01-25,male,27.0,38313.22,759.0,41816.82,Employed,Divorced,Los Angeles,n
APP-10456,04/02/2023,F,47.0,,647.0,"$25,319.40",Employed,MARRIED,San Diego,1
APP-10462,11/12/2023,male,36.0,24417.01,669.0,20909.34,Freelancer,divorced,Phoenix,1
  APP-12465  ,14/01/2022,female,44.0,,670.0,24025.37,employed,Married,Phoenix,0
APP-10926,2023-03-02,MALE,36.0,"$53,266.92",730.0,"$14,375.60",,Married,Houston,Yes
APP-12316,03/06/2023,M,33.0,,730.0,"$17,835.01",employed,Married,NEW YORK,1
APP-12547,2022-06-11,Female,30.0,"$99,999,999",632.0,18085.48,Employed,SINGLE,Phoenix,N
APP-11826,"June 14, 2022",FEMALE,31.0,"$87,042.43",,22706.32,self-employed,Married,New York,1
APP-10381,2022.11.28,Male,40.0,25206,527.0,17403.7,UNEMP,married,san antonio,y
APP-13096,"May 31, 2022",Female,33.0,57784,807.0,13687.95,employed,SINGLE,San Antonio,y
APP-12064,16/06/2023,male,29.0,33715,618.0,28749.99,Full-Time,Married,Houston,Yes
APP-12019,13/08/2023,female,33.0,56188.42,785.0,30114.72,Self-Employed,MARRIED,San Antonio,N
APP-10929,"December 16, 2022",F,25.0,24786,644.0,14282.68,Unemployed,Married,Houston,1
APP-12600,2022-12-13,Female,56.0,25105,625.0,,employed,Married,San Diego,Y
APP-11127,2023-01-16,Female,35.0,58748.12,654.0,,Freelancer,Married,new york,y
APP-11010,"June 11, 2023",female,49.0,"$25,140.74",,53792.72,Employed,divorced,San Diego,y
APP-11110,03/01/2023,,30.0,"$37,214.87",647.0,"$32,380.38",  Employed  ,Single,  Los Angeles  ,N
APP-11720,03/07/2023,Female,32.0,"$43,100.55",692.0,"$32,586.10",self-employed,Single,  Los Angeles  ,Y
APP-10662,2023-04-26,F,42.0,72899.1,683.0,33677.02,Employed,Single,houston,1
APP-10059,2022-06-22,female,51.0,23326.53,578.0,19333.46,Employed,single,philadelphia,1
APP-11612,2023.02.08,,27.0,"$109,012.17",614.0,"$19,330.84",Employed,Married,Chicago,y
APP-13009,2023-08-02,Male,37.0,,640.0,"$17,809.23",employed,Single,Philadelphia,N
APP-12468,31/05/2022,Female,19.0,"$56,122.67",,25584.9,Employed,Single,new york,N
APP-11282,14/09/2023,M,29.0,38323.46,671.0,"$12,345.00",Self-Employed,Married,  New York  ,No
APP-11749,04/16/2022,female,50.0,"$20,970.04",679.0,32597.37,Self-Employed,Single,San Antonio,y
APP-12611,NULL,male,27.0,,479.0,34433.19,employed,Married,Houston,y
APP-12534,16/02/2022,Male,65.0,23130.02,725.0,58950.08,Retired,single,  Phoenix  ,N
APP-11641,2022-08-26,F,53.0,36741,570.0,30141.32,Unemployed,Single,Chicago,N
APP-10845,2023-01-03,male,44.0,"$35,160.37",,"$18,054.46",EMP,Single,Phoenix,1
APP-10542,"December 20, 2023",Female,,"  $23,754  ",9999.0,"$34,745.24",EMP,Married,Chicago,y
APP-11553,2022-09-22,Male,26.0,"$133,372.26",628.0,22903.64,self-employed,Married,  Philadelphia  ,Y
APP-12124,04/25/2023,Male,,20697.48,785.0,"$44,439.96",None,Single,  New York  ,y
  APP-12236  ,08/11/2023,Male,51.0,"$66,667.35",701.0,"$35,717.59",Employed,married,San Antonio,Yes
APP-12032,11/14/2022,Femal,51.0,"$41,328.59",780.0,22404.69,,M,PHOENIX,Yes
APP-11535,01/08/2023,Male,32.0,"  $48,074  ",757.0,"$35,806.49",Self-Employed,Married,San Diego,Y
APP-11345,2022-12-07,MALE,46.0,"$42,209.34",722.0,16388.94,Employed,single,chicago,Y
APP-11055,2023-05-06,Female,32.0,"  $77,851  ",605.0,"$56,820.82",self-employed,Single,Houston,1
APP-12418,2023-07-22,  Female  ,20.0,"$39,360.43",600.0,"$28,793.90",Employed,MARRIED,Chicago,N
APP-12084,"April 15, 2023",Female,45.0,26110.58,664.0,38416.31,Unemployed,Single,LOS ANGELES,N
APP-10391,Unknown,Female,51.0,96288.01,619.0,"$12,345.00",EMP,Married,San Antonio,n
APP-12292,"November 20, 2022",MALE,57.0,"  $30,699  ",695.0,41109.72,EMP,Single,  Phoenix  ,0
APP-10237,2022-06-29,female,37.0,32305.8,529.0,29367.88,  Employed  ,married,Chicago,1
  APP-12768  ,10/14/2022,Male,,"$95,467.63",521.0,36391.49,,Single,Chicago,No
APP-11235,2023-11-28,Female,24.0,25031,651.0,45270.12,employed,married,Phoenix,1
APP-12172,2023-01-18,Male,45.0,"$20,280.23",684.0,33123.06,Pensioner,M,San Antonio,1
APP-12281,2022.08.30,male,35.0,31273.23,571.0,31547.79,  Employed  ,S,  Phoenix  ,Yes
APP-10163,22/06/2023,  Male  ,51.0,"  $84,630  ",650.0,40910.45,Self Employed,Married,San Diego,Yes
APP-11742,06/27/2022,Male,37.0,"  $119,437  ",661.0,,Employed,SINGLE,Phoenix,1
APP-10252,2022-07-23,F,27.0,"$37,366.80",718.0,21867.24,Employed,married,new york,Yes
APP-11231,2022-12-23,Male,41.0,"$47,315.80",706.0,"$27,286.78",Employed,Married,PHOENIX,y
APP-11925,2022-06-23,F,41.0,"$99,999,999",702.0,31265.09,employed,single,San Diego,y
APP-10930,07/01/2023,,41.0,"  $33,505  ",691.0,"$50,265.03",Retired,married,houston,No
APP-12827,08/09/2023,female,54.0,"  $35,597  ",743.0,"$15,380.60",Self Employed,Divorced,Phoenix,n
APP-12599,2022-09-11,M,46.0,"$87,486.24",,"$19,941.01",EMP,MARRIED,chicago,1
APP-12697,2022-03-01,female,,"  $70,890  ",551.0,9940.91,EMP,Married,Philadelphia,y
APP-11232,2023.02.23,MALE,20.0,"$72,560.42",687.0,"$14,776.18",employed,Single,San Diego,Y
APP-12412,2023-06-06,Male,42.0,"$33,874.31",667.0,,employed,Married,los angeles,Y
APP-11681,"May 26, 2022",,46.0,"  $20,569  ",635.0,"$20,882.91",EMP,married,Philadelphia,No
APP-12622,06/02/2023,Female,57.0,39315,,19183.92,Employed,Married,San Diego,Y
APP-12653,2022-12-25,M,35.0,"$43,798.39",634.0,,Employed,Single,Houston,y
  APP-12309  ,"February 08, 2023",  Female  ,47.0,26045.05,757.0,48139.27,Employed,Married,New York,y
APP-10677,18/05/2023,Male,59.0,65172,699.0,21528.52,Employed,Single,  San Diego  ,0
APP-10041,"January 27, 2022",female,53.0,"$26,018.47",716.0,29744.55,,Married,San Antonio,Y
APP-11378,2023-07-26,Male,37.0,104505.7,,41552.74,employed,married,Los Angeles,N
APP-11402,2023-08-08,Female,33.0,143609,673.0,33196.55,Self Employed,married,Philadelphia,n
APP-11350,2023.02.04,Female,32.0,"$48,738.60",512.0,25484.65,Unemployed,Single,Chicago,n
APP-10243,17/01/2023,Female,30.0,30907,587.0,,employed,Divorced,San Antonio,Yes
APP-12345,23/10/2023,Male,45.0,67401,767.0,"$14,395.59",Employed,Divorced,Los Angeles,1
APP-12450,13/01/2023,F,51.0,92966,706.0,"$25,963.80",EMP,Married,  Philadelphia  ,y
APP-11278,2022-10-06,F,44.0,"$49,118.84",596.0,58397.96,Self-Employed,S,  San Diego  ,Yes
APP-10261,2023-10-01,F,47.0,,577.0,13768.83,Employed,MARRIED,philadelphia,Yes
APP-11108,"November 07, 2023",,35.0,"$45,727.17",683.0,37435.28,employed,M,SAN DIEGO,Y
APP-10834,25/11/2023,Male,37.0,"$78,154.08",675.0,"$30,502.58",Employed,Divorced,San Diego,No
APP-12566,10/28/2023,Female,34.0,"$83,475.53",751.0,,Retired,M,Phoenix,Y
APP-11157,"February 14, 2022",Male,35.0,81103.63,647.0,"$19,707.69",Employed,Married,Chicago,Yes
APP-11754,2023-05-27,male,19.0,"  $32,591  ",629.0,"$22,929.71",employed,Divorced,San Diego,y
APP-11116,01/04/2022,female,32.0,,710.0,"$21,527.51",employed,MARRIED,San Diego,1
APP-10340,27/10/2022,Female,33.0,"$71,289.97",677.0,22574.13,Employed,MARRIED,houston,1
APP-12118,2022-01-10,male,-8.0,"$10,000,000.00",847.0,,Self-Employed,Married,New York,Y
APP-10748,2022.03.02,F,54.0,46130.56,759.0,36691.35,self-employed,Divorced,Los Angeles,Y
APP-12329,19/09/2022,male,51.0,131965,676.0,43663.87,Employed,Divorced,Los Angeles,Y
APP-10480,2022-06-11,Female,48.0,,698.0,"$33,814.01",Employed,Single,Chicago,1
APP-13020,2023-07-31,Femal,41.0,"  $60,030  ",690.0,"$22,496.64",  Employed  ,Married,Chicago,y
APP-11665,06/19/2023,Female,27.0,"  $123,684  ",690.0,47477.86,Employed,married,CHICAGO,N
APP-13125,06/09/2022,Male,35.0,,707.0,"$27,262.57",  Employed  ,married,New York,y
APP-10783,2023-02-25,Male,33.0,121035.65,704.0,23280.9,,SINGLE,Phoenix,n
APP-12849,29/12/2022,Male,24.0,"  $36,309  ",773.0,"$40,236.00",  Employed  ,SINGLE,San Diego,Yes
APP-12956,2022-12-21,other,39.0,"$24,193.86",760.0,"$25,081.19",Self-Employed,married,NEW YORK,N
APP-12669,2022-07-19,Female,43.0,"$102,059.43",629.0,37522.65,EMP,Married,Chicago,1
APP-13007,2022-12-14,FEMALE,22.0,"$67,613.60",593.0,"$23,278.56",Employed,Married,Houston,Yes
APP-12783,2022-09-16,  Male  ,44.0,"$45,377.04",482.0,27378.87,EMP,Married,Houston,Yes
APP-11124,"June 12, 2023",Male,41.0,156737,696.0,52177.52,Employed,Single,San Diego,No
APP-12597,2022.04.17,Female,38.0,143199,719.0,57520.6,retired,single,San Antonio,1
APP-12351,2023-07-26,Male,53.0,,826.0,23393.65,Employed,Single,philadelphia,1
APP-12992,2023-10-14,Female,65.0,59778,706.0,"$19,463.61",Employed,Single,new york,1
APP-12129,2023-02-31,FEMALE,28.0,"$72,622.39",476.0,23266.22,Full-Time,M,Houston,n
APP-10626,2022.02.03,Female,25.0,61132.1,586.0,"$24,339.22",employed,Single,San Antonio,y
APP-10347,2022-05-22,male,63.0,"$30,514.23",601.0,"$20,357.35",Self-Employed,Single,chicago,No
APP-12121,04/11/2022,MALE,36.0,36317.77,579.0,"$20,202.18",EMP,Single,San Antonio,1
APP-11502,2022.05.28,Male,44.0,47510.5,611.0,"$34,268.04",self-employed,Single,San Antonio,Yes
APP-10979,2023-12-16,male,52.0,43970,601.0,30894.41,employed,Divorced,phoenix,0
APP-12862,2022-03-08,male,29.0,79135.16,751.0,22484.75,employed,Single,San Antonio,Y
APP-11351,2023-02-16,Other,48.0,,562.0,,Self Employed,Married,Los Angeles,N
APP-10911,2022-03-28,Male,56.0,41108.05,739.0,34767.0,Employed,married,Phoenix,y
APP-12077,06/14/2022,Male,46.0,"$27,616.74",668.0,24020.33,Employed,Single,PHOENIX,1
APP-10632,2022-04-05,M,,"$28,943.12",664.0,"$14,734.12",Full-Time,MARRIED,  New York  ,0
APP-12659,12/16/2023,FEMALE,46.0,39226.54,771.0,40289.5,Self-Employed,married,PHILADELPHIA,y
APP-10445,2022-12-19,Male,27.0,"  $20,364  ",785.0,"$26,164.60",employed,Single,  New York  ,y
APP-10617,"July 18, 2023",Female,34.0,"  $91,021  ",651.0,,Self-Employed,Married,San Antonio,Yes
APP-11509,"May 28, 2023",male,60.0,22588.53,724.0,59724.38,Employed,Married,Philadelphia,Y
APP-12319,07/17/2023,Female,39.0,"$61,679.86",678.0,46524.18,Employed,MARRIED,Chicago,1
APP-11592,2023-12-24,  Male  ,21.0,"$60,000.26",731.0,"$31,305.54",Employed,Married,Los Angeles,0
APP-12754,04/18/2022,Male,46.0,"$43,282.40",643.0,"$30,180.71",Employed,single,SAN DIEGO,Y
APP-12730,2023-03-18,Female,47.0,90653.37,668.0,29575.76,employed,Single,Philadelphia,y
APP-10118,2022-02-09,Male,33.0,"$37,902.97",757.0,55535.08,employed,Single,  Houston  ,Y
APP-12335,2022-07-14,Male,,"  $50,034  ",706.0,36617.74,Full-Time,M,CHICAGO,y
APP-10353,21/10/2023,Other,29.0,"$28,975.23",719.0,38245.91,employed,Married,new york,Yes
APP-10613,09/20/2023,Male,22.0,"$45,792.87",630.0,36266.41,Ret.,Married,PHOENIX,Y
APP-11151,"September 18, 2023",Male,,"  $36,729  ",819.0,"$43,352.54",EMP,married,Houston,Y
APP-12288,2023-05-07,FEMALE,70.0,55736.15,720.0,,Employed,Married,San Antonio,No
APP-12104,2023-09-02,Male,57.0,33966.27,734.0,21157.81,employed,S,Chicago,Y
APP-10057,09/17/2022,Male,19.0,"$90,680.04",534.0,71327.78,Employed,Single,San Diego,Y
APP-11414,10/29/2023,  Male  ,22.0,77977.77,742.0,24802.43,Employed,DIVORCED,Los Angeles,No
APP-13108,2022.05.14,M,29.0,"$20,060.70",,23220.37,Unemployed,Divorced,San Antonio,1
APP-13091,2023-09-14,F,29.0,"$23,682.57",633.0,27978.0,self-employed,married,HOUSTON,Yes
APP-12775,"July 06, 2023",Male,25.0,59093,694.0,54996.08,Employed,married,San Antonio,Yes
APP-13050,2022-11-11,M,38.0,"$47,466.40",779.0,29986.21,self-employed,SINGLE,  Philadelphia  ,n
APP-11842,"February 08, 2022",Male,31.0,43581.56,637.0,"$39,757.31",Self-Employed,M,Phoenix,No
APP-11532,2023-02-31,M,50.0,30293.87,850.0,31225.32,retired,Single,san antonio,No
APP-11322,2022-12-06,Male,62.0,42188,592.0,"$34,780.53",,,Houston,y
APP-11666,2022.02.17,Male,19.0,37352.38,666.0,"$34,769.49",employed,M,chicago,1
APP-11566,2022-07-24,F,49.0,"$43,125.02",,44754.66,Employed,S,San Diego,Y
APP-10560,2023-11-05,female,35.0,"  $57,646  ",649.0,32574.26,Ret.,Single,San Antonio,1
APP-10707,2023-11-02,  Female  ,49.0,,606.0,"$18,344.33",Employed,Single,Los Angeles,1
APP-11233,20/02/2023,Female,38.0,"$45,613.76",773.0,21457.37,Freelancer,married,  San Diego  ,n
APP-10424,2022-04-27,,0.0,41233.02,671.0,"$37,564.16",EMP,MARRIED,Phoenix,Yes
APP-11093,2023.11.03,Male,38.0,"$31,251.80",706.0,22622.0,Employed,married,Los Angeles,Y
APP-10647,08/01/2022,Male,21.0,"$48,770.23",595.0,"$22,216.16",employed,MARRIED,New York,1
APP-10072,2022-07-26,female,52.0,189362.77,,"$27,057.07",Unemployed,,San Antonio,1
APP-11467,2023-02-19,Female,38.0,"  $137,628  ",,13236.12,employed,Single,Chicago,y
APP-12020,"July 29, 2023",Female,60.0,74746.15,604.0,35682.77,Employed,married,Philadelphia,1
APP-12009,2023-02-18,Male,39.0,"$45,102.78",668.0,15325.62,Self-Employed,Married,Los Angeles,Y
APP-11005,2023-04-19,male,23.0,"$33,367.15",703.0,"$30,010.23",unemployed,Married,San Diego,1
APP-10620,2022-04-20,other,23.0,"  $71,803  ",621.0,30832.77,Employed,single,Phoenix,No
APP-13013,2022-03-28,Female,55.0,63494.49,694.0,31084.43,Employed,married,Phoenix,1
APP-10553,2023-07-22,male,19.0,"$62,880.82",738.0,,  Employed  ,M,San Antonio,No
APP-11143,2022-01-18,,51.0,"$109,957.03",701.0,"$41,021.36",unemployed,married,HOUSTON,1
APP-12948,2022-02-19,female,29.0,"$32,869.54",664.0,"$46,668.58",Employed,Married,Phoenix,1
APP-11727,12/24/2023,Male,26.0,"$79,488.80",714.0,"$18,280.54",employed,Single,Phoenix,0
APP-10998,06/03/2023,Male,33.0,,494.0,18037.17,Employed,married,Chicago,Yes
APP-11511,2022-03-05,male,30.0,"  $65,595  ",,22494.55,,Married,SAN DIEGO,Yes
APP-11436,29/03/2023,M,34.0,"$42,029.56",748.0,19006.61,Employed,single,Los Angeles,n
APP-13037,2022-01-08,Female,,"$85,332.43",,47172.5,unemployed,Single,San Diego,1
APP-12310,07/05/2023,F,58.0,51132.31,600.0,"$12,345.00",Retired,SINGLE,PHILADELPHIA,y
APP-12174,2022-11-09,Female,28.0,224794.7,585.0,"$38,411.35",,single,Chicago,n
APP-10440,22/10/2023,FEMALE,42.0,55860.41,627.0,25630.12,unemployed,MARRIED,houston,1
  APP-10508  ,2023-04-10,Female,42.0,30786,,17150.4,  Employed  ,,San Diego,1
APP-11100,09/12/2022,female,43.0,,771.0,"$21,372.42",retired,Married,Phoenix,y
APP-10589,05/04/2022,Male,,39706.71,649.0,46487.68,Employed,single,San Diego,No
APP-11766,2023-01-28,Female,44.0,,620.0,"$40,537.53",Employed,Single,San Diego,N
APP-10649,26/09/2022,Femal,19.0,77743,668.0,"$40,901.19",Employed,Single,Philadelphia,Yes
APP-12685,31/03/2023,MALE,48.0,"$30,260.70",627.0,,self-employed,Single,New York,1
APP-11849,28/04/2022,male,39.0,"$108,278.66",680.0,,Employed,married,San Diego,y
APP-11459,2023.12.24,  Female  ,52.0,"  $28,028  ",796.0,33640.26,Employed,Married,San Diego,Y
APP-13117,02/12/2023,Female,41.0,80661,842.0,36919.14,Full-Time,MARRIED,  Phoenix  ,No
  APP-12360  ,2023-12-20,Female,50.0,51728,687.0,"$46,869.95",Retired,Married,Chicago,y
APP-10630,"April 06, 2022",F,0.0,37430.25,649.0,20223.53,unemployed,single,Philadelphia,Yes
APP-11552,21/10/2022,Female,25.0,"$57,189.65",705.0,20808.88,Retired,Single,HOUSTON,n
APP-11873,2023-09-16,female,48.0,,729.0,"$35,665.76",Employed,Married,Los Angeles,Y
APP-10482,10/31/2022,female,38.0,67722.85,704.0,"$12,342.58",  Employed  ,SINGLE,Houston,y
APP-11377,2023.07.28,male,34.0,82283,730.0,"$29,120.99",,Married,Los Angeles,Y
APP-12836,"January 19, 2022",Male,39.0,77565.05,737.0,"$35,373.58",,Divorced,NEW YORK,y
APP-11702,2023-12-04,female,50.0,58801.31,616.0,"$21,755.67",employed,MARRIED,new york,y
APP-12313,2023-06-16,,36.0,196016,733.0,21648.82,EMP,Married,Chicago,Y
APP-12149,2023-06-28,  Female  ,58.0,"  $103,329  ",730.0,"$45,522.13",unemployed,single,San Diego,n
APP-12488,2023.02.09,Female,23.0,27850,607.0,26142.11,Self-Employed,Married,Houston,y
APP-10856,20/12/2022,female,46.0,31734,707.0,25048.29,  Employed  ,Divorced,  Los Angeles  ,y
APP-11618,"July 21, 2022",Female,,"$21,532.68",617.0,39949.05,employed,Married,San Diego,n
APP-10530,"June 14, 2022",Male,55.0,38115,850.0,36598.19,Retired,single,New York,y
APP-12594,"July 12, 2022",female,44.0,26533.17,782.0,19857.29,Employed,Single,san diego,Y
APP-10049,2022-03-06,male,32.0,"$23,420.59",511.0,21706.33,Employed,Married,San Antonio,y
APP-10858,NULL,,45.0,65291.44,725.0,30749.31,Employed,Married,LOS ANGELES,Y
APP-12484,2023-12-04,,39.0,,751.0,31501.3,Ret.,Single,San Diego,Y
APP-11072,2023.04.08,Male,49.0,"$28,802.03",608.0,31874.39,  Employed  ,D,Los Angeles,y
APP-10719,"October 26, 2023",,54.0,"$36,519.20",633.0,21954.32,employed,Married,San Antonio,1
APP-11916,2022-04-28,Male,34.0,"$62,352.69",625.0,"$34,057.30",Employed,M,New York,n
  APP-11584  ,2023.10.16,  Male  ,43.0,26628.74,698.0,27246.13,Self-Employed,married,San Antonio,Y
APP-12493,2022-12-08,male,34.0,71124.74,703.0,26409.87,employed,married,San Antonio,y
APP-12344,"April 12, 2023",male,48.0,"  $37,037  ",683.0,41216.81,Full-Time,single,philadelphia,No
APP-11811,2023-04-10,Male,30.0,46589.4,706.0,"$37,017.93",Self Employed,Single,san diego,N
APP-12359,22/10/2023,  Male  ,24.0,"$20,887.58",713.0,"$39,082.94",unemployed,married,Phoenix,Y
APP-11593,12/02/2023,Female,51.0,28625.32,,"$44,403.46",Employed,Married,Philadelphia,No
APP-12474,2022-05-24,Male,28.0,43098,692.0,32537.07,EMP,Single,San Diego,y
APP-11590,12/10/2022,Other,40.0,"$38,293.28",522.0,37760.99,EMP,married,Phoenix,Yes
APP-12284,2023.10.03,f,46.0,66043,659.0,22595.48,Employed,Married,Phoenix,Yes
  APP-11533  ,12/12/2023,Male,34.0,"$41,588.94",718.0,"$24,141.12",Self Employed,single,New York,Yes
APP-11226,2023-05-28,Female,49.0,,688.0,19956.76,Self-Employed,single,New York,y
APP-11242,"August 31, 2023",Male,28.0,34497.44,556.0,42763.42,Employed,MARRIED,San Antonio,Y
APP-12382,2022-03-29,F,27.0,"  $21,994  ",718.0,39821.51,Employed,Single,PHILADELPHIA,Yes
APP-11195,2023.06.10,Male,41.0,32372.76,736.0,"$30,475.85",unemployed,Single,san diego,Y
APP-13159,"October 12, 2023",female,21.0,60019.29,701.0,"$54,165.45",,divorced,Houston,1
APP-12909,10/23/2023,Femal,42.0,36678.69,850.0,21546.7,Employed,,Phoenix,Yes
APP-11830,2023-07-29,Male,27.0,74854,691.0,"$36,993.17",employed,Divorced,San Antonio,Yes
APP-10297,2023.04.08,Male,19.0,"  $84,576  ",,"$33,398.59",Self-Employed,SINGLE,New York,n
APP-12837,06/07/2022,f,29.0,"$21,460.68",721.0,"$22,464.09",employed,SINGLE,Phoenix,No
APP-12117,17/01/2022,Male,59.0,"  $155,723  ",689.0,42320.66,self-employed,Married,New York,0
  APP-10958  ,27/10/2023,Male,41.0,34417.47,753.0,61299.35,Employed,Married,SAN ANTONIO,N
APP-13135,2023-04-30,Female,37.0,"$36,791.64",587.0,31899.67,Employed,D,SAN ANTONIO,y
APP-12212,2022-08-02,Male,34.0,"  $87,926  ",643.0,12373.99,retired,Single,New York,y
APP-11340,09/12/2022,Male,45.0,36244.71,732.0,"$28,019.58",Employed,DIVORCED,CHICAGO,y
APP-11956,2022-07-19,Male,43.0,"$43,320.02",466.0,15545.6,UNEMP,Married,san antonio,Y
APP-10349,09/04/2022,,21.0,"$57,216.39",823.0,31559.31,Unemployed,Married,Chicago,Yes
APP-11538,2023-11-26,Female,43.0,29293.13,647.0,10912.35,  Employed  ,Married,Phoenix,0
APP-10643,2022-04-23,female,142.0,"$46,492.72",693.0,31028.48,EMP,Married,Los Angeles,Y
APP-11713,14/08/2022,Male,35.0,"  $34,066  ",736.0,,employed,Married,Phoenix,1
APP-11421,24/08/2023,Male,63.0,"$40,617.78",660.0,20663.09,Employed,S,Chicago,Yes
APP-10669,Unknown,,40.0,"$118,581.20",747.0,31217.68,Employed,M,Los Angeles,No
APP-13056,17/05/2023,male,35.0,34714,679.0,23469.93,EMP,Married,San Diego,N
APP-12724,2022.03.16,,56.0,35811.08,,32045.9,Unemployed,SINGLE,Chicago,y
APP-11437,05/03/2023,,56.0,76676,685.0,"$20,335.39",Employed,S,Los Angeles,1
APP-11179,27/07/2023,female,56.0,105069.02,674.0,17391.17,,Married,San Diego,Y
APP-12664,2022.09.01,MALE,32.0,42589,597.0,29946.88,Full-Time,married,los angeles,0
APP-11286,2023-08-02,Male,32.0,43950.58,596.0,"$36,869.67",self-employed,Married,Houston,y
APP-12628,26/02/2023,male,19.0,48805,582.0,69046.27,self-employed,married,Houston,Y
APP-13145,01/01/2022,Female,55.0,23479,676.0,,  Employed  ,Divorced,San Antonio,N
APP-12177,2022-09-21,Male,34.0,44456,651.0,27787.26,Employed,Married,  Chicago  ,y
  APP-10786  ,15/02/2022,Male,35.0,"$49,284.99",661.0,35219.76,Self-Employed,married,  Philadelphia  ,1
APP-12980,2022.04.04,M,30.0,27092,737.0,,employed,Married,Philadelphia,Yes
  APP-10140  ,21/09/2023,  Female  ,40.0,"$36,518.16",706.0,13640.31,Employed,Married,Houston,1
APP-10788,2023-12-02,Female,19.0,"$36,423.93",597.0,31121.24,employed,MARRIED,  Phoenix  ,No
APP-11912,2023-03-07,Male,,"$76,238.63",653.0,"$49,842.08",Employed,MARRIED,New York,No
APP-12251,"June 30, 2023",Femal,54.0,32828,604.0,27831.79,Self-Employed,Single,Los Angeles,y
APP-10714,16/07/2023,Female,41.0,"$39,762.63",778.0,24620.45,Self-Employed,Married,San Diego,Y
APP-11626,2023-01-12,M,19.0,108361.26,717.0,23161.08,Employed,SINGLE,New York,Y
APP-11904,09/02/2023,Female,24.0,"$77,171.31",565.0,26323.28,EMP,Single,Chicago,1
APP-12379,21/05/2022,  Male  ,28.0,"$159,627.34",638.0,33703.87,Full-Time,MARRIED,Chicago,No
APP-11447,2023-06-19,Female,41.0,,700.0,"$24,055.44",Employed,Married,Los Angeles,Yes
,2023-03-30,Female,35.0,40032.26,711.0,26074.52,Employed,Divorced,Los Angeles,1
APP-11491,2022-04-16,Male,66.0,"  $25,400  ",585.0,"$45,711.06",,S,Philadelphia,Yes
APP-10618,31/01/2023,female,33.0,"$36,464.24",699.0,"$31,756.29",Employed,Married,Chicago,y
APP-10406,2023-04-05,M,47.0,21878.59,721.0,29961.05,Freelancer,single,  Philadelphia  ,Y
APP-11432,"January 29, 2023",Male,37.0,37676,454.0,44301.28,Full-Time,Married,Los Angeles,y
APP-12037,21/11/2023,female,57.0,"  $21,925  ",796.0,31162.72,,Married,  Phoenix  ,1
APP-11315,"April 07, 2023",Female,52.0,,637.0,"$11,967.17",None,M,Chicago,Yes
,01/14/2022,MALE,40.0,50117,730.0,"$15,540.29",Employed,single,Phoenix,Yes
APP-11971,2023-08-30,  Female  ,210.0,"  $39,416  ",653.0,38110.74,Employed,Married,los angeles,N
APP-10497,2023-02-20,female,38.0,"$284,086.30",598.0,24983.68,EMP,married,  New York  ,n
APP-10342,2023-07-14,female,37.0,33140,642.0,15707.49,self-employed,Single,Los Angeles,No
  APP-12155  ,2023-02-22,Male,34.0,"$33,428.26",634.0,"$51,476.46",Self-Employed,M,PHILADELPHIA,Y
APP-12513,03/04/2022,F,19.0,"  $28,693  ",586.0,"$40,341.21",Employed,Married,  Chicago  ,n
APP-10782,2022-03-04,Male,30.0,31797,734.0,27392.88,employed,married,Chicago,No
APP-11809,2023-12-11,female,19.0,"$121,501.67",721.0,35039.71,employed,Single,Houston,y
APP-10303,24/09/2022,F,19.0,"$68,675.51",691.0,52619.26,Employed,Married,New York,Y
APP-12716,2022-08-02,F,27.0,31551.16,617.0,38040.13,Ret.,Married,Chicago,0
APP-12046,2023.11.02,  Female  ,28.0,,645.0,23287.99,Unemployed,M,Los Angeles,Y
APP-10664,"March 04, 2022",Femal,29.0,"$70,295.85",695.0,25447.58,EMP,M,SAN DIEGO,n
APP-11177,25/07/2022,Female,23.0,"  $185,676  ",604.0,36207.22,Employed,Single,Chicago,1
APP-11244,2023-08-04,Male,28.0,45633.29,605.0,"$43,446.05",EMP,Married,New York,No
  APP-10522  ,"January 29, 2023",Female,35.0,"$45,149.49",653.0,"$12,345.00",Employed,Single,philadelphia,Yes
APP-12593,"March 22, 2023",,40.0,"$41,107.45",630.0,,employed,Married,  Chicago  ,1
APP-10528,19/06/2023,F,21.0,,649.0,"$38,850.52",Unemployed,Married,New York,No
APP-11807,02/15/2023,,49.0,"  $29,880  ",676.0,"$26,326.95",Employed,Single,New York,N
APP-10084,07/07/2022,Female,37.0,69462.91,558.0,23622.77,unemployed,Married,new york,0
APP-13184,2022-07-06,Femal,33.0,,565.0,43560.91,Freelancer,Single,San Antonio,Y
  APP-10941  ,2023.01.23,F,53.0,130605.29,747.0,45156.78,Employed,Single,San Antonio,N
APP-10961,05/12/2022,M,36.0,"$72,247.79",633.0,,Ret.,married,NEW YORK,Y
APP-10841,2023-06-24,Male,49.0,"$24,615.18",602.0,34213.57,Employed,Married,Phoenix,1
APP-11651,2023-12-03,female,19.0,95497.33,653.0,"$30,980.24",Employed,married,San Antonio,y
APP-12631,"November 09, 2022",Male,38.0,"$100,475.78",603.0,31223.69,Self-Employed,Married,HOUSTON,1
APP-12250,"January 29, 2022",Female,28.0,21551.34,,"$33,101.18",EMP,married,  Houston  ,Yes
APP-11572,15/04/2022,female,40.0,"$72,312.74",850.0,26119.62,employed,Married,San Diego,Yes
APP-10290,2023-10-26,Male,41.0,"$24,235.36",676.0,"$28,604.09",Employed,Single,Philadelphia,Yes
APP-12123,16/12/2023,Female,35.0,86647.7,621.0,23238.37,Employed,married,San Diego,No
APP-11374,2023.07.16,,58.0,"  $24,788  ",686.0,20973.09,self-employed,Single,Los Angeles,Yes
APP-10604,2023-11-02,Femal,63.0,"$96,907.51",640.0,"$58,535.62",Employed,Married,Chicago,N
  APP-12259  ,2023.08.07,Female,40.0,"$42,380.54",774.0,"$29,907.33",Employed,Married,CHICAGO,Yes
APP-10916,2023-08-16,Male,40.0,75534.69,808.0,29751.96,Employed,Single,  New York  ,n
APP-11536,2023-01-28,female,,"$59,385.72",758.0,16445.74,EMP,Single,San Antonio,Y
APP-12533,2022-10-03,Female,23.0,84454.12,,"$21,953.68",employed,Divorced,NEW YORK,1
APP-11099,2022-08-03,M,40.0,"$51,440.28",670.0,"$20,505.42",self-employed,Single,New York,y
APP-11088,2022-09-26,Male,42.0,62516,680.0,,Employed,Single,Houston,0
APP-12328,31/12/2022,MALE,24.0,219390,607.0,26850.51,Employed,Married,philadelphia,1
APP-12330,09/03/2022,m,24.0,"$45,560.24",606.0,21151.34,employed,Single,Phoenix,0
APP-10821,2022-04-15,Male,29.0,"$75,492.37",627.0,28599.8,retired,Married,New York,Yes
APP-12730,2023-03-18,Female,47.0,90653.37,668.0,29575.76,employed,Single,Philadelphia,y
APP-11000,2022-08-29,,37.0,47417.92,581.0,"$34,369.36",employed,Single,  New York  ,Yes
APP-13090,12/19/2022,  Male  ,34.0,"$110,062.92",696.0,,Retired,S,SAN DIEGO,Y
APP-10018,2022-04-05,female,63.0,26474.96,811.0,23955.8,Employed,Divorced,San Diego,y
APP-10493,2022-06-07,Male,46.0,21032,,32361.43,Unemployed,DIVORCED,phoenix,n
APP-11125,11/08/2022,female,,73778,756.0,45457.41,retired,Married,Chicago,y
APP-11497,02/14/2022,Male,44.0,,697.0,"$33,123.95",Self Employed,S,Chicago,Yes
  APP-12024  ,28/11/2022,Male,28.0,"$41,446.32",624.0,56886.49,  Employed  ,DIVORCED,SAN ANTONIO,y
APP-11985,01/17/2022,m,32.0,"$73,933.03",591.0,23528.49,Employed,Single,Philadelphia,0
APP-11545,2022-08-17,,55.0,"$39,308.12",676.0,23465.24,Self Employed,married,Los Angeles,Yes
APP-11905,2022-12-07,Male,34.0,"  $101,963  ",700.0,41762.23,employed,MARRIED,Los Angeles,Y
APP-11769,2022-05-21,Male,53.0,"  $20,819  ",713.0,23664.62,retired,Married,San Diego,1
APP-12003,"July 07, 2022",,,"$75,775.50",695.0,27594.56,Full-Time,single,Phoenix,No
APP-11837,05/11/2022,Other,,"$86,349.59",626.0,"$20,850.48",Unemployed,Single,Philadelphia,0
APP-11465,9999-99-99,male,40.0,50991,,"$24,293.67",Unemployed,,San Antonio,1
APP-13127,"July 17, 2022",M,31.0,56048,589.0,38469.12,Retired,Married,Philadelphia,Y
APP-12755,2023-11-30,Female,,"$28,002.29",672.0,"$46,465.91",Employed,married,Los Angeles,Yes
APP-11009,2022.04.15,Femal,46.0,47312,740.0,40132.54,self-employed,Married,San Diego,N
APP-12673,10/14/2022,male,19.0,"$31,969.48",745.0,"$40,913.30",Employed,Single,Los Angeles,No
APP-10360,2022-07-29,female,19.0,"$46,880.20",727.0,26287.77,Self-Employed,Single,Philadelphia,0
APP-12829,17/09/2022,Female,40.0,61786.72,846.0,17781.18,EMP,Single,Phoenix,Y
APP-12131,2022-03-22,male,41.0,,650.0,32815.92,Employed,MARRIED,Houston,Yes
APP-11488,03/16/2022,Male,56.0,"  $133,559  ",602.0,20616.64,,Married,New York,y
APP-11362,08/21/2023,female,44.0,"$30,825.88",685.0,"$29,932.86",Employed,married,Philadelphia,n
APP-11546,2023-08-25,Male,50.0,"  $63,019  ",717.0,"$44,715.54",employed,Single,Phoenix,y
APP-11938,2023-06-15,male,36.0,"  $214,321  ",759.0,32165.51,,married,San Diego,1
APP-10344,06/01/2022,  Male  ,47.0,"  $89,926  ",674.0,29331.5,UNEMP,Single,Los Angeles,1
APP-10986,27/01/2023,F,36.0,30821,742.0,"$23,275.38",Employed,married,San Antonio,Yes
APP-12935,2023-01-10,M,,"$78,690.30",565.0,36599.08,Employed,Married,new york,Y
APP-10743,2022.10.21,Female,53.0,"$177,237.60",599.0,40857.26,employed,Single,Philadelphia,0
APP-12354,2022-07-20,f,20.0,60302,674.0,23922.59,Self-Employed,Married,New York,1
APP-11407,05/26/2023,Female,34.0,"$59,125.32",470.0,13251.26,Unemployed,Single,chicago,1
APP-10113,18/03/2023,f,34.0,"$31,695.74",797.0,29891.59,unemployed,Married,San Antonio,Yes
APP-11336,2023-12-13,Female,,56486.53,690.0,43096.96,Unemployed,S,New York,Yes
APP-11241,2022-12-29,M,142.0,,485.0,30551.78,Employed,Single,Los Angeles,y
APP-11142,2023.07.07,male,60.0,21012.09,458.0,71506.32,,Single,  Chicago  ,1
APP-11953,2022-04-16,  Female  ,37.0,"$78,394.67",639.0,29298.18,Employed,Married,Phoenix,Yes
APP-11216,19/08/2022,F,37.0,21612.32,677.0,23578.05,employed,Married,Phoenix,y
APP-11198,10/05/2023,Male,61.0,28772,590.0,"$51,169.49",Employed,Married,Houston,y
APP-10085,01/04/2023,female,30.0,25750,721.0,"$38,252.02",EMP,S,san diego,0
APP-12287,2022-04-23,M,49.0,"$37,787.08",672.0,22091.23,Employed,Married,New York,Y
APP-10668,2022-11-20,Female,36.0,61360,578.0,37414.59,Employed,divorced,New York,Y
APP-11014,"January 31, 2023",F,40.0,"$94,908.91",657.0,27025.9,Employed,single,Philadelphia,0
APP-10128,2023-04-08,Male,20.0,162780.47,704.0,46486.11,employed,S,PHOENIX,1
APP-12627,2023-02-15,Female,32.0,,820.0,20302.68,Employed,Single,houston,n
APP-11962,2022-07-10,f,49.0,"$41,308.87",625.0,12457.85,self-employed,S,New York,Y
APP-10891,11/06/2022,Male,47.0,"$45,368.95",618.0,30642.76,EMP,M,  San Diego  ,1
APP-12509,2023-02-31,MALE,40.0,,682.0,51706.25,Employed,SINGLE,San Antonio,y
APP-10307,2023-06-10,male,25.0,"$26,251.60",622.0,"$18,728.89",employed,married,Houston,1
APP-10383,"October 01, 2023",M,54.0,,658.0,"$23,999.22",Self-Employed,divorced,Houston,Yes
APP-10150,2023-04-26,Male,62.0,"$28,484.13",588.0,45957.49,Employed,Married,Los Angeles,Y
APP-11317,"June 24, 2022",  Male  ,33.0,171670.27,695.0,39791.85,Self-Employed,Single,San Diego,N
APP-11398,"November 08, 2022",Femal,45.0,"$37,929.78",615.0,47753.86,self-employed,,philadelphia,0
APP-12514,18/03/2023,Male,26.0,107907.01,604.0,"$26,337.14",employed,S,san antonio,1
APP-10426,10/04/2022,f,70.0,36226.18,778.0,"$24,671.54",employed,Single,Houston,No
APP-10494,14/06/2023,Female,22.0,,709.0,"$14,217.68",Retired,married,New York,No
APP-11207,"October 19, 2023",Male,28.0,"$25,197.37",746.0,17165.36,Employed,Married,Chicago,Y
APP-11729,"October 19, 2023",FEMALE,59.0,51295.4,659.0,"$21,509.42",Freelancer,Married,  Phoenix  ,N
APP-12164,17/02/2022,,37.0,"$179,468.28",749.0,44709.12,employed,Married,New York,Yes
APP-11208,01/29/2023,Female,29.0,0,674.0,21213.79,Employed,Married,Philadelphia,Y
APP-12538,2022-07-28,m,32.0,"  $87,703  ",680.0,"$19,377.63",Self-Employed,Divorced,Phoenix,Y
APP-12688,2023-12-13,F,37.0,198053.93,761.0,30344.12,Retired,single,  Phoenix  ,n
APP-12437,11/02/2023,male,62.0,"$90,971.53",776.0,29691.54,EMP,single,  Phoenix  ,Yes
APP-13143,09/01/2023,non-binary,45.0,,538.0,"$39,620.59",Employed,Married,Houston,N
APP-11239,08/22/2022,MALE,34.0,"$139,607.33",742.0,"$39,914.04",Self-Employed,single,Los Angeles,1
APP-13057,"August 17, 2023",Female,32.0,0,671.0,"$35,272.29",Pensioner,Single,  Chicago  ,Y
APP-11606,2022-06-22,male,24.0,73016,718.0,37267.96,Unemployed,SINGLE,Houston,N
APP-10275,2023-12-24,male,,91721.08,675.0,"$12,410.10",EMP,divorced,Phoenix,1
APP-10489,Unknown,Male,62.0,"$84,499.67",685.0,23151.98,EMP,Married,San Antonio,n
APP-11494,2022-06-02,Male,33.0,89489.08,753.0,"$25,001.54",EMP,Married,Houston,N
  APP-11229  ,2022-12-15,M,66.0,,824.0,35812.7,EMP,married,New York,y
APP-10690,23/03/2022,Female,0.0,81635.34,752.0,37099.31,Self-Employed,Married,Chicago,Yes
APP-11642,2023-03-08,,33.0,20801.53,644.0,"$21,333.56",Self-Employed,MARRIED,Phoenix,1
APP-11960,2022-03-02,  Female  ,39.0,"-$15,000",610.0,44257.02,Employed,single,New York,y
APP-11814,04/24/2023,M,37.0,"$92,894.15",698.0,42081.17,Employed,Single,San Antonio,Yes
APP-11474,2023-07-17,Female,48.0,"$25,937.83",689.0,34283.9,self-employed,Married,los angeles,Y
APP-12718,11/02/2023,female,56.0,"  $44,703  ",671.0,33586.82,Employed,Single,San Antonio,No
APP-12801,2022-01-03,Other,46.0,24892,711.0,"$13,606.46",EMP,Married,CHICAGO,1
APP-11058,"January 19, 2023",male,41.0,96721,628.0,9806.83,Employed,S,San Diego,y
APP-10118,2022-02-09,Male,33.0,"$37,902.97",757.0,55535.08,employed,Single,  Houston  ,Y
APP-11024,15/09/2023,Male,20.0,"$43,867.57",795.0,30956.49,None,married,Phoenix,y
APP-11656,2022-04-23,female,20.0,93857.85,507.0,"$23,741.63",self-employed,Single,PHILADELPHIA,1
APP-10281,2023-08-15,female,37.0,103425.06,695.0,"$50,235.18",employed,Married,  Houston  ,n
  APP-10234  ,05/06/2023,M,39.0,"$26,319.30",731.0,"$12,345.00",employed,single,  New York  ,y
APP-11316,2023-08-20,Male,28.0,"  $29,842  ",760.0,56265.31,Employed,Divorced,New York,y
APP-12585,2022.10.01,Male,,"$72,169.27",672.0,"$31,615.33",employed,Single,New York,y
APP-10968,"August 24, 2023",Female,34.0,"$29,872.88",545.0,16211.59,self-employed,single,NEW YORK,Yes
APP-11422,2023-03-08,FEMALE,,"$101,466.91",807.0,23961.46,Freelancer,Married,Houston,Yes
APP-11462,2022-07-08,Male,40.0,"$35,803.02",608.0,"$26,260.82",Employed,Single,  Los Angeles  ,1
APP-10595,2022.06.29,Male,40.0,88545.53,730.0,"$29,542.14",UNEMP,MARRIED,San Diego,Yes
APP-12894,2023.06.14,,19.0,21085.66,809.0,"$31,211.01",employed,MARRIED,Houston,n
APP-10155,2023.12.03,M,,"$40,729.94",755.0,"$26,666.43",Retired,Single,Phoenix,N
,04/05/2022,female,40.0,28503.95,665.0,24727.45,Employed,Married,Los Angeles,N
APP-12159,26/11/2023,Female,37.0,"$63,159.76",790.0,18286.51,Employed,Married,Houston,Y
APP-12823,16/01/2022,M,-8.0,34677,682.0,59458.25,Employed,Single,Los Angeles,0
APP-12967,"January 11, 2022",M,57.0,76551.64,704.0,27769.04,Employed,Married,New York,Yes
APP-12662,17/02/2022,Male,31.0,"$30,138.19",652.0,67372.14,Employed,M,San Diego,Y
APP-12535,9999-99-99,Female,48.0,"$29,381.13",,39820.54,Employed,M,SAN DIEGO,Yes
APP-11307,2023-10-08,  Male  ,48.0,108157,693.0,49282.65,Employed,single,New York,Y
APP-13085,2023-03-26,Male,50.0,"$28,930.39",741.0,29542.06,employed,,Philadelphia,Y
APP-10575,01/01/2022,male,19.0,0,662.0,"$58,985.20",EMP,married,  Chicago  ,N
APP-12171,29/01/2022,Male,28.0,145616,691.0,31752.08,Employed,Married,Chicago,N
APP-12845,2023-06-26,F,40.0,,596.0,35996.05,Self-Employed,Married,Philadelphia,Y
APP-12902,2022-10-13,M,-8.0,53871,834.0,37486.64,Employed,Married,HOUSTON,n
APP-11299,07/12/2022,Female,27.0,62407.24,736.0,30506.2,self-employed,Divorced,new york,1
APP-12438,11/07/2023,Female,40.0,"$60,283.98",719.0,26311.19,,,Los Angeles,1
APP-11833,2022-12-17,Female,19.0,55004.15,701.0,18871.76,EMP,Single,San Antonio,1
APP-12666,"December 08, 2022",M,43.0,29616.45,797.0,31725.26,Unemployed,Single,CHICAGO,Y
APP-12389,06/02/2022,Female,72.0,"$10,000,000.00",601.0,34144.22,Unemployed,Single,  New York  ,Yes
APP-10843,14/07/2023,male,33.0,"$20,925.61",441.0,13098.07,employed,married,Los Angeles,1
APP-11556,29/03/2023,Other,19.0,"  $78,595  ",644.0,,Full-Time,Married,Houston,y
APP-10269,2022-11-28,M,49.0,"$183,791.30",736.0,"$21,833.93",Self-Employed,Married,Los Angeles,y
APP-10629,10/19/2022,Female,48.0,52953.5,,39689.73,Employed,MARRIED,New York,Yes
APP-11033,2022-11-28,Male,39.0,66812,671.0,27297.54,Full-Time,Married,Chicago,Y
APP-10286,05/08/2022,Female,36.0,24626.73,652.0,43872.26,  Employed  ,single,New York,No
APP-11326,2022-08-02,Male,20.0,66329.5,712.0,28333.72,Full-Time,,Philadelphia,Yes
APP-12452,12/03/2023,f,19.0,25050.52,788.0,54504.35,  Employed  ,MARRIED,  Los Angeles  ,No
APP-10300,09/04/2023,female,49.0,"$69,051.99",629.0,"$24,893.93",  Employed  ,Married,San Diego,1
APP-12833,2022-11-01,female,53.0,"$46,646.10",555.0,"$18,084.64",UNEMP,married,  San Antonio  ,No
APP-12358,NULL,M,24.0,"$31,276.23",706.0,"$32,680.89",Full-Time,DIVORCED,PHOENIX,y
APP-13024,2022-02-12,Male,29.0,,646.0,"$56,690.65",,M,  San Antonio  ,N
APP-11628,2023.12.12,female,48.0,"$84,693.34",557.0,"$14,801.74",self-employed,Single,Chicago,1
APP-10065,11/12/2023,MALE,34.0,49684.35,710.0,"$51,269.64",Self-Employed,SINGLE,HOUSTON,Yes
APP-12461,10/06/2022,f,19.0,"  $26,244  ",825.0,31872.98,employed,Single,Chicago,Yes
APP-10890,"August 06, 2022",female,36.0,"  $59,862  ",769.0,"$51,289.31",,single,Houston,Yes
APP-12091,2022-01-19,Female,61.0,79924.0,577.0,33712.26,Self-Employed,Married,Philadelphia,y
APP-12883,05/13/2022,Female,27.0,,850.0,43401.29,Employed,M,phoenix,n
APP-12092,2023-11-02,Female,34.0,61968.34,576.0,"$35,827.75",Freelancer,Divorced,San Antonio,n
APP-11510,09/10/2022,MALE,45.0,87604.36,671.0,"$21,556.10",,single,Phoenix,n
APP-10230,"June 24, 2023",Male,35.0,84842.31,483.0,,Unemployed,single,Chicago,0
APP-10503,2023-02-07,male,29.0,37804.14,759.0,"$34,433.81",Self-Employed,Married,Philadelphia,Yes
  APP-11498  ,2023.07.27,F,33.0,47379.38,634.0,13660.56,Unemployed,Married,Phoenix,1
APP-13173,"September 27, 2023",male,36.0,65170.46,718.0,"$20,238.01",Self-Employed,Single,San Antonio,N
APP-12167,"September 28, 2022",Female,51.0,,687.0,37789.75,Employed,Single,San Diego,0
  APP-11059  ,30/07/2023,OTH,30.0,311018.1,692.0,19401.5,Employed,Single,  Houston  ,y
APP-11004,NULL,Female,28.0,"  $27,566  ",714.0,29773.99,employed,,New York,No
APP-10836,2023-08-23,Male,36.0,"  $42,265  ",616.0,26373.1,Employed,Divorced,san antonio,0
APP-11910,2022-04-30,female,46.0,"$60,838.32",648.0,13733.97,Employed,Single,San Diego,Yes
APP-10374,07/18/2023,Female,,"-$15,000",548.0,18838.86,Self-Employed,DIVORCED,  San Antonio  ,1
APP-11736,NULL,M,28.0,85975.21,606.0,"$28,091.24",unemployed,Single,San Antonio,1
APP-12341,09/12/2023,  Male  ,75.0,"$99,897.96",745.0,17964.15,Employed,single,Houston,y
APP-12458,2022-08-30,Male,44.0,29076,646.0,"$16,868.50",Freelancer,Married,San Diego,y
,2023-07-30,male,35.0,"$133,525.59",675.0,"$30,157.19",Unemployed,Married,HOUSTON,n
APP-11321,11/04/2023,Male,32.0,64227.14,598.0,"$41,848.77",Employed,single,chicago,1
APP-12297,"July 05, 2023",Male,50.0,"$22,854.81",614.0,18788.55,EMP,M,Chicago,0
APP-10751,2022-06-30,OTH,19.0,87838,668.0,"$39,293.83",Employed,divorced,San Diego,n
APP-10099,2022-06-28,Female,53.0,43327.99,566.0,18231.88,retired,Single,Philadelphia,0
APP-12087,Unknown,,19.0,53635.55,579.0,20397.67,Employed,Divorced,Philadelphia,Yes
APP-10866,2023-01-24,male,20.0,34866.24,648.0,"$33,532.59",Employed,Single,San Diego,1
APP-10910,05/10/2022,Female,31.0,94886.83,802.0,30835.63,employed,Single,Chicago,1
APP-11831,09/06/2022,M,49.0,"$34,448.17",662.0,,employed,Married,Phoenix,y
APP-10529,2023-07-20,Female,24.0,"$84,197.50",594.0,32327.6,employed,married,Houston,1
APP-11260,21/01/2023,F,30.0,"$102,669.49",767.0,10323.46,employed,Single,Philadelphia,Y
APP-12028,2023-09-25,male,38.0,"$100,254.02",703.0,40949.3,Self Employed,SINGLE,Los Angeles,1
APP-10636,2022-07-22,Female,34.0,154592.29,638.0,39927.83,Employed,Single,Houston,n
APP-11269,2023-08-04,Female,44.0,41053.04,616.0,47284.16,self-employed,Married,Phoenix,0
APP-10185,2022.08.18,Female,51.0,"$39,752.54",612.0,"$18,111.92",  Employed  ,Married,Philadelphia,y
APP-13194,"December 22, 2022",Female,68.0,"$149,547.02",531.0,28776.34,employed,Single,  Phoenix  ,Y
APP-11472,2022-06-10,Female,34.0,67160.74,718.0,"$26,022.43",UNEMP,MARRIED,Los Angeles,0
APP-11738,2022-03-05,female,42.0,75587,730.0,"$29,203.02",Self-Employed,Married,SAN DIEGO,Yes
APP-10931,"June 05, 2023",Male,19.0,"  $42,023  ",764.0,16106.91,employed,Single,San Antonio,n
APP-11441,2022-09-01,Female,28.0,"$23,571.31",672.0,"$28,295.47",Employed,Married,Houston,Yes
APP-10517,2023.10.20,Male,41.0,25305.58,753.0,"$44,922.84",unemployed,MARRIED,PHOENIX,1
APP-12543,23/10/2022,m,45.0,"$170,987.14",646.0,20900.89,EMP,Divorced,San Antonio,No
APP-11728,23/02/2022,male,45.0,"$99,999,999",717.0,28934.04,self-employed,Single,Chicago,1
APP-12654,2023-01-28,,36.0,22225.28,627.0,40153.45,Self-Employed,SINGLE,Phoenix,Y
APP-11273,2023-10-23,Female,57.0,"$70,408.92",635.0,38779.74,UNEMP,Married,  San Diego  ,Y
APP-12835,"November 28, 2022",Female,50.0,96087,686.0,"$18,366.82",Employed,Married,Phoenix,Yes
APP-10607,2023-09-04,OTH,25.0,"$100,964.85",713.0,"$22,078.72",Unemployed,married,SAN ANTONIO,N
,19/03/2022,Female,38.0,"$132,271.97",564.0,"$27,540.25",Full-Time,MARRIED,San Antonio,N
APP-10151,01/08/2022,Male,-8.0,"$51,196.87",768.0,20659.2,Freelancer,single,Los Angeles,Y
APP-12073,2022-03-07,,37.0,"  $44,217  ",685.0,30298.04,employed,DIVORCED,San Diego,y
APP-12376,"June 29, 2023",male,28.0,"$181,116.52",743.0,"$12,703.85",Freelancer,Married,Los Angeles,No
APP-12247,01/10/2023,Female,,,782.0,24465.06,Self-Employed,Single,New York,Yes
APP-12525,Unknown,female,19.0,"$73,242.12",9999.0,42491.48,EMP,Single,  New York  ,0
APP-10731,10/12/2023,Male,32.0,106751,655.0,,Unemployed,M,  Houston  ,y
APP-13048,2023-10-23,MALE,40.0,"$101,279.70",767.0,"$17,392.56",Employed,MARRIED,San Antonio,0
APP-11977,12/02/2022,Male,33.0,,693.0,29502.0,  Employed  ,,Houston,y
APP-13019,2023-09-10,male,38.0,45054,743.0,27370.65,Employed,Married,Philadelphia,n
APP-10023,2022.05.19,male,27.0,71922.05,,"$64,836.29",unemployed,DIVORCED,CHICAGO,Y
APP-12791,2022-05-19,  Male  ,47.0,"  $35,191  ",638.0,35879.82,Self-Employed,married,Philadelphia,y
APP-10158,2023-06-05,Male,29.0,56491.25,623.0,"$28,161.82",Retired,Married,Philadelphia,No
APP-10861,9999-99-99,M,26.0,"$49,647.24",677.0,36284.84,self-employed,Married,  Los Angeles  ,Y
APP-12748,2023-07-28,,27.0,"  $93,291  ",684.0,,  Employed  ,M,san antonio,Y
APP-10902,2022-03-15,Male,32.0,21173.1,669.0,"$35,673.16",Unemployed,married,New York,1
APP-13059,08/02/2023,Male,55.0,74473.6,832.0,27116.89,Employed,single,Chicago,No
APP-11230,2022-05-29,FEMALE,38.0,"$94,539.28",755.0,"$26,063.54",Employed,married,Los Angeles,0
APP-12500,2022-03-16,Female,58.0,32530,698.0,"$18,487.94",employed,divorced,Los Angeles,Yes
APP-10444,07/09/2022,F,53.0,"  $23,335  ",723.0,"$18,148.30",Self-Employed,Married,los angeles,0
  APP-13039  ,26/03/2023,Male,,"  $44,131  ",805.0,34477.99,employed,divorced,Phoenix,Y
APP-10754,2023-02-31,male,51.0,"$34,627.87",766.0,"$28,323.18",Freelancer,MARRIED,PHILADELPHIA,1
APP-10923,12/12/2022,female,46.0,"  $28,145  ",753.0,"$23,566.42",Employed,Single,Los Angeles,0
APP-10756,06/06/2022,Female,51.0,"$88,347.07",707.0,"$12,345.00",unemployed,Single,  San Diego  ,Y
APP-12333,2022.02.10,Female,30.0,66303.11,680.0,42676.45,Employed,Single,Los Angeles,1
APP-10311,2022-07-23,male,19.0,129617.56,768.0,"$20,958.81",,Single,New York,y
APP-11375,2022-07-06,m,19.0,42358,703.0,32240.43,Employed,Single,PHOENIX,Y
APP-10548,04/14/2022,Male,38.0,"$46,020.83",732.0,45982.63,self-employed,,SAN ANTONIO,0
APP-12903,01/22/2023,female,51.0,"$123,756.79",757.0,"$22,893.38",employed,Married,Phoenix,1
  APP-11803  ,2023-09-27,Male,35.0,48206.88,580.0,17825.45,Employed,M,PHOENIX,1
APP-10306,2023-03-04,female,35.0,"  $41,799  ",673.0,"$37,677.16",Employed,married,PHILADELPHIA,0
APP-10287,29/01/2023,Female,39.0,36437,771.0,"$36,539.09",Employed,MARRIED,Chicago,1
APP-10694,2023-12-30,Male,45.0,79819.82,734.0,32393.08,Retired,Single,San Antonio,n
APP-10308,"July 04, 2023",  Female  ,27.0,91361,825.0,22133.78,Employed,Married,PHILADELPHIA,y
APP-13062,2022.09.22,Female,45.0,130482.92,641.0,"$38,173.03",Employed,M,San Diego,1
  APP-12111  ,01/10/2022,Female,,,552.0,25909.39,Employed,Married,Houston,Yes
APP-10749,"March 18, 2022",other,19.0,69409.16,682.0,61933.67,  Employed  ,DIVORCED,San Antonio,No
APP-11778,2023.12.29,Male,30.0,24282.76,805.0,15825.7,,Married,Phoenix,Y
APP-11537,2023.09.26,Male,73.0,,773.0,23438.85,Self-Employed,SINGLE,chicago,Y
APP-11874,2022-03-06,M,31.0,106583.72,620.0,27267.8,EMP,M,LOS ANGELES,0
APP-12337,03/24/2022,FEMALE,23.0,"$132,891.44",762.0,"$22,722.49",Employed,married,  Houston  ,y
APP-10908,16/08/2022,male,,40829,743.0,68918.8,Self Employed,married,New York,y
APP-10086,2023-07-31,f,19.0,25549.57,590.0,20365.85,Employed,SINGLE,Houston,y
APP-12633,2023.01.11,  Male  ,45.0,"  $29,211  ",709.0,14696.21,employed,married,Phoenix,n
APP-13094,2022-04-17,,60.0,"  $75,505  ",583.0,35447.79,EMP,Married,  New York  ,y
APP-12758,31/03/2023,FEMALE,52.0,25008.49,619.0,"$45,051.54",employed,Divorced,Houston,Yes
APP-10970,2022-05-09,Male,38.0,,791.0,38617.62,Employed,Married,Phoenix,Yes
APP-10013,11/20/2023,Male,57.0,80602.53,495.0,"$27,516.42",Ret.,divorced,Los Angeles,Yes
APP-10873,"June 29, 2022",f,46.0,"  $92,726  ",626.0,32474.26,Retired,single,Phoenix,No
APP-10808,06/06/2022,Female,34.0,"$44,608.63",713.0,44557.28,EMP,Single,SAN DIEGO,0
APP-12851,2022-07-16,Male,63.0,"$78,885.08",760.0,"$15,344.30",Ret.,Single,Philadelphia,Y
APP-10514,"July 10, 2022",Male,19.0,43560.67,772.0,18932.4,UNEMP,Married,New York,1
APP-12667,09/10/2023,Male,42.0,"$52,913.35",721.0,35612.33,Employed,Single,Phoenix,Y
  APP-10409  ,12/12/2023,Male,20.0,50956.54,647.0,29316.09,UNEMP,Single,New York,1
APP-11746,17/11/2023,Male,42.0,"$32,962.79",722.0,35597.12,Self-Employed,Single,San Diego,No
APP-11337,2022-10-24,male,40.0,42646,771.0,36797.37,,Married,Los Angeles,Yes
APP-11413,11/10/2022,Male,27.0,"$179,937.16",836.0,27708.5,Freelancer,single,San Diego,N
  APP-12506  ,07/06/2022,Male,27.0,"  $47,053  ",689.0,30017.36,None,Single,Philadelphia,y
APP-11621,2023-04-15,male,19.0,"$73,526.56",681.0,30452.98,employed,Divorced,San Antonio,y
APP-11517,2023-01-03,M,28.0,"$54,359.30",650.0,"$36,593.87",Retired,Married,Philadelphia,N
APP-11670,05/26/2022,Male,38.0,101601.82,633.0,"$27,078.13",Employed,Single,Phoenix,Yes
APP-12934,2022-04-16,Female,29.0,"$152,467.10",702.0,27525.53,employed,DIVORCED,Chicago,1
APP-10382,2023.06.11,Male,19.0,"$66,645.64",610.0,"$27,139.50",Self-Employed,Single,New York,Yes
APP-11948,05/17/2023,Female,42.0,"  $38,441  ",612.0,"$47,103.61",,married,san antonio,y
APP-12426,2022-12-20,  Female  ,54.0,129169,698.0,36614.13,Employed,Divorced,  Philadelphia  ,Yes
APP-11575,05/12/2023,Female,35.0,"$42,406.18",719.0,17052.04,Employed,Married,Phoenix,Yes
APP-11650,19/12/2022,Female,28.0,"$85,595.87",,21474.35,Self-Employed,Married,houston,0
APP-12045,2022-06-22,Female,24.0,"$42,204.10",677.0,"$23,586.38",Employed,Single,New York,1
APP-12555,26/10/2022,female,29.0,"  $127,010  ",697.0,37142.99,self-employed,Single,Chicago,1
APP-11684,2022-02-23,Male,38.0,"  $144,525  ",717.0,28792.46,Unemployed,Married,Chicago,N
APP-11393,2023-01-16,,44.0,"$51,920.65",692.0,"$19,028.08",self-employed,divorced,Houston,y
APP-10552,"November 06, 2022",Female,19.0,39979.87,,,  Employed  ,,New York,Yes
APP-12347,2022-11-03,Male,43.0,34577.65,561.0,"$28,097.07",Employed,Single,Philadelphia,Y
APP-10222,02/20/2023,male,,0,732.0,29203.42,Employed,S,Chicago,1
APP-11922,"May 17, 2022",,22.0,32712.67,705.0,22039.86,employed,Married,  Los Angeles  ,Y
APP-11096,06/02/2022,female,47.0,"  $51,081  ",659.0,26652.12,Self-Employed,married,Phoenix,Yes
APP-12874,2022-10-31,Male,38.0,46369.64,,41492.16,Employed,Divorced,Phoenix,Yes
APP-10008,21/10/2023,Female,42.0,"$56,210.20",717.0,22350.84,EMP,Married,  San Antonio  ,y
APP-11898,07/17/2023,Male,35.0,"$49,260.84",705.0,"$19,595.41",Employed,DIVORCED,phoenix,Y
APP-10316,2022-06-05,M,58.0,23228.44,754.0,27098.92,Unemployed,Married,Phoenix,y
APP-11328,06/02/2023,Female,33.0,"$22,563.41",645.0,"$11,341.26",Self-Employed,Married,PHILADELPHIA,y
APP-10427,2023-06-11,M,36.0,"$119,370.54",496.0,28291.64,Unemployed,Divorced,  Chicago  ,1
APP-11657,2023-05-30,female,38.0,"  $48,426  ",653.0,"$22,458.58",Self-Employed,Married,  Chicago  ,n
,"February 21, 2022",Female,22.0,125246.81,621.0,31541.09,Employed,Married,  Houston  ,Yes
APP-11714,2022.12.12,Female,19.0,"$61,258.38",850.0,,Employed,S,PHILADELPHIA,y
APP-10142,2023-01-12,Male,45.0,"$49,153.96",791.0,34914.35,employed,Single,Philadelphia,y
APP-10121,"October 11, 2023",Male,,62178.9,646.0,44716.46,employed,Divorced,Phoenix,1
APP-12624,2023-02-02,male,36.0,83924.73,,39621.75,Employed,married,New York,Yes
APP-13168,08/07/2022,male,44.0,"  $70,369  ",704.0,26183.68,Employed,Single,San Antonio,Y
APP-11189,2022-09-03,Female,50.0,41297,721.0,"$20,814.94",,Single,Phoenix,n
APP-12189,2023-12-06,Female,40.0,25391,,26869.59,Employed,Single,  San Antonio  ,1
APP-12876,10/01/2022,male,41.0,37946.71,786.0,22525.67,Employed,Divorced,HOUSTON,Yes
  APP-11697  ,2022-05-25,Female,32.0,30536,665.0,37370.72,Employed,Single,Philadelphia,N
APP-10115,14/03/2023,,41.0,68420.27,623.0,19935.35,  Employed  ,Divorced,  Philadelphia  ,1
APP-11740,2022-12-02,Male,19.0,22305,722.0,33775.57,Unemployed,married,Houston,No
APP-12792,"July 02, 2022",  Female  ,23.0,31111,627.0,32666.77,Employed,Married,Philadelphia,N
APP-12377,2022-06-15,male,47.0,136480,755.0,43786.74,Full-Time,Divorced,Chicago,Yes
APP-13097,2022-07-22,Male,,"$39,846.26",691.0,17016.47,  Employed  ,Married,houston,y
APP-11751,2022-09-13,male,31.0,20598.62,683.0,,Employed,Married,Chicago,n
APP-12419,16/11/2023,  Male  ,40.0,"$37,423.95",588.0,50923.47,  Employed  ,married,NEW YORK,y
APP-12443,2022-07-19,Male,30.0,"$91,164.06",752.0,,Employed,married,Los Angeles,1
APP-10672,2022.05.19,Male,31.0,"$97,832.43",609.0,"$19,870.64",  Employed  ,Married,chicago,Y
APP-11775,07/23/2023,Femal,39.0,51769,693.0,23656.64,employed,,San Diego,1
APP-12012,2022-11-18,f,41.0,37483.45,729.0,"$33,917.79",Employed,Single,Chicago,n
APP-11876,2022-03-18,,42.0,264651.13,731.0,16876.18,Self-Employed,Married,San Diego,1
APP-10591,2022-08-02,Male,23.0,"$50,416.31",695.0,41331.32,Retired,Married,new york,1
APP-11818,2023-07-14,  Female  ,32.0,"$30,742.00",,"$23,135.54",Employed,Single,New York,1
APP-11735,2023-12-03,F,47.0,37982,681.0,,Employed,Married,NEW YORK,No
  APP-10888  ,2022-07-15,Male,37.0,"$35,442.93",724.0,"$33,576.32",Full-Time,single,CHICAGO,Yes
APP-12460,"July 12, 2023",M,,29479.9,,21765.89,,Single,Houston,Yes
APP-13016,2022-11-11,Male,24.0,42887,686.0,,  Employed  ,Single,Philadelphia,y
  APP-12163  ,10/20/2023,male,43.0,29801,818.0,20222.61,employed,S,New York,Y
APP-10213,"October 18, 2023",male,57.0,25484.42,686.0,,Self-Employed,MARRIED,SAN ANTONIO,y
APP-10778,30/09/2023,Female,56.0,"  $84,018  ",701.0,53754.0,retired,Married,Phoenix,y
APP-12696,27/03/2023,male,31.0,"$309,855.80",505.0,31855.37,self-employed,Single,San Diego,Y
APP-11448,18/10/2022,Female,37.0,28324.79,704.0,27004.03,employed,married,Phoenix,Y
APP-12950,2022-03-01,Female,,46643,604.0,"$23,346.78",retired,Single,San Antonio,Yes
APP-10800,13/03/2022,Male,28.0,289718,,30227.22,Freelancer,Married,Los Angeles,1
APP-12743,"August 07, 2023",Male,23.0,30956,615.0,40910.66,Ret.,Single,Phoenix,Yes
APP-12905,"June 30, 2023",Female,45.0,97085.03,850.0,39437.22,Retired,MARRIED,San Diego,n
APP-12968,2022.08.03,f,50.0,"$170,423.02",556.0,25482.74,retired,Single,San Antonio,Yes
  APP-11567  ,"August 02, 2022",Female,34.0,29396.5,-100.0,29617.21,,M,New York,Yes
APP-12530,2022.05.08,Male,35.0,54385.78,694.0,"$34,983.34",EMP,Married,Chicago,Yes
APP-12946,03/04/2023,Male,33.0,124392.28,691.0,"$20,233.05",unemployed,Married,phoenix,y
APP-11518,26/04/2022,Female,34.0,66783.17,749.0,"$49,580.95",Unemployed,married,Chicago,1
APP-11872,11/09/2023,Female,19.0,29276.94,742.0,28786.2,Employed,Married,SAN DIEGO,N
APP-13000,2023.12.12,other,,,,"$17,956.49",Self-Employed,married,Philadelphia,Yes
APP-11343,30/09/2022,male,36.0,"  $22,769  ",778.0,23309.63,,married,Chicago,y
  APP-10273  ,09/25/2022,F,42.0,44776.26,590.0,26825.07,,married,Philadelphia,Y
APP-10071,10/06/2022,M,54.0,"$37,693.85",649.0,34466.48,self-employed,Married,Philadelphia,N
APP-10720,"March 19, 2022",,46.0,"$72,830.58",655.0,"$27,667.74",Full-Time,married,New York,N
APP-11087,2023.08.21,F,38.0,"  $65,517  ",717.0,"$36,945.11",  Employed  ,Divorced,San Antonio,1
APP-10394,02/06/2022,Male,59.0,"$49,243.37",1500.0,21644.61,Self-Employed,Married,Philadelphia,Y
APP-10583,01/10/2023,,44.0,108333,724.0,"$40,939.31",Self-Employed,Married,New York,Yes
APP-11889,2022-05-05,Female,40.0,,684.0,"$40,012.35",Employed,Single,new york,1
APP-12233,"June 24, 2023",MALE,27.0,"$68,391.15",810.0,13339.83,Unemployed,,Chicago,y
APP-12761,2023-04-09,Male,50.0,"$43,254.21",747.0,25415.24,,single,Los Angeles,Yes
APP-10500,2022.03.29,m,35.0,56404.48,557.0,45068.92,  Employed  ,S,san antonio,Yes
APP-12252,"July 01, 2022",Female,57.0,,686.0,"$26,329.74",,Single,  Chicago  ,1
APP-12464,05/19/2022,Male,39.0,"$34,555.94",741.0,"$19,089.39",Employed,MARRIED,Phoenix,y
  APP-11803  ,2023-09-27,Male,35.0,48206.88,580.0,"$12,345.00",Employed,M,PHOENIX,1
APP-13032,"July 03, 2023",Male,,111353.88,659.0,27615.93,  Employed  ,married,  Phoenix  ,Yes
,2023-04-13,Female,47.0,168024.48,613.0,"$52,445.33",Employed,S,Houston,N
  APP-11259  ,26/12/2022,M,37.0,"$91,984.70",716.0,,  Employed  ,Married,Houston,1
APP-11987,14/07/2023,Male,21.0,62793.22,768.0,20200.91,employed,Divorced,Houston,y
APP-12096,2022.06.21,Male,40.0,"$95,963.53",684.0,"$39,925.29",EMP,Divorced,philadelphia,Y
APP-10205,2022-08-02,M,60.0,67274.8,604.0,,Employed,married,Philadelphia,y
APP-10733,2022-09-15,F,47.0,"$167,468.55",734.0,"$13,638.82",Employed,Divorced,  Los Angeles  ,No
APP-13004,2023-04-20,Female,25.0,38476.85,592.0,,Employed,Divorced,San Diego,N
APP-10526,"September 07, 2022",Male,21.0,57325.96,653.0,38608.06,Employed,Married,Phoenix,No
APP-11624,2023-02-12,male,24.0,"  $49,679  ",713.0,22619.9,employed,single,NEW YORK,1
  APP-13045  ,"January 15, 2022",M,41.0,"$26,428.05",697.0,19967.59,Employed,MARRIED,san antonio,1
APP-10898,02/09/2022,Female,53.0,"-$15,000",785.0,18094.46,Employed,SINGLE,Phoenix,N
APP-10377,06/11/2023,Male,25.0,,752.0,"$43,347.71",self-employed,Married,Los Angeles,Yes
APP-11559,2023-06-27,female,53.0,73618.97,664.0,14918.65,Employed,Single,houston,Y
APP-12112,10/10/2022,Male,59.0,"  $65,503  ",765.0,23100.82,Employed,married,  Chicago  ,1
APP-12966,2022-08-28,M,,64959.27,589.0,39268.66,Employed,S,Houston,y
APP-11789,11/01/2023,Male,29.0,130844.97,771.0,40159.92,Employed,Married,San Diego,1
APP-10386,02/24/2023,Male,43.0,22515.49,734.0,"$11,543.74",Employed,,phoenix,0
APP-10198,05/10/2022,Male,42.0,"  $26,039  ",720.0,42817.56,employed,Single,Philadelphia,No
APP-11041,2022.10.13,F,38.0,"$99,999,999",708.0,24323.47,employed,M,New York,N
APP-11050,2022-11-09,FEMALE,31.0,26898,,"$27,273.05",Self-Employed,,phoenix,y
APP-10590,"April 02, 2022",  Male  ,30.0,62943.37,718.0,15249.36,Full-Time,single,chicago,y
APP-10519,05/11/2023,Male,19.0,43089.83,637.0,,Ret.,Married,San Diego,0
APP-12241,2022-10-13,male,43.0,"$37,017.40",563.0,"$14,467.76",Retired,Married,Houston,n
APP-12481,2023-01-31,Male,55.0,"$141,419.55",687.0,"$27,217.72",  Employed  ,,Houston,Y
APP-10429,2023-09-08,male,35.0,150974.02,784.0,"$38,678.82",  Employed  ,Married,San Antonio,N
APP-11083,2022-03-29,female,38.0,"$48,272.35",745.0,"$33,716.11",Employed,Single,houston,Yes
APP-12355,30/11/2023,,30.0,"  $92,038  ",594.0,"$18,568.85",Unemployed,Married,LOS ANGELES,0
APP-11647,2023-12-14,Female,33.0,35357.62,786.0,"$30,009.41",Retired,married,NEW YORK,Y
APP-10207,12/09/2023,Female,34.0,70316,576.0,"$29,294.36",Unemployed,divorced,Phoenix,Yes
APP-10491,2023-03-05,Female,46.0,"  $35,640  ",712.0,"$33,523.60",Employed,MARRIED,Phoenix,Y
APP-12480,2022-11-14,Female,48.0,53649.99,660.0,23519.93,Ret.,Married,phoenix,Yes
APP-11739,04/01/2023,Male,37.0,"$86,427.07",611.0,18792.29,EMP,DIVORCED,HOUSTON,Y
APP-11554,2023-10-09,Male,39.0,"  $258,313  ",597.0,20241.94,Employed,M,LOS ANGELES,Y
APP-10792,2022-02-25,male,39.0,,518.0,"$31,573.78",Unemployed,married,Phoenix,Yes
APP-12757,2022-10-28,female,36.0,38361.62,618.0,25058.02,employed,Married,New York,y
  APP-11186  ,2022-07-16,female,36.0,"  $20,422  ",582.0,"$9,898.77",employed,Married,Los Angeles,Y
APP-11185,2022-09-02,Female,35.0,52856,817.0,25856.08,  Employed  ,Single,philadelphia,Y
APP-12342,11/10/2023,M,54.0,42758,691.0,"$47,214.36",Retired,Divorced,new york,Y
APP-12550,"April 17, 2023",female,29.0,200499.36,679.0,"$12,345.00",Employed,M,Los Angeles,1
APP-11674,26/03/2022,M,,,649.0,49353.08,Employed,Married,New York,Y
APP-12473,18/03/2023,,46.0,"$35,723.96",675.0,"$17,873.10",Employed,single,New York,1
APP-11530,08/07/2022,FEMALE,19.0,"  $49,181  ",594.0,17667.25,Self Employed,Married,Phoenix,N
  APP-11410  ,21/01/2023,Female,22.0,"$24,651.10",618.0,46088.37,  Employed  ,Married,San Antonio,1
APP-11476,02/20/2023,Female,35.0,57159,593.0,"$26,976.39",Employed,married,Phoenix,y
APP-10083,20/07/2023,female,37.0,229759.44,770.0,15982.43,UNEMP,Single,LOS ANGELES,Yes
APP-12622,06/02/2023,Female,57.0,39315,,19183.92,Employed,Married,San Diego,Y
APP-12467,2022-04-21,Female,28.0,,642.0,35074.03,Freelancer,Single,Houston,Yes
APP-10020,2022-03-19,Male,34.0,"$10,000,000.00",600.0,22907.18,Employed,Married,San Antonio,0
APP-12095,19/09/2022,Female,52.0,43579.76,772.0,28680.85,Freelancer,married,PHOENIX,1
APP-11627,03/09/2023,Male,,"  $36,212  ",674.0,15108.3,EMP,married,New York,n
APP-12763,2023-11-21,male,48.0,,760.0,,EMP,single,Los Angeles,No
APP-12283,"September 17, 2023",male,29.0,"  $38,727  ",713.0,30794.02,,Married,los angeles,n
APP-11405,21/05/2022,F,53.0,"  $52,061  ",642.0,61570.81,Employed,Married,Houston,0
APP-12210,"December 07, 2022",female,46.0,67732.13,493.0,21667.85,Freelancer,single,New York,Y
APP-11562,2023-03-13,male,29.0,"  $90,258  ",737.0,24356.66,Employed,Married,San Diego,y
APP-11022,2023-11-27,male,23.0,,625.0,"$12,345.00",Employed,Married,Chicago,1
APP-12979,2022-05-28,Female,41.0,"$25,383.82",687.0,"$22,161.84",Self-Employed,Divorced,Los Angeles,No
APP-12209,07/16/2023,Female,30.0,"$50,541.73",800.0,34773.46,self-employed,Single,Los Angeles,No
APP-10973,2023-09-30,M,26.0,"  $20,360  ",480.0,"$20,151.16",Unemployed,Married,San Diego,y
APP-13089,2022-06-05,Male,23.0,"  $22,989  ",665.0,44847.33,Employed,Single,San Diego,Y
APP-10883,07/04/2023,male,47.0,"$79,018.11",640.0,19568.87,Unemployed,married,Phoenix,n
,10/31/2023,other,23.0,36378.32,691.0,"$29,896.57",Employed,Single,New York,Y
APP-10156,2023-09-17,Male,49.0,,644.0,36680.94,self-employed,Single,Houston,Yes
APP-12670,2022.07.19,Male,57.0,91241,679.0,,Employed,Single,phoenix,1
APP-10886,"April 17, 2023",Male,31.0,"  $55,220  ",686.0,32034.2,Employed,married,Phoenix,Y
  APP-11623  ,10/19/2022,,66.0,41837.92,768.0,"$12,345.00",Self Employed,Single,  Chicago  ,y
APP-12778,2022.05.07,female,53.0,"  $69,098  ",692.0,27977.03,Self-Employed,Divorced,San Diego,0
APP-11512,2022-09-07,Female,48.0,22663.28,629.0,"$18,236.25",employed,S,Philadelphia,Yes
APP-12741,"January 09, 2022",  Male  ,37.0,"$74,723.86",707.0,22083.21,  Employed  ,MARRIED,Philadelphia,y
APP-12245,2023-11-30,Female,54.0,"$98,728.38",803.0,27581.78,Employed,Single,New York,1
APP-12804,09/09/2022,Female,38.0,"$123,124.80",732.0,58542.73,Self-Employed,married,Philadelphia,1
APP-12147,"December 16, 2023",Female,45.0,"$113,637.49",750.0,17866.59,EMP,single,Phoenix,1
APP-11822,2022.07.19,Female,52.0,20828.82,591.0,"$39,191.97",employed,Married,San Antonio,Yes
APP-11453,9999-99-99,male,71.0,"  $161,853  ",636.0,41178.65,  Employed  ,Married,Philadelphia,n
APP-11505,29/05/2022,male,50.0,112358.12,766.0,16233.63,Employed,Single,phoenix,Yes
APP-12022,2022-02-12,Female,25.0,"$39,076.19",568.0,"$33,808.86",Retired,Single,Chicago,n
APP-12932,"June 10, 2023",male,43.0,130179,602.0,27984.61,EMP,Married,Philadelphia,1
APP-10458,2023-02-18,  Female  ,35.0,,654.0,"$21,223.92",,DIVORCED,San Antonio,y
APP-12184,2023-02-03,Male,49.0,124718.6,724.0,"$27,386.65",Employed,Married,San Diego,n
APP-10078,2023-05-20,m,48.0,"$31,544.48",653.0,30931.49,Employed,Married,Phoenix,1
APP-10218,2023-09-24,male,42.0,22267.88,633.0,"$41,312.33",Employed,Single,houston,y
APP-12304,2022-05-12,m,55.0,"-$15,000",553.0,"$59,330.89",Self-Employed,S,San Antonio,y
APP-11056,"November 25, 2022",Male,41.0,"-$15,000",737.0,26665.8,Employed,Married,san antonio,y
APP-10906,2023-03-25,male,30.0,20543.5,718.0,36717.27,employed,Married,San Diego,Yes
APP-11937,2022-08-28,male,37.0,73899.17,725.0,31323.11,employed,single,  New York  ,N
APP-12913,22/03/2022,MALE,52.0,"$75,908.09",649.0,26166.82,employed,single,Philadelphia,Yes
APP-12982,10/19/2022,Male,34.0,38487.41,608.0,40901.42,Employed,single,New York,y
APP-10380,11/29/2022,,39.0,"$29,076.67",707.0,43287.75,Employed,married,Phoenix,N
APP-10947,2022-11-15,female,25.0,"$66,515.65",850.0,"$27,806.47",Self Employed,Single,philadelphia,0
APP-12080,"April 26, 2023",m,44.0,56361.73,750.0,40707.0,Retired,M,New York,1
APP-12227,2022-10-26,Male,58.0,"$109,157.86",738.0,50274.65,Self-Employed,single,PHILADELPHIA,1
APP-10715,2022-10-02,M,29.0,154978,730.0,22084.72,  Employed  ,Single,San Diego,n
APP-13100,16/10/2022,Female,36.0,"$54,763.43",695.0,36349.44,employed,Divorced,  Los Angeles  ,1
  APP-10686  ,07/19/2022,Femal,40.0,35237.74,693.0,20957.91,Employed,Single,LOS ANGELES,Y
APP-12852,2023-01-07,Female,53.0,"$20,923.79",739.0,24742.01,Unemployed,Married,  Phoenix  ,0
APP-11293,16/03/2023,MALE,19.0,"  $157,963  ",702.0,38154.21,employed,Married,PHILADELPHIA,y
APP-10305,"March 30, 2022",male,40.0,43988,775.0,18034.44,Employed,Single,Chicago,Yes
APP-10209,10/06/2022,Female,24.0,"$21,338.18",629.0,25990.25,,Single,los angeles,1
APP-11839,2023-11-02,Male,41.0,"$42,530.08",689.0,67043.11,Self-Employed,Married,Phoenix,0
APP-12462,2022.03.31,Female,63.0,,647.0,"$17,223.64",None,Married,Los Angeles,No
APP-11160,08/17/2022,Male,35.0,"$81,240.33",639.0,"$12,345.00",Pensioner,single,Los Angeles,Y
APP-11907,03/24/2023,,56.0,"$120,431.33",723.0,32722.78,Employed,Married,San Antonio,No
APP-10885,07/01/2022,F,-8.0,,585.0,56111.82,Employed,Single,NEW YORK,N
APP-12016,14/06/2022,male,36.0,"$91,888.17",650.0,"$44,493.76",Unemployed,Single,HOUSTON,Y
APP-10917,11/26/2022,Female,47.0,89536.98,663.0,,Employed,married,San Antonio,y
APP-12490,2022-08-12,Other,24.0,32928,670.0,21134.35,Freelancer,Single,Los Angeles,y
APP-12050,05/07/2022,Male,29.0,"$44,416.62",711.0,"$17,912.10",Employed,Single,New York,Y
APP-10191,18/09/2023,Male,66.0,"$33,865.27",788.0,28486.5,Employed,M,PHILADELPHIA,n
APP-13017,17/07/2022,Male,56.0,"$51,547.74",582.0,"$19,619.24",EMP,Single,Houston,No
APP-12257,04/10/2022,M,29.0,31382.6,545.0,43300.22,unemployed,Married,Phoenix,1
APP-11265,08/01/2023,Female,,34094.93,554.0,"$24,769.20",self-employed,,  San Antonio  ,Y
APP-10483,"August 22, 2022",Female,33.0,"$116,854.90",559.0,"$24,841.20",Employed,D,philadelphia,Y
APP-10915,"June 08, 2023",Male,45.0,90885.25,666.0,"$33,059.29",  Employed  ,Married,San Diego,n
APP-13054,2022-03-10,,30.0,88556.09,828.0,"$44,282.39",,Single,Chicago,N
APP-10277,"August 04, 2023",M,56.0,"$28,919.20",665.0,27955.79,  Employed  ,Married,Phoenix,Y
APP-10988,06/07/2023,F,0.0,150001,,24125.07,Employed,Single,los angeles,Yes
APP-11801,2023-04-25,female,49.0,"  $86,553  ",667.0,"$55,069.71",  Employed  ,divorced,Philadelphia,1
APP-11245,01/11/2022,Male,47.0,95686,625.0,24326.35,Employed,Single,Chicago,n
APP-12008,2023-04-24,female,31.0,148409,725.0,30089.75,Employed,Single,San Diego,Yes
APP-10571,2022-01-16,Female,26.0,"$24,651.76",734.0,34425.01,employed,M,houston,y
APP-11435,08/05/2022,FEMALE,48.0,139301.99,568.0,21118.4,Retired,M,Philadelphia,1
APP-10993,2023-09-15,MALE,52.0,20994,640.0,"$56,946.43",Unemployed,M,Phoenix,Y
APP-11737,06/05/2022,Male,31.0,20281.45,585.0,26205.42,Employed,Single,Houston,n
APP-11732,01/02/2022,,45.0,43986.15,730.0,43233.75,employed,Married,Philadelphia,Y
APP-10585,08/16/2023,Female,52.0,138017.73,683.0,29559.87,Self-Employed,Married,Los Angeles,n
APP-12448,2022-02-19,M,44.0,25724.69,827.0,"$49,458.46",  Employed  ,Single,Phoenix,No
APP-11949,31/03/2022,male,41.0,78369,813.0,"$33,126.20",Self Employed,Single,Philadelphia,Y
APP-11075,2022-01-15,Male,46.0,"$127,870.44",596.0,"$12,345.00",Unemployed,Single,Houston,No
APP-11349,09/11/2023,Female,32.0,24244,673.0,"$40,346.02",Self-Employed,M,Los Angeles,N
APP-11007,"March 05, 2023",Female,44.0,"$90,121.57",607.0,21467.22,Self Employed,single,  New York  ,y
APP-10674,2022-12-31,M,52.0,"  $39,935  ",684.0,"$23,316.68",Employed,Single,LOS ANGELES,1
APP-12266,2022-10-21,Female,54.0,"$115,078.49",633.0,"$21,942.82",employed,Married,new york,y
APP-10855,04/21/2023,Female,29.0,"$34,076.48",,"$33,612.18",Self-Employed,married,LOS ANGELES,N
APP-10447,"September 02, 2022",Male,26.0,,741.0,"$30,578.26",Unemployed,Married,San Diego,1
APP-12894,2023.06.14,,19.0,21085.66,809.0,"$31,211.01",employed,MARRIED,Houston,n
APP-10865,"April 22, 2023",  Male  ,46.0,,712.0,"$18,949.55",Employed,Divorced,San Diego,1
APP-12663,2022-04-08,  Female  ,42.0,"$88,250.40",568.0,37138.61,employed,Single,Phoenix,1
APP-12505,2023.12.30,female,35.0,62250,713.0,"$21,876.96",Retired,SINGLE,San Antonio,0
APP-12959,"December 08, 2023",,25.0,22723.18,649.0,"$24,443.84",Retired,Married,PHOENIX,Yes
APP-12638,2023-12-26,Female,210.0,25788,727.0,21568.84,Employed,married,Chicago,Yes
APP-12778,2022.05.07,female,53.0,"  $69,098  ",692.0,27977.03,Self-Employed,Divorced,San Diego,0
APP-12420,"July 20, 2022",F,35.0,61442.44,604.0,15799.56,Employed,Single,PHILADELPHIA,No
APP-12955,9999-99-99,M,31.0,71184,774.0,20017.2,employed,Married,Chicago,No
APP-12752,"December 13, 2023",M,40.0,"$139,989.37",780.0,"$32,403.28",Freelancer,married,Phoenix,No
APP-11247,2023-02-31,female,39.0,34360,648.0,20548.5,employed,Married,  Los Angeles  ,N
APP-10294,06/02/2022,Male,51.0,"$24,979.98",723.0,"$34,262.35",employed,Single,San Antonio,Yes
APP-11547,NULL,Female,58.0,"$74,610.60",751.0,"$37,163.79",,married,Philadelphia,Yes
APP-10588,2022.05.15,Male,46.0,"  $35,728  ",643.0,"$32,093.79",employed,Single,Phoenix,Yes
APP-11741,2022-05-20,female,25.0,105951.75,713.0,20661.68,unemployed,Single,Los Angeles,Yes
APP-11281,10/01/2022,Male,28.0,22141.18,,22370.23,retired,M,New York,N
APP-11763,"April 22, 2023",Male,44.0,44193,595.0,"$57,336.06",employed,Single,New York,N
APP-12953,13/04/2023,Other,43.0,"$32,019.29",838.0,31645.47,Employed,,  Los Angeles  ,N
APP-12560,06/28/2023,  Female  ,37.0,"$10,000,000.00",583.0,"$20,361.30",employed,married,Chicago,Y
APP-11913,"February 07, 2022",Female,,39174.76,709.0,"$36,979.05",self-employed,MARRIED,Phoenix,Yes
APP-12414,NULL,Male,19.0,"$21,371.32",693.0,"$25,849.68",employed,married,Chicago,Y
  APP-12952  ,2023-02-31,Male,33.0,"  $24,449  ",797.0,17780.56,Employed,Married,Phoenix,Y
APP-12499,13/10/2023,  Male  ,30.0,98314,700.0,"$22,842.06",Employed,DIVORCED,Chicago,N
APP-11417,11/26/2022,F,42.0,30014.88,651.0,"$22,081.37",Employed,Married,San Diego,Y
APP-10425,2022-06-04,m,33.0,149040,645.0,"$16,188.52",EMP,Married,San Diego,No
APP-10534,04/13/2022,,33.0,22140.3,666.0,34230.8,Self-Employed,Married,Philadelphia,Yes
APP-11054,03/08/2022,,46.0,35689.3,672.0,41909.0,Employed,married,Philadelphia,y
APP-12510,12/01/2023,male,38.0,,680.0,"$23,210.25",self-employed,Married,San Diego,1
APP-12769,05/15/2022,FEMALE,24.0,59724.11,519.0,16463.36,Freelancer,,New York,Y
  APP-11767  ,2022-01-21,,37.0,"  $46,908  ",676.0,32489.7,Full-Time,married,San Diego,Yes
APP-10132,2023-09-05,,43.0,53970.33,634.0,33612.2,employed,Married,PHOENIX,y
,2023-12-12,Female,34.0,"$56,455.96",721.0,"$31,254.46",Self Employed,single,San Diego,y
APP-11180,"December 27, 2022",Male,65.0,"$42,709.26",678.0,,EMP,M,Chicago,Y
APP-10421,01/25/2022,,59.0,37837.83,685.0,28636.58,,Married,New York,1
APP-11690,07/05/2023,male,33.0,"$159,918.33",,18877.19,Self-Employed,Single,  New York  ,0
APP-12942,"March 31, 2022",M,43.0,49240.54,627.0,12669.49,EMP,Married,  New York  ,Y
APP-12258,2022-09-02,Femal,59.0,"$53,121.63",772.0,"$25,123.36",,Married,HOUSTON,Yes
APP-11951,07/07/2023,Male,53.0,"$44,532.94",615.0,36116.78,Unemployed,married,San Antonio,y
APP-11716,2022.10.02,Male,25.0,"$44,621.29",704.0,52499.4,EMP,Divorced,  Phoenix  ,Yes
APP-11368,"June 10, 2022",Female,35.0,66385.21,693.0,17519.65,Employed,Married,los angeles,N
APP-10556,07/17/2022,Male,39.0,,750.0,"$22,556.34",self-employed,single,Los Angeles,Yes
,2022-10-30,non-binary,53.0,26803.77,619.0,"$34,675.89",  Employed  ,MARRIED,Phoenix,n
APP-11840,11/16/2023,female,28.0,,,"$15,831.47",Employed,M,San Antonio,Y
APP-12997,2023-04-20,Male,50.0,25478,712.0,22035.9,Ret.,Married,San Antonio,No
APP-12963,10/02/2022,male,31.0,"$81,858.13",724.0,44499.51,Employed,M,Houston,1
APP-11880,04/27/2023,Female,24.0,"  $87,256  ",679.0,"$19,357.49",Retired,MARRIED,san diego,0
APP-10570,2022-11-26,Female,37.0,"$94,609.58",712.0,"$35,490.91",Retired,Married,San Diego,Yes
APP-10352,"September 11, 2023",Male,34.0,76384.19,684.0,14709.65,Freelancer,Single,New York,0
APP-10091,2022-04-12,m,25.0,"$32,461.90",668.0,26438.61,Employed,Married,San Diego,Yes
APP-12353,2023-04-08,,40.0,"  $33,680  ",745.0,16064.23,  Employed  ,married,Houston,y
APP-12803,2023.04.15,female,31.0,"$42,097.80",660.0,40082.38,EMP,Single,Phoenix,1
APP-11170,01/20/2023,M,42.0,116740.76,658.0,,self-employed,Married,  Los Angeles  ,Y
APP-11844,2022.09.01,Male,43.0,"$41,317.54",588.0,"$18,468.39",retired,single,Los Angeles,Yes
APP-11285,2022-10-15,Male,43.0,27956,684.0,47189.47,self-employed,married,San Antonio,0
APP-12103,2023-06-20,male,45.0,"$39,927.88",653.0,25179.33,Unemployed,Married,Phoenix,0
APP-12098,2022.07.28,Female,19.0,"  $35,126  ",675.0,35988.61,Employed,Married,  San Diego  ,n
APP-12097,2022-05-07,male,43.0,"$31,704.07",555.0,"$15,221.24",Employed,married,Phoenix,Yes
APP-11793,15/07/2022,male,43.0,"$30,627.85",706.0,"$45,539.27",Employed,D,New York,y
APP-11591,2023-06-26,Male,35.0,,742.0,24289.03,None,D,Houston,Yes
APP-11829,06/19/2022,female,20.0,23061.51,50.0,"$30,460.26",Retired,Divorced,Chicago,y
APP-10697,2022-05-12,Male,30.0,"$75,236.33",707.0,34421.24,employed,Single,Houston,1
APP-12771,2023-08-19,,34.0,51013.49,695.0,"$31,354.56",  Employed  ,Single,Houston,n
APP-10348,16/11/2023,F,49.0,77156,736.0,22358.95,Employed,Single,San Antonio,No
APP-12242,"February 23, 2023",,35.0,36874.08,753.0,15542.31,self-employed,SINGLE,Philadelphia,n
APP-12596,2022-05-13,  Male  ,23.0,"$28,384.37",791.0,"$45,766.74",employed,,New York,Yes
APP-12687,02/12/2022,FEMALE,44.0,"$102,106.73",729.0,"$17,419.11",Full-Time,Married,San Antonio,1
APP-12404,11/26/2022,  Female  ,19.0,"$27,486.28",535.0,"$42,868.88",Self-Employed,Married,San Antonio,n
  APP-11137  ,09/01/2023,Male,20.0,"  $59,627  ",721.0,"$40,465.56",self-employed,Single,Philadelphia,y
APP-12126,"June 27, 2022",M,61.0,22138.5,751.0,12803.8,Employed,M,San Diego,Y
APP-11798,2023-12-01,Male,35.0,"$10,000,000.00",,23474.09,Self Employed,single,Chicago,Y
APP-13137,2022-06-05,  Male  ,19.0,60711.91,654.0,"$38,265.24",Self Employed,Married,New York,Y
  APP-13121  ,2023-03-26,f,30.0,"$40,331.08",776.0,"$27,293.86",Employed,Married,LOS ANGELES,1
APP-11711,2022-08-27,,41.0,29873,627.0,"$25,071.16",Pensioner,,Philadelphia,Yes
APP-11339,2022-09-03,Male,47.0,,813.0,"$13,448.90",Employed,Single,Philadelphia,y
  APP-12753  ,2023-07-05,Male,40.0,44668.19,685.0,26021.18,  Employed  ,S,New York,n
APP-10453,2023-10-11,  Male  ,19.0,"  $147,528  ",637.0,"$34,318.81",,Single,Chicago,N
APP-10913,18/01/2022,,34.0,"$63,816.29",758.0,,Employed,MARRIED,New York,1
APP-10258,05/18/2023,F,41.0,35210.7,832.0,28369.82,Freelancer,M,  San Antonio  ,Y
APP-11199,"March 10, 2023",MALE,51.0,65983.3,640.0,"$48,998.68",Self-Employed,Single,San Diego,1
APP-11274,2022-01-16,Male,28.0,"$42,752.51",685.0,23585.54,self-employed,Single,Los Angeles,0
APP-12166,"December 10, 2023",Female,47.0,"$29,332.44",759.0,42672.96,Employed,S,  San Antonio  ,0
APP-10037,04/08/2023,Female,38.0,23803.38,678.0,43667.12,employed,M,  San Diego  ,N
APP-10974,03/26/2023,m,39.0,"$76,577.32",730.0,40813.51,Employed,Married,LOS ANGELES,0
APP-13067,2023-02-04,MALE,34.0,"  $82,336  ",691.0,40093.89,retired,Married,Los Angeles,y
APP-10983,10/17/2023,Male,43.0,66001.65,637.0,38622.45,Retired,Divorced,Chicago,N
APP-11249,2023-09-13,Male,67.0,27882,651.0,16037.86,Self-Employed,MARRIED,  Philadelphia  ,Yes
APP-12229,"March 05, 2022",Male,33.0,50134,640.0,21401.49,Employed,,Philadelphia,Y
APP-11418,08/22/2022,,31.0,"$41,633.09",,39689.65,unemployed,M,New York,y
APP-11284,01/27/2022,female,40.0,"$69,010.01",793.0,45601.75,  Employed  ,MARRIED,New York,y
APP-12031,"September 05, 2022",Male,39.0,"$42,443.25",584.0,20782.13,employed,single,Philadelphia,No
APP-10039,2022-02-06,female,40.0,22106,627.0,"$32,527.34",Employed,Single,Phoenix,Y
APP-11486,2023-03-25,Male,,"$10,000,000.00",721.0,23507.81,Unemployed,Married,New York,No
APP-12234,2023.10.24,female,34.0,45053,751.0,31229.02,unemployed,SINGLE,Philadelphia,1
  APP-10169  ,"December 09, 2022",Femal,29.0,"$47,367.29",718.0,,  Employed  ,Married,Los Angeles,Yes
APP-11355,"February 26, 2022",Female,37.0,"  $122,166  ",578.0,"$26,149.74",Employed,Single,Chicago,1
APP-10737,2023-01-29,F,42.0,"$21,993.77",698.0,,Self-Employed,S,PHILADELPHIA,No
APP-13155,2022-04-20,female,27.0,40251.53,-100.0,23335.38,self-employed,single,New York,n
APP-12986,09/07/2023,Male,28.0,63462.9,633.0,18797.91,Employed,Married,Houston,No
APP-11672,10/12/2022,Male,32.0,"$40,282.78",665.0,"$31,411.99",Unemployed,S,HOUSTON,Y
  APP-11564  ,2022-04-23,Female,41.0,,619.0,33189.35,Self-Employed,Single,philadelphia,1
APP-12262,2022.11.25,Female,21.0,"$60,313.01",730.0,61865.61,retired,MARRIED,CHICAGO,Y
APP-10634,02/24/2023,Female,39.0,44963.57,740.0,"$43,859.17",self-employed,Married,philadelphia,No
APP-13074,2023-07-08,  Male  ,35.0,"$29,134.15",713.0,20204.11,Self-Employed,Single,san antonio,1
APP-13040,2022.06.18,  Male  ,28.0,71557,689.0,31552.47,EMP,MARRIED,San Antonio,n
APP-11640,06/17/2022,M,34.0,28242.08,,10236.09,,S,Phoenix,1
APP-11290,2022-05-04,Female,34.0,57551,663.0,68360.65,Freelancer,Married,CHICAGO,1
APP-12587,21/05/2022,F,43.0,"  $25,379  ",694.0,22273.68,Employed,D,Phoenix,y
APP-11380,"September 09, 2023",Male,49.0,"$99,999,999",676.0,42977.59,employed,single,Philadelphia,Y
APP-10579,21/04/2023,male,43.0,27148.05,528.0,"$29,903.14",Employed,MARRIED,PHOENIX,Y
APP-10328,03/02/2022,Female,41.0,"  $229,692  ",582.0,16034.66,Employed,Divorced,NEW YORK,1
APP-12029,12/03/2023,Female,41.0,99548.69,775.0,"$43,712.31",Self Employed,Single,Los Angeles,y
APP-10892,2022-08-23,M,41.0,194201.8,737.0,20698.04,EMP,Single,PHOENIX,No
APP-11143,2022-01-18,,51.0,"$109,957.03",701.0,"$41,021.36",unemployed,married,HOUSTON,1
APP-10780,2023.07.26,other,36.0,"$68,134.50",655.0,41494.91,Retired,Married,Phoenix,Yes
APP-11941,2023-06-17,Male,34.0,"$35,833.30",650.0,"$46,575.21",Freelancer,Married,new york,y
APP-10159,2022-04-24,female,49.0,106569.09,632.0,19972.82,Employed,Married,Philadelphia,Y
APP-12366,2022-10-14,Male,55.0,"$48,259.48",,"$29,381.27",employed,Married,Los Angeles,y
APP-12043,2022.05.01,Male,33.0,96475.52,764.0,18303.87,Employed,Single,Phoenix,y
APP-12574,19/06/2023,Female,41.0,"  $20,747  ",741.0,"$23,089.61",Retired,Married,Houston,Y
APP-10061,"September 23, 2023",male,36.0,28962.93,702.0,14264.28,Full-Time,Married,Phoenix,Yes
APP-10849,2023-07-27,Female,19.0,"  $200,987  ",,"$34,587.22",employed,DIVORCED,Philadelphia,No
APP-12575,"August 14, 2023",Male,47.0,92798,592.0,"$22,157.29",EMP,divorced,New York,N
APP-11800,2022-09-23,Female,29.0,131957,,25934.25,Self-Employed,married,Los Angeles,1
APP-12416,01/20/2022,M,19.0,"$24,167.89",545.0,43169.69,Employed,S,San Diego,Y
APP-11596,2023-11-16,,38.0,37214.25,451.0,22294.97,Employed,Married,Phoenix,Yes
APP-11776,04/09/2023,f,36.0,55486,,27349.19,self-employed,married,Philadelphia,n
  APP-11043  ,2022-08-12,F,40.0,21832.41,581.0,36261.45,employed,M,PHOENIX,Yes
APP-12760,15/07/2023,Male,36.0,211012,769.0,27103.27,Self-Employed,Single,San Diego,y
APP-11544,2022-05-20,Female,37.0,"$49,855.66",753.0,25758.47,  Employed  ,,Houston,No
APP-12208,22/09/2023,Female,40.0,"$86,539.37",744.0,14646.65,retired,single,Phoenix,Y
APP-11999,01/05/2022,Male,27.0,"  $24,573  ",751.0,"$15,661.29",Self-Employed,Single,PHILADELPHIA,1
APP-11070,2023-06-05,F,26.0,27630.37,679.0,70622.46,Employed,Single,Chicago,1
APP-10053,2022-05-29,female,51.0,40290,618.0,30120.88,Employed,Single,San Diego,N
APP-13197,2023-04-01,Female,26.0,"$37,553.78",654.0,"$37,253.07",Employed,S,Los Angeles,N
APP-12699,09/14/2023,Male,65.0,,627.0,"$40,235.22",EMP,divorced,houston,0
APP-11797,2022-01-26,female,54.0,"$66,424.14",760.0,19960.66,employed,Single,San Antonio,1
APP-10258,05/18/2023,F,41.0,35210.7,832.0,28369.82,Freelancer,M,  San Antonio  ,Y
APP-10505,2022-11-12,Female,40.0,304344,665.0,39708.94,Employed,Divorced,Chicago,Y
  APP-10752  ,2022-08-21,male,37.0,25598.75,723.0,,Self-Employed,Married,Phoenix,Y
APP-12238,"September 04, 2022",m,44.0,,680.0,28900.65,Employed,S,San Diego,Y
APP-10217,06/02/2022,Female,45.0,33471.05,697.0,40235.1,EMP,Single,SAN ANTONIO,Y
APP-10824,2022-09-22,  Male  ,,"$26,245.31",686.0,"$33,196.15",Employed,Single,Philadelphia,y
APP-11885,2022-05-14,female,30.0,40353,666.0,"$36,382.01",,Married,SAN DIEGO,y
APP-13175,2022-01-28,male,32.0,47005,752.0,"$12,345.00",Freelancer,M,san diego,1
APP-13042,2023.12.22,Male,54.0,152299.69,660.0,23454.09,,Single,  New York  ,0
APP-11389,"May 17, 2023",Female,41.0,,662.0,44568.41,None,single,LOS ANGELES,1
APP-12298,"September 25, 2023",Female,46.0,"$139,224.38",,17962.27,employed,Married,San Diego,N
APP-11266,"March 19, 2023",female,51.0,68239.74,669.0,30128.13,Employed,MARRIED,HOUSTON,n
APP-12727,06/04/2023,F,39.0,59797.95,640.0,15048.39,,Married,san antonio,1
APP-12196,18/03/2022,Female,48.0,"$30,445.81",630.0,"$20,585.94",Freelancer,Single,Chicago,y
APP-11598,2023-09-08,M,33.0,92248.56,596.0,27932.13,self-employed,MARRIED,LOS ANGELES,N
APP-12270,01/30/2022,M,22.0,"  $55,588  ",671.0,26450.45,Employed,Divorced,Phoenix,y
APP-11607,2023-05-05,FEMALE,,,742.0,22846.38,Self-Employed,Single,NEW YORK,y
APP-12069,2023-05-03,Male,19.0,"$133,798.50",679.0,41588.18,self-employed,M,Los Angeles,Yes
APP-10771,30/09/2022,Other,41.0,"$28,433.45",685.0,"$19,832.47",EMP,,  San Diego  ,Yes
APP-13103,"January 20, 2022",other,56.0,72746.62,603.0,,Self Employed,Married,Houston,y
  APP-13053  ,2023-10-15,male,48.0,"  $75,956  ",774.0,,Unemployed,Single,New York,1
APP-11176,04/04/2022,M,32.0,41645.04,718.0,27435.34,Ret.,Single,Philadelphia,Yes
APP-12970,2022-09-13,Femal,30.0,"$51,342.41",664.0,21382.67,,,San Antonio,Yes
APP-11868,2022-04-13,male,41.0,"$56,437.45",644.0,30188.4,Full-Time,married,  San Antonio  ,Yes
  APP-11085  ,2023.08.21,female,58.0,"$42,808.41",674.0,18590.2,Retired,S,San Antonio,1
APP-12269,14/05/2022,,47.0,"  $37,412  ",708.0,39876.07,Employed,Divorced,New York,Yes
APP-11902,17/05/2022,m,51.0,"$98,086.92",,"$22,382.19",self-employed,Single,Phoenix,n
APP-11325,01/27/2022,Male,43.0,,596.0,,Employed,Single,  Phoenix  ,Yes
  APP-12350  ,2022.10.21,M,60.0,"$20,622.74",720.0,39348.38,Self-Employed,Married,houston,Y
APP-11929,23/01/2022,female,41.0,"$22,008.00",600.0,,  Employed  ,M,San Antonio,Yes
APP-10806,"September 20, 2023",MALE,25.0,"$81,852.62",664.0,"$41,404.66",  Employed  ,Single,San Antonio,1
APP-12033,03/21/2023,  Male  ,33.0,45236.39,724.0,20514.77,self-employed,MARRIED,San Antonio,y
APP-11403,2023-10-10,male,50.0,"$58,432.30",752.0,"$33,678.18",Unemployed,Married,Houston,y
APP-10075,2022-08-02,,22.0,"$30,436.52",50.0,,UNEMP,Married,LOS ANGELES,1
APP-10371,2023-02-16,F,26.0,"  $22,024  ",655.0,14573.22,Freelancer,married,Phoenix,Yes
APP-12367,2023-10-24,Female,45.0,36232,708.0,,Unemployed,Single,Phoenix,Yes
APP-12746,18/01/2022,Female,35.0,"  $42,507  ",663.0,34924.0,None,Married,Phoenix,Yes
APP-11163,"May 09, 2023",Male,26.0,46114,625.0,28147.72,Unemployed,Married,Los Angeles,Y
APP-10963,09/08/2023,Male,19.0,"$62,277.67",781.0,17644.35,  Employed  ,Married,Los Angeles,N
APP-12970,2022-09-13,Femal,30.0,"$51,342.41",664.0,21382.67,,,San Antonio,Yes
APP-10816,2023-05-17,,43.0,57296,670.0,"$30,099.36",employed,married,CHICAGO,y
APP-10398,2022-12-15,,40.0,21378,,"$36,572.73",Self-Employed,married,New York,N
APP-10584,2022-05-23,male,49.0,"  $88,638  ",630.0,"$21,623.53",Employed,Married,Phoenix,Yes
APP-10948,2022-09-26,F,54.0,"$101,631.02",784.0,"$27,394.15",self-employed,married,New York,N
APP-10704,"April 08, 2022",Male,33.0,,650.0,25731.57,Retired,D,san antonio,N
APP-10431,2022.10.02,Male,63.0,33268,749.0,"$13,295.24",Self-Employed,Married,New York,N
APP-11688,2022-10-09,F,50.0,"$93,575.01",796.0,22596.79,Employed,Single,new york,Yes
APP-10292,2023-09-21,Male,53.0,37586.21,714.0,"$22,404.27",EMP,Married,  San Diego  ,n
APP-10145,2022-11-23,Male,,35833.13,637.0,14738.29,Freelancer,Married,  Houston  ,1
APP-10323,03/08/2022,Female,54.0,"$69,933.43",685.0,43189.86,Employed,,New York,n
APP-12864,2022-10-17,male,27.0,30646.56,,45079.0,Self-Employed,Single,Chicago,Yes
APP-12339,02/23/2023,Male,,49114,710.0,"$31,004.41",Self-Employed,married,  Phoenix  ,0
APP-11165,2023-07-04,M,40.0,56225.53,696.0,28143.5,,M,philadelphia,1
APP-11452,18/09/2022,Male,30.0,119956.06,674.0,,Employed,Single,san diego,Y
APP-10002,28/12/2023,f,40.0,28128.95,711.0,39897.19,Freelancer,Married,Philadelphia,0
APP-11712,"November 10, 2023",female,51.0,61192,1500.0,15263.0,  Employed  ,Married,Phoenix,Y
APP-10576,16/07/2023,Female,47.0,"$34,038.65",748.0,39913.37,EMP,SINGLE,LOS ANGELES,y
APP-12618,28/06/2022,MALE,210.0,"  $62,828  ",531.0,21767.35,unemployed,Single,  New York  ,Y
APP-10339,2022.12.23,Male,31.0,"$108,639.79",620.0,40515.84,Employed,MARRIED,phoenix,y
APP-11382,21/04/2023,F,45.0,55294.62,732.0,32804.13,Employed,Married,  San Antonio  ,1
APP-11963,2022-02-07,Male,45.0,"  $71,297  ",683.0,"$21,429.76",UNEMP,Single,Philadelphia,y
APP-10925,25/12/2023,f,31.0,"$105,498.25",709.0,35997.67,employed,M,phoenix,Yes
APP-10265,2023-01-29,Female,37.0,56929,757.0,"$18,783.49",Retired,M,san antonio,Y
APP-10376,2022-01-09,,46.0,25271,650.0,"$48,239.28",Self-Employed,MARRIED,philadelphia,1
APP-12595,2023-12-04,Female,49.0,108573.15,714.0,21956.3,Retired,Divorced,Philadelphia,0
APP-11771,11/10/2023,Female,42.0,"$55,414.90",578.0,,Self-Employed,Married,San Antonio,Y
APP-11463,04/20/2022,,46.0,"  $35,954  ",716.0,26581.0,Self-Employed,Divorced,Chicago,Yes
APP-10271,2022-01-19,Male,31.0,"$93,004.59",817.0,"$37,869.22",Employed,Divorced,san antonio,y
APP-10696,22/07/2022,Female,51.0,"  $84,895  ",557.0,41076.5,,S,Philadelphia,1
APP-13161,2023-12-19,M,32.0,53187,780.0,"$12,345.00",Employed,Married,Phoenix,Yes
APP-10244,"July 09, 2023",,30.0,"  $28,716  ",744.0,17102.25,  Employed  ,married,SAN DIEGO,Y
APP-13114,10/10/2023,male,47.0,70472,630.0,28461.47,employed,SINGLE,Chicago,1
APP-10476,21/11/2022,,47.0,"  $83,613  ",682.0,23116.77,Employed,Single,Los Angeles,No
APP-12825,"December 20, 2023",m,52.0,"$43,071.20",693.0,29940.25,Employed,MARRIED,Chicago,1
  APP-12086  ,04/21/2022,male,40.0,206054.53,697.0,35600.87,employed,Married,Philadelphia,1
APP-10813,28/04/2022,,0.0,45785.91,670.0,23090.03,Ret.,Married,los angeles,y
APP-12083,26/05/2022,FEMALE,43.0,61590.27,669.0,52926.56,Self-Employed,SINGLE,  Los Angeles  ,0
APP-11914,26/02/2023,female,47.0,112533.54,646.0,"$16,387.67",Employed,Married,Phoenix,y
APP-12071,16/02/2022,Femal,34.0,"  $112,591  ",768.0,,employed,single,Phoenix,y
APP-12807,"November 12, 2022",Female,56.0,"  $44,609  ",790.0,19390.61,Self-Employed,married,Phoenix,Y
APP-13083,07/09/2023,Female,46.0,"$45,770.36",749.0,11633.4,Retired,Married,San Diego,1
APP-10164,12/02/2022,Male,,"$54,106.11",849.0,36503.44,,Married,San Diego,Yes
APP-11164,"June 10, 2023",Female,43.0,"$20,563.84",671.0,"$23,827.16",Retired,married,San Antonio,y
APP-11804,2023-08-01,M,31.0,108726.55,825.0,"$41,786.72",Employed,divorced,  Los Angeles  ,N
APP-12406,2022-04-18,Male,32.0,27187.81,689.0,25171.46,Freelancer,Single,houston,Y
APP-10250,2023-12-12,M,43.0,"$86,485.61",708.0,20129.11,unemployed,Single,San Diego,No
APP-10413,"February 03, 2023",,,"$102,468.56",618.0,"$30,936.38",Self Employed,Single,Phoenix,Yes
APP-10545,2022-02-26,F,40.0,"$71,655.63",715.0,20274.75,None,,Houston,Y
APP-11193,2022-02-25,Male,42.0,"$41,785.37",755.0,"$18,924.35",Employed,Married,  Houston  ,Y
APP-10738,09/03/2023,MALE,40.0,"$71,389.59",734.0,45620.78,Self Employed,M,New York,No
APP-10310,2023-02-31,Female,20.0,"  $35,769  ",722.0,20939.87,Self-Employed,S,Los Angeles,0
APP-12516,08/02/2022,Male,,"$43,609.08",702.0,40350.04,Ret.,married,San Diego,Yes
APP-10893,08/07/2023,Female,35.0,141934,604.0,33178.09,self-employed,,San Antonio,y
APP-11131,2023.01.29,m,60.0,"$49,917.17",690.0,36124.37,UNEMP,Single,san diego,0
APP-11449,2023-12-08,Female,33.0,"  $70,710  ",606.0,"$24,078.85",Unemployed,D,SAN DIEGO,y
APP-11658,2022-05-14,F,37.0,"  $116,348  ",594.0,,self-employed,single,San Diego,Y
APP-10015,2023-03-21,Female,32.0,"  $80,787  ",597.0,"$37,563.77",Employed,Divorced,San Diego,N
APP-12218,2022-08-04,Female,25.0,34244.67,585.0,14516.24,Employed,S,  Chicago  ,0
APP-10721,2022-12-29,Female,33.0,"  $210,745  ",,46797.2,Employed,DIVORCED,chicago,Yes
APP-11420,02/13/2023,female,36.0,0,641.0,65519.37,Self-Employed,Married,Philadelphia,y
APP-12914,25/10/2023,,33.0,"  $24,756  ",789.0,"$27,473.93",Unemployed,single,SAN DIEGO,Yes
APP-10981,02/03/2023,Female,0.0,83984.77,633.0,26140.79,self-employed,Married,Philadelphia,0
APP-12334,19/10/2023,F,,"$97,284.40",661.0,24783.66,EMP,Single,San Antonio,No
APP-11539,07/03/2023,Male,23.0,91824.67,,"$17,565.71",Employed,single,San Antonio,1
  APP-12800  ,2023.08.17,male,37.0,32205.87,757.0,21921.95,employed,Single,New York,Y
APP-11911,2022-10-20,Female,39.0,"$90,252.09",630.0,"$37,919.03",unemployed,Married,San Antonio,Yes
APP-11550,09/03/2022,Female,30.0,"$140,375.07",805.0,"$22,251.26",Employed,,SAN DIEGO,N
APP-12677,10/10/2022,male,49.0,35928,712.0,"$14,359.85",Employed,Married,PHOENIX,Y
APP-10363,08/31/2022,  Female  ,51.0,"$26,813.06",766.0,18850.77,Employed,Divorced,New York,Yes
APP-10982,2023-04-21,m,36.0,,734.0,"$40,262.52",Unemployed,Married,phoenix,Y
APP-10182,09/02/2022,Female,41.0,"$21,235.46",584.0,23804.51,Employed,married,San Diego,1
APP-10985,08/17/2022,M,23.0,"$61,365.01",634.0,29270.94,Employed,Divorced,Los Angeles,y
APP-12289,2023-02-12,female,35.0,126677.51,714.0,"$23,548.43",Employed,M,New York,Yes
APP-11194,2022-08-26,Femal,34.0,,604.0,"$27,824.21",Employed,D,new york,1
APP-12114,2022-07-16,Male,37.0,"$69,344.28",545.0,,Self-Employed,S,Philadelphia,Y
APP-12057,2022-11-27,Male,25.0,"$32,904.76",653.0,27340.77,employed,Single,New York,Yes
APP-11121,2022-10-10,M,53.0,,850.0,"$57,801.06",None,Married,Los Angeles,Y
  APP-12973  ,"December 17, 2023",  Male  ,19.0,"  $30,004  ",647.0,19453.71,Employed,Divorced,  San Diego  ,Y
APP-10187,"January 24, 2023",Female,42.0,"$52,361.89",761.0,21570.15,Self-Employed,Married,PHOENIX,Yes
APP-10619,2022-10-23,Male,,"  $95,983  ",657.0,"$25,640.29",Employed,Single,new york,Y
APP-11992,08/30/2023,M,30.0,"$21,919.27",613.0,12883.75,,Divorced,Philadelphia,n
APP-11175,20/12/2023,F,33.0,56642,784.0,44488.97,Employed,married,San Antonio,y
APP-11182,26/05/2022,M,26.0,48605.07,552.0,22609.99,Employed,single,Phoenix,Yes
APP-12637,31/08/2022,m,19.0,29016.7,611.0,59436.36,retired,Married,Phoenix,Yes
APP-12440,18/10/2022,female,34.0,"$98,237.98",567.0,24604.18,Self-Employed,,New York,y
APP-10614,03/03/2022,Femal,21.0,"$79,475.86",817.0,61704.69,  Employed  ,Single,philadelphia,Y
APP-11513,02/02/2023,F,44.0,79834,,,Full-Time,single,Phoenix,0
APP-11466,2022-04-01,female,28.0,"$27,307.26",736.0,11855.41,employed,Single,philadelphia,Y
APP-10401,02/08/2022,Female,45.0,"  $36,033  ",563.0,"$29,448.03",self-employed,M,Chicago,Y
APP-10994,07/06/2022,Male,51.0,"$24,272.10",638.0,33545.95,Self-Employed,married,Philadelphia,1
APP-10934,05/23/2022,Female,40.0,"$64,877.39",657.0,"$37,577.49",  Employed  ,S,Phoenix,y
APP-10371,2023-02-16,F,26.0,"  $22,024  ",655.0,14573.22,Freelancer,married,Phoenix,Yes
APP-13018,"May 24, 2023",Male,41.0,"$22,661.26",721.0,"$40,201.78",EMP,Married,los angeles,N
  APP-12401  ,"August 04, 2022",Male,36.0,"$34,909.49",,"$40,014.74",employed,MARRIED,Los Angeles,y
APP-10593,2022.01.10,male,40.0,"$29,076.84",719.0,51995.62,Employed,,Chicago,1
APP-12194,"September 11, 2022",male,59.0,"$20,699.60",533.0,15757.15,self-employed,SINGLE,Los Angeles,Yes
APP-10726,29/08/2022,,43.0,"$82,389.38",620.0,"$27,548.70",Unemployed,,Chicago,N
APP-10826,"December 19, 2023",FEMALE,37.0,"$179,184.44",,22121.95,Freelancer,Single,New York,y
  APP-11521  ,"May 21, 2022",female,34.0,"$76,257.92",696.0,24108.18,Self-Employed,MARRIED,Phoenix,Yes
APP-12256,03/05/2022,Male,38.0,32821.45,561.0,47972.16,Self-Employed,Married,Phoenix,1
APP-10687,"June 28, 2023",  Male  ,29.0,"$155,777.21",736.0,"$10,862.91",  Employed  ,SINGLE,San Antonio,No
  APP-12456  ,2023-03-24,female,61.0,26558.06,764.0,44002.84,Employed,Married,San Diego,1
APP-10136,2023-12-29,Female,37.0,"  $123,735  ",671.0,,Employed,,Philadelphia,No
APP-12707,2022-04-02,Male,39.0,"  $74,206  ",735.0,"$12,785.82",employed,S,San Diego,Yes
APP-10628,20/09/2022,other,,"$80,529.02",741.0,"$28,324.09",self-employed,Married,New York,y
APP-10334,"March 05, 2023",Female,31.0,"$56,633.48",,27409.1,Self-Employed,Married,Philadelphia,Yes
APP-11805,"June 13, 2023",Male,55.0,"$39,085.10",664.0,"$13,204.40",Self-Employed,Married,San Diego,Y
APP-10390,2023-10-12,Male,39.0,76045.73,592.0,36596.33,self-employed,Single,Phoenix,y
APP-11125,11/08/2022,female,,73778,756.0,"$12,345.00",retired,Married,Chicago,y
APP-11109,2023.03.22,M,142.0,"  $54,783  ",650.0,"$35,049.93",  Employed  ,Married,Los Angeles,0
APP-12940,2023.04.13,Male,28.0,80127,668.0,"$17,078.93",Employed,,San Antonio,N
APP-11817,"January 24, 2022",Female,24.0,"$25,268.02",,"$20,280.61",self-employed,M,SAN DIEGO,n
APP-12357,"April 24, 2022",M,35.0,49656,659.0,20356.1,employed,Single,chicago,Yes
APP-12985,"July 02, 2023",Male,44.0,20838,574.0,33761.87,Employed,,New York,N
APP-10710,2023-07-07,M,43.0,"  $61,169  ",658.0,50897.61,Unemployed,single,Chicago,Yes
APP-11039,2022-08-10,Female,45.0,73963.45,659.0,40458.16,self-employed,Single,Philadelphia,n
APP-12179,2022-04-11,male,19.0,"$42,259.12",651.0,25278.22,Ret.,Married,LOS ANGELES,0
APP-12162,2023-04-18,Male,38.0,"$24,189.03",610.0,31600.13,Full-Time,M,chicago,Y
APP-12871,2022-10-14,F,47.0,36502.02,683.0,41815.4,  Employed  ,S,Chicago,0
APP-11561,07/07/2023,f,47.0,,570.0,13605.94,Self-Employed,M,Chicago,1
APP-12881,2022-03-04,M,26.0,27094.59,829.0,"$34,269.32",Retired,Single,San Diego,Yes
APP-13051,05/22/2022,M,38.0,,758.0,22183.61,Self-Employed,Married,New York,y
APP-11945,2023-05-20,Female,39.0,"$94,752.14",649.0,,EMP,M,NEW YORK,1
APP-11594,2022.12.23,male,28.0,,633.0,23012.44,EMP,single,Chicago,1
APP-13150,06/02/2022,Male,60.0,"$109,104.50",834.0,"$35,117.62",  Employed  ,Married,Chicago,Yes
APP-12788,08/12/2023,Female,53.0,"  $28,209  ",625.0,"$27,679.73",Unemployed,Single,Phoenix,Yes
APP-11112,2022-03-29,Female,30.0,"  $109,946  ",637.0,"$14,249.59",Employed,Married,Los Angeles,1
APP-10465,2022-10-06,male,41.0,"$44,462.09",677.0,25086.71,Unemployed,married,San Antonio,Y
APP-11560,2023.10.11,Female,48.0,"$57,331.74",826.0,34070.4,employed,Single,Chicago,N
APP-11223,21/08/2023,  Male  ,28.0,60786.41,663.0,47926.97,Self-Employed,Married,PHILADELPHIA,Y
APP-12384,2022.07.19,Female,25.0,,687.0,"$39,524.72",unemployed,married,PHILADELPHIA,y
APP-11716,2022.10.02,Male,25.0,"$44,621.29",704.0,52499.4,EMP,Divorced,  Phoenix  ,Yes
APP-13047,2022.09.12,  Male  ,45.0,27607.01,637.0,24703.05,self-employed,Divorced,SAN DIEGO,1
APP-11508,"March 08, 2023",Male,36.0,"$118,703.23",564.0,26763.63,Employed,Married,NEW YORK,y
APP-11750,2022.11.06,female,41.0,"$100,750.54",749.0,26862.52,Employed,M,  Houston  ,y
APP-11104,2022-12-30,Male,47.0,27387,673.0,,  Employed  ,SINGLE,Philadelphia,0
APP-10660,11/30/2023,Male,61.0,31016.3,669.0,20421.51,self-employed,Single,new york,y
APP-12014,"February 22, 2022",Female,41.0,37373.32,,"$20,614.76",employed,MARRIED,Phoenix,Y
APP-12972,2022-02-01,male,,72268.64,665.0,38524.22,Freelancer,single,san diego,Yes
APP-10338,2023-06-04,M,25.0,30710,744.0,45916.82,unemployed,SINGLE,Phoenix,y
  APP-10215  ,2022-07-19,M,47.0,"$42,145.68",685.0,17877.87,Unemployed,Married,Chicago,1
APP-11615,2023.01.26,,29.0,"$20,168.06",741.0,14575.26,employed,Married,Philadelphia,Yes
APP-11341,"February 15, 2023",male,,"$146,485.34",552.0,19679.89,employed,Married,  New York  ,Yes
APP-12782,2023-06-13,Female,38.0,102690,725.0,"$22,334.53",Employed,Married,San Antonio,Yes
APP-12607,2022.12.21,M,41.0,,794.0,,self-employed,M,San Diego,0
APP-13105,2023-09-07,M,22.0,,799.0,22971.72,employed,Single,San Diego,Y
APP-12586,"June 28, 2023",Femal,22.0,"$21,721.43",584.0,18586.69,None,married,New York,Yes
APP-12312,"July 14, 2022",male,51.0,"$40,463.69",700.0,36946.46,employed,Single,San Diego,Yes
APP-12248,"September 25, 2023",male,48.0,"$55,327.05",743.0,"$20,409.02",Retired,M,San Antonio,Yes
APP-10101,2022-05-14,F,51.0,27569,700.0,51321.79,employed,MARRIED,Phoenix,n
APP-13046,2023-05-07,male,38.0,"  $24,806  ",816.0,,Self-Employed,single,New York,1
APP-10171,9999-99-99,Male,46.0,20955.48,627.0,29205.45,Unemployed,SINGLE,PHILADELPHIA,Y
APP-10107,20/12/2022,female,34.0,"$30,394.52",620.0,"$25,243.83",employed,,Houston,N
APP-12332,02/04/2023,Male,40.0,"$27,748.74",693.0,"$35,723.60",employed,Married,Los Angeles,1
APP-10485,2022-11-13,,70.0,"$58,456.05",649.0,"$12,345.00",Employed,divorced,Phoenix,1
APP-12442,2023-10-25,f,,"  $33,789  ",699.0,23024.85,self-employed,Married,chicago,N
APP-12223,16/11/2023,M,51.0,56348.85,777.0,"$46,234.30",,Married,New York,Yes
APP-12260,"February 15, 2022",,40.0,"  $29,297  ",847.0,54216.13,Unemployed,,Los Angeles,Y
APP-12230,2022-07-22,male,43.0,"$98,477.78",574.0,,Employed,Single,SAN ANTONIO,1
APP-12605,2022-03-28,Female,39.0,"  $70,699  ",578.0,22527.22,employed,divorced,Phoenix,Yes
APP-12590,"June 28, 2022",female,51.0,34675.14,,25653.84,Employed,married,Philadelphia,y
APP-12994,2023-02-25,Male,52.0,"  $148,144  ",523.0,17669.99,unemployed,M,San Antonio,n
APP-11040,2022-03-03,Male,28.0,"$33,765.79",618.0,25971.22,Unemployed,married,Los Angeles,N
  APP-11524  ,01/04/2023,Male,36.0,"$37,682.08",624.0,33428.33,,Single,LOS ANGELES,n
APP-12834,2022-07-03,Femal,32.0,95635.19,597.0,37716.17,Employed,Married,Chicago,y
APP-10481,2023-02-09,Female,41.0,24913.31,725.0,35399.46,Ret.,Married,Phoenix,N
APP-12364,22/04/2022,Female,61.0,"  $48,233  ",547.0,"$11,610.27",unemployed,Married,Phoenix,0
APP-12459,2022-12-30,F,21.0,"  $92,078  ",576.0,33280.39,  Employed  ,divorced,Chicago,Y
APP-11762,18/07/2023,Male,38.0,"  $83,209  ",637.0,"$58,894.54",Employed,Married,los angeles,Y
APP-12711,01/03/2022,Male,36.0,"$57,980.89",647.0,31885.29,None,,houston,Y
APP-12812,01/10/2023,,24.0,32032,684.0,34640.68,Employed,DIVORCED,Chicago,n
APP-12299,2022-06-27,FEMALE,44.0,"$48,392.33",672.0,25296.59,Retired,MARRIED,Los Angeles,1
APP-10405,2022-12-11,Femal,35.0,22449,733.0,42692.76,self-employed,Single,Houston,Yes
APP-10757,09/13/2022,M,26.0,"$28,328.32",796.0,"$31,453.09",employed,single,san antonio,n
APP-12175,24/01/2022,female,,67463.32,758.0,32458.71,Employed,Married,san antonio,1
APP-10097,"April 12, 2022",Female,35.0,39013.21,696.0,19565.33,Self-Employed,Married,San Diego,Yes
APP-11333,2023-02-03,Female,41.0,,691.0,"$30,388.65",Employed,Divorced,Houston,No
APP-12642,2022-11-09,male,33.0,56797.27,768.0,43312.68,employed,Single,houston,Yes
APP-13066,2022-06-19,FEMALE,64.0,"  $100,217  ",742.0,,Full-Time,MARRIED,New York,Y
APP-12374,2022-05-31,Male,36.0,"  $37,883  ",711.0,"$20,547.23",  Employed  ,Married,Philadelphia,0
  APP-12058  ,09/21/2023,m,31.0,129858,512.0,41094.66,retired,,PHILADELPHIA,Yes
APP-13199,2023-03-28,Female,27.0,78958.72,685.0,29378.99,Self-Employed,Married,Philadelphia,Yes
APP-10148,03/05/2022,female,52.0,37025.83,666.0,,Self-Employed,Married,Phoenix,Y
APP-10028,2023-07-15,Male,23.0,"  $41,347  ",697.0,53993.96,Self-Employed,married,Chicago,Yes
APP-12273,2022-03-11,female,35.0,47459.17,607.0,"$25,801.33",EMP,Married,Chicago,1
APP-12314,12/22/2022,female,31.0,29430,752.0,,unemployed,,SAN ANTONIO,1
APP-10692,2023-10-19,female,29.0,44841.41,781.0,32701.18,,,NEW YORK,N
APP-11386,2022-10-07,male,40.0,39910.42,532.0,"$25,747.95",,Married,Chicago,1
APP-11845,14/01/2022,Female,48.0,"  $24,416  ",636.0,"$35,997.72",  Employed  ,S,Los Angeles,Yes
APP-12276,2023.06.02,Male,45.0,94895.23,649.0,40642.5,EMP,,  New York  ,Y
APP-11599,"June 26, 2022",female,49.0,"  $110,422  ",649.0,"$50,024.54",Employed,Divorced,chicago,0
APP-10701,2022-11-23,M,34.0,"$41,694.47",571.0,"$38,483.02",Employed,Divorced,San Diego,Y
APP-11708,2022-08-21,Female,31.0,54877.75,703.0,48108.39,Full-Time,Single,Phoenix,Yes
APP-10454,"December 10, 2023",male,38.0,,710.0,21339.99,Unemployed,Single,Phoenix,0
APP-12040,2023-03-23,M,27.0,"$27,979.78",643.0,"$31,277.96",Employed,Single,Chicago,n
APP-12323,17/09/2022,male,21.0,48323,625.0,"$35,400.66",employed,MARRIED,Phoenix,Y
APP-10609,"January 16, 2023",  Female  ,19.0,"$22,934.49",620.0,25414.92,Employed,single,Houston,1
APP-10167,"April 14, 2023",Male,44.0,"$135,170.83",552.0,,Employed,Married,San Diego,Y
APP-10730,14/11/2022,F,40.0,"$41,815.77",698.0,"$50,967.13",  Employed  ,Single,CHICAGO,Y
APP-12394,07/10/2022,,50.0,"  $156,975  ",615.0,"$49,514.44",Employed,Married,PHILADELPHIA,No
APP-12971,2022-05-21,MALE,63.0,"  $123,249  ",687.0,24387.07,Retired,single,Philadelphia,No
,17/09/2022,,46.0,20936.73,718.0,"$28,964.90",employed,Married,Phoenix,N
APP-11622,2022-05-05,Female,34.0,24099,618.0,32405.09,Unemployed,Married,San Antonio,y
APP-10587,"June 26, 2023",Male,48.0,"$74,020.41",656.0,,  Employed  ,SINGLE,New York,0
APP-11401,2022-12-19,Female,52.0,"  $63,413  ",665.0,13498.58,Unemployed,M,Houston,0
APP-11700,08/26/2023,male,33.0,41872.77,-100.0,22747.9,Employed,married,phoenix,Y
APP-12424,2023.08.19,male,71.0,135235,611.0,32198.03,  Employed  ,Single,houston,Yes
APP-12621,16/01/2022,M,47.0,"  $35,095  ",716.0,"$33,505.87",,married,  San Diego  ,n
  APP-11379  ,08/14/2022,m,39.0,"$112,471.11",755.0,15366.31,Ret.,MARRIED,New York,Y
APP-12089,2022.06.07,male,22.0,75829,669.0,16824.36,employed,SINGLE,New York,Yes
APP-12409,2023-05-02,Male,24.0,167403.94,737.0,"$10,156.32",EMP,Single,San Diego,Yes
APP-12321,"January 24, 2022",MALE,40.0,,594.0,27088.67,Pensioner,Married,PHILADELPHIA,Y
APP-12698,2022-11-01,  Male  ,37.0,45173,676.0,20697.61,UNEMP,Married,Chicago,Yes
APP-10441,2022-08-31,m,20.0,,838.0,29466.33,Self Employed,Married,philadelphia,y
APP-12051,2022-10-12,female,47.0,"$44,972.38",687.0,23022.14,employed,,los angeles,Yes
APP-11301,2023-06-09,MALE,25.0,"$38,320.95",647.0,21243.01,Employed,Married,  Houston  ,N
APP-12810,2023.11.04,Female,21.0,,,20466.9,Self-Employed,Married,San Antonio,1
APP-11304,2023-09-15,Female,,"  $104,817  ",694.0,24507.62,Retired,Single,  San Diego  ,y
APP-10236,2022-10-26,MALE,49.0,"$115,210.82",691.0,32808.85,Self-Employed,S,San Antonio,No
APP-10520,07/28/2022,male,32.0,"$36,380.02",735.0,"$36,342.59",Unemployed,Married,Chicago,y
APP-10735,2023-10-02,Female,45.0,45545,706.0,21047.81,Employed,Married,Phoenix,N
APP-12937,06/06/2023,Female,47.0,"$30,374.55",676.0,21571.59,Employed,Single,  New York  ,n
APP-12106,04/21/2022,Male,40.0,"$33,633.27",707.0,"$21,119.85",Self-Employed,Married,San Antonio,No
APP-10592,09/17/2023,Male,45.0,,785.0,"$24,807.93",Retired,Married,San Diego,Yes
APP-11303,"January 03, 2022",Male,44.0,"$78,751.70",799.0,,Employed,S,Chicago,n
APP-11387,"February 22, 2023",Male,41.0,,696.0,"$22,309.59",Self Employed,married,  Phoenix  ,1
APP-13098,"March 15, 2022",m,38.0,"$72,945.46",793.0,35343.4,Self-Employed,,New York,0
APP-12470,21/09/2022,Female,47.0,99777.15,672.0,"$26,889.84",employed,married,Phoenix,1
APP-13088,2023-08-02,Male,,25681.34,727.0,23139.72,Employed,Married,Philadelphia,Yes
  APP-10904  ,2023-01-15,Female,48.0,"  $213,147  ",757.0,"$41,887.55",Freelancer,DIVORCED,Houston,1
APP-12815,2022-12-09,,50.0,"$47,557.66",666.0,30612.21,Unemployed,SINGLE,SAN ANTONIO,1
APP-11279,"May 03, 2023",,38.0,"$99,517.72",831.0,,Unemployed,Divorced,los angeles,Y
  APP-12655  ,2022-07-26,Female,,"  $68,372  ",,,self-employed,MARRIED,Los Angeles,Y
APP-13182,2023-03-03,  Male  ,34.0,"$62,204.60",750.0,27119.14,Employed,DIVORCED,Chicago,1
APP-11076,03/02/2023,Male,52.0,33903.48,654.0,"$32,944.70",EMP,Single,Los Angeles,y
APP-12726,07/11/2023,Femal,34.0,39540,580.0,10789.26,retired,Married,New York,No
APP-12634,17/06/2023,non-binary,37.0,24531,806.0,20201.28,unemployed,Single,Phoenix,N
APP-10706,2022-10-15,Male,,98520.87,,28033.54,Self Employed,MARRIED,Philadelphia,0
APP-12923,2022-10-10,  Male  ,57.0,"$44,741.40",791.0,32835.75,Employed,Single,Houston,n
APP-10745,03/17/2023,Female,24.0,"  $31,808  ",738.0,23191.29,  Employed  ,divorced,Los Angeles,No
APP-11939,31/07/2022,Male,28.0,,671.0,"$22,228.95",Employed,married,CHICAGO,1
APP-13192,2022.04.01,Female,49.0,"$37,795.06",610.0,33383.97,Employed,M,Houston,Y
,2023.07.08,F,45.0,"$40,520.76",621.0,"$29,611.16",Unemployed,Single,Los Angeles,n
APP-10081,"March 11, 2023",Female,32.0,"  $106,144  ",804.0,"$49,596.41",self-employed,Single,  Philadelphia  ,1
  APP-11308  ,2022-07-05,  Male  ,24.0,74276,611.0,69583.02,unemployed,Single,houston,Y
APP-12759,"December 01, 2022",female,33.0,51773.71,,22922.95,Employed,married,San Antonio,Yes
APP-10914,2023-02-16,  Male  ,51.0,"  $44,629  ",774.0,"$27,606.64",EMP,Married,Houston,No
APP-13055,2022-10-26,female,33.0,47733.9,707.0,36302.28,UNEMP,single,NEW YORK,1
APP-10774,2022-02-04,Female,37.0,"  $23,782  ",691.0,43471.73,Employed,Married,San Diego,y
APP-10329,04/01/2023,MALE,,"$111,777.39",708.0,21987.42,unemployed,Married,san diego,y
APP-12054,"October 11, 2022",Female,26.0,"$49,643.28",748.0,"$24,929.59",employed,single,Phoenix,y
APP-12001,2022.10.06,m,30.0,"$38,550.22",729.0,20716.35,Employed,Single,Houston,1
APP-10943,2023.06.25,Female,19.0,"$10,000,000.00",649.0,52974.29,Employed,single,los angeles,Y
APP-10822,22/07/2023,Male,52.0,133758.97,,55084.39,Employed,Single,San Diego,No
APP-10909,2023-04-03,OTH,55.0,34663,690.0,34947.51,EMP,Married,Houston,N
APP-10181,16/09/2022,M,29.0,"$20,570.44",627.0,36853.92,  Employed  ,DIVORCED,phoenix,Y
APP-10164,12/02/2022,Male,,"$54,106.11",849.0,36503.44,,Married,San Diego,Yes
APP-11523,26/04/2022,,36.0,"$101,397.19",716.0,"$19,231.29",Self Employed,Married,SAN DIEGO,y
APP-10451,25/09/2022,Female,,"$103,926.02",636.0,"$28,295.76",Employed,S,los angeles,N
APP-11311,11/28/2022,F,,"  $42,887  ",762.0,"$26,892.71",Self-Employed,married,Chicago,1
APP-11111,"May 29, 2022",female,50.0,53081.2,828.0,17461.17,Employed,Single,San Diego,No
APP-12756,"March 23, 2023",,61.0,"$71,805.13",649.0,20656.52,Retired,Married,San Diego,N
APP-11287,2023-11-18,M,62.0,"$23,596.26",617.0,13921.86,Employed,Married,Los Angeles,Y
APP-10327,14/10/2023,Female,41.0,"$93,799.20",50.0,"$26,324.83",Self-Employed,Single,SAN ANTONIO,0
APP-11790,2023-11-01,Male,29.0,"$93,962.29",590.0,18019.42,Employed,Married,Houston,No
APP-13162,05/01/2023,other,19.0,30465,,"$28,409.49",Employed,Single,houston,y
APP-12007,23/05/2023,Female,36.0,"$109,460.20",631.0,36286.11,employed,Married,Houston,n
APP-11858,2022-11-13,Male,41.0,"  $54,132  ",782.0,39900.56,retired,MARRIED,Philadelphia,y
APP-10312,05/11/2022,,56.0,86161.11,,"$15,471.35",retired,Married,Chicago,Y
APP-10832,2022-12-25,Male,49.0,50552,648.0,36401.15,employed,MARRIED,Los Angeles,1
APP-11201,26/07/2023,Male,44.0,"$39,860.92",612.0,29763.25,Employed,DIVORCED,chicago,1
APP-12563,2022.02.07,,49.0,20100,719.0,22364.92,  Employed  ,Married,San Antonio,Y
APP-12181,19/01/2022,MALE,30.0,41224,657.0,"$35,199.58",Self-Employed,SINGLE,Phoenix,0
APP-12134,2022-02-28,F,30.0,"$179,908.29",655.0,29750.55,UNEMP,S,New York,y
APP-13147,07/25/2023,Male,63.0,"$119,505.34",756.0,"$21,083.16",self-employed,Married,Phoenix,Yes
APP-11481,09/23/2022,M,37.0,24395,736.0,"$38,357.22",Employed,Married,SAN DIEGO,0
APP-10777,2023.07.25,Female,47.0,,725.0,"$20,984.47",employed,Married,san diego,y
APP-10799,09/01/2023,female,21.0,"$65,300.23",638.0,32130.49,self-employed,Divorced,chicago,n
APP-10054,2023-02-31,Female,44.0,27808.63,705.0,15361.3,Unemployed,Single,San Antonio,n
APP-11920,2023-10-09,,42.0,40195.52,738.0,30124.59,  Employed  ,MARRIED,San Diego,Y
APP-12860,"February 26, 2023",Female,30.0,"$40,262.61",9999.0,"$12,380.39",Pensioner,Single,San Diego,No
  APP-12390  ,20/01/2023,Female,49.0,,783.0,,EMP,Married,San Diego,No
APP-11701,2023-09-25,Female,44.0,"  $40,838  ",,"$33,371.80",Self-Employed,Married,Philadelphia,Y
APP-12161,2022.12.21,  Male  ,55.0,"$96,320.70",701.0,"$17,046.63",Self-Employed,S,Chicago,n
APP-13107,2023-09-26,m,52.0,"$50,752.38",579.0,50414.38,Self-Employed,Married,chicago,1
APP-10987,02/12/2022,female,55.0,"$57,351.52",678.0,15277.35,Employed,married,Philadelphia,N
APP-12819,2022-09-18,female,64.0,"$110,785.48",650.0,"$29,422.49",Pensioner,Single,Chicago,0
APP-11394,"November 22, 2023",female,45.0,"$40,548.29",622.0,"$33,886.83",Self-Employed,married,San Antonio,N
APP-10768,2022-01-29,Male,,80225.55,577.0,23302.53,employed,Divorced,san antonio,N
,2022-11-29,female,19.0,94521.38,681.0,27462.93,Unemployed,Single,San Diego,Yes
APP-10285,12/11/2023,Male,38.0,"$48,025.01",834.0,30082.95,unemployed,Married,chicago,No
APP-12920,Unknown,Male,32.0,"$164,141.50",692.0,23293.31,unemployed,married,Philadelphia,Yes
,29/04/2022,male,32.0,"  $20,833  ",618.0,32213.11,unemployed,married,Los Angeles,Yes
APP-12079,"December 26, 2023",M,19.0,,588.0,37781.36,Employed,Married,New York,Y
APP-10722,2022-03-03,Female,,63829.75,624.0,43547.92,EMP,Single,Phoenix,y
APP-10951,2023-02-07,,26.0,"$156,398.71",697.0,16877.76,,married,San Antonio,N
APP-10989,12/07/2023,MALE,36.0,36203,721.0,"$8,389.05",Employed,Married,New York,Yes
APP-10219,2022.12.22,m,,"$30,022.89",654.0,"$12,345.00",EMP,single,Houston,N
APP-12249,"January 13, 2022",male,37.0,"$64,194.80",666.0,41896.01,Employed,MARRIED,San Antonio,0
APP-10326,2023.02.07,female,,61643,636.0,43718.58,EMP,S,San Antonio,Yes
APP-11383,"August 22, 2023",Male,19.0,"$115,143.53",,"$29,047.63",employed,Single,Phoenix,N
APP-11724,2022-12-15,,27.0,"$62,373.74",774.0,28302.17,Self-Employed,Married,PHOENIX,1
APP-11086,2023.09.26,Male,51.0,"  $39,057  ",694.0,"$36,403.31",Self-Employed,Married,  Phoenix  ,0
APP-10341,2023.11.26,Female,26.0,,705.0,24037.88,Unemployed,married,houston,1
APP-10147,2023-12-27,Female,44.0,,715.0,11677.28,employed,Married,Phoenix,Y
APP-12589,2022-11-06,male,34.0,105977,666.0,"$43,516.41",Ret.,married,  Chicago  ,0
APP-11107,2023-05-26,  Male  ,20.0,33431,591.0,"$27,915.66",Employed,divorced,Philadelphia,Yes
APP-10848,2022-06-21,Male,42.0,24046,670.0,,Retired,married,Philadelphia,y
APP-10966,Unknown,Femal,49.0,53707.0,704.0,27425.37,self-employed,Married,New York,Yes
APP-12725,13/04/2023,male,44.0,55722.71,638.0,"$18,311.29",Retired,single,Philadelphia,y
APP-12203,"May 12, 2023",Male,29.0,"  $59,366  ",729.0,"$40,630.12",Freelancer,,Chicago,Y
APP-10661,2022-01-01,MALE,53.0,120358.74,652.0,21809.47,Full-Time,Married,  Phoenix  ,n
APP-11002,2023-11-01,female,42.0,75362,776.0,"$30,092.96",,MARRIED,San Antonio,n
APP-12591,2023-11-23,,42.0,"$79,878.76",718.0,37472.44,employed,Single,PHILADELPHIA,n
APP-12784,24/07/2023,Female,52.0,56328.95,676.0,"$31,883.05",employed,Married,houston,Yes
APP-12938,12/04/2022,Male,33.0,"$80,190.22",626.0,69619.91,Self-Employed,Single,new york,y
APP-11879,2023-11-04,male,42.0,"$138,350.15",680.0,"$30,852.85",employed,Single,San Diego,n
APP-13118,12/20/2022,Male,42.0,46658.4,725.0,31336.51,employed,married,  Philadelphia  ,0
APP-11203,06/01/2023,  Male  ,52.0,"$27,327.34",701.0,"$40,198.75",Ret.,M,  Phoenix  ,N
APP-11990,2022-04-23,Male,45.0,"$46,694.28",757.0,"$22,875.75",Employed,divorced,PHOENIX,Yes
APP-10024,"September 27, 2022",Female,31.0,"$71,695.86",733.0,61239.43,employed,Married,Chicago,1
APP-13111,28/07/2023,Male,30.0,"  $55,123  ",771.0,"$60,308.24",UNEMP,Single,San Antonio,0
APP-12246,15/09/2022,Male,41.0,"  $25,668  ",651.0,40257.09,employed,Single,  Philadelphia  ,y
APP-12303,2022-05-05,M,39.0,92349,646.0,"$28,892.97",Employed,M,New York,Y
APP-12548,"September 02, 2022",Other,47.0,179824.22,689.0,"$45,980.30",Unemployed,divorced,chicago,Yes
APP-10875,2022-07-25,Male,19.0,,685.0,34218.24,Employed,Married,san antonio,y
  APP-12981  ,06/01/2023,Femal,28.0,"$99,704.66",673.0,28198.57,None,Married,  Houston  ,1
APP-10938,09/06/2022,Female,34.0,"$93,244.47",788.0,36663.71,Self-Employed,Single,San Antonio,Y
APP-12772,2023-09-19,MALE,39.0,0,681.0,37370.59,Employed,married,chicago,Y
APP-10419,01/06/2023,Female,37.0,"$61,565.92",688.0,"$12,345.00",Employed,Single,Philadelphia,y
APP-10385,"March 27, 2022",Male,35.0,"  $23,332  ",670.0,35666.16,self-employed,MARRIED,San Diego,n
APP-12542,07/01/2022,Female,50.0,"$34,633.61",593.0,18237.7,Employed,M,Houston,y
APP-13178,06/06/2023,Male,41.0,,723.0,"$22,984.17",Unemployed,Single,Phoenix,n
APP-12436,2022-05-11,non-binary,31.0,103702,664.0,28400.1,Unemployed,married,HOUSTON,y
APP-12315,08/09/2023,Male,40.0,89769,692.0,23509.54,employed,Single,San Diego,Y
APP-10936,2023-09-20,Male,59.0,27545.49,657.0,"$24,347.70",Employed,M,Houston,N
APP-12854,2022-03-17,female,33.0,"$66,642.96",730.0,31100.74,EMP,Married,New York,1
APP-12715,26/04/2022,male,33.0,90656.79,618.0,15202.13,Employed,MARRIED,HOUSTON,0
APP-11332,08/11/2023,F,43.0,25361.01,662.0,24781.79,Retired,MARRIED,Chicago,y
APP-11934,"June 09, 2022",female,34.0,"$31,593.56",631.0,59722.56,Employed,Single,Los Angeles,1
APP-10935,2023-09-29,Male,40.0,60999.34,568.0,"$48,098.33",Employed,Married,Philadelphia,y
APP-10566,09/12/2023,MALE,38.0,,686.0,23720.3,employed,,Chicago,Y
APP-11854,07/03/2022,Female,37.0,125259.93,828.0,"$21,823.86",Unemployed,Married,Phoenix,0
APP-12682,2022-06-27,,45.0,"$63,329.39",734.0,"$57,972.67",Full-Time,Single,Philadelphia,0
APP-11645,2023-07-09,,41.0,"$107,646.38",707.0,"$9,599.57",Employed,MARRIED,New York,1
  APP-12349  ,2022.02.12,MALE,34.0,31831.88,611.0,"$29,468.48",Employed,Married,San Antonio,1
APP-11792,2022-07-08,male,19.0,47196,674.0,"$20,601.42",employed,Single,New York,0
APP-11430,2022-07-20,female,49.0,74020.42,645.0,"$35,273.29",unemployed,Married,New York,0
APP-12570,2022-04-01,M,50.0,"$67,152.77",568.0,"$36,545.74",EMP,Married,San Antonio,No
APP-11013,2023-10-10,Male,36.0,"$52,961.47",768.0,20401.13,  Employed  ,Married,San Diego,No
APP-11928,12/28/2023,Female,41.0,"$22,260.88",,24933.15,Full-Time,Married,San Antonio,Y
APP-12494,2023-11-14,Male,54.0,"$166,693.34",634.0,"$19,498.90",Unemployed,Single,New York,Y
APP-10126,11/08/2023,  Male  ,42.0,91079.14,713.0,23890.56,Employed,single,San Diego,y
APP-12320,2023.05.31,Male,42.0,31072.47,,52214.38,Employed,Married,PHILADELPHIA,n
APP-11347,2022-04-08,  Female  ,48.0,46338.1,646.0,27610.0,employed,Married,San Antonio,y
APP-10355,03/23/2022,male,37.0,"$28,768.22",725.0,46980.92,Employed,married,  San Diego  ,1
APP-10827,2022-10-06,,27.0,48008.5,711.0,50285.82,EMP,Single,CHICAGO,1
APP-11639,07/10/2023,Female,56.0,45337,703.0,"$35,427.24",Employed,Single,Houston,1
APP-10984,2022-08-07,,32.0,"$72,758.41",752.0,28348.85,EMP,Married,San Diego,Yes
APP-12188,04/12/2023,  Female  ,44.0,"$55,897.86",671.0,45623.57,retired,M,Los Angeles,y
APP-10362,2022-08-18,Male,51.0,,700.0,23530.64,Employed,Married,New York,n
APP-10345,2023-07-04,Male,59.0,89212.76,786.0,23277.7,Employed,married,Houston,0
APP-12282,2023-12-05,,30.0,"  $46,236  ",693.0,"$27,966.31",EMP,Married,  Phoenix  ,1
APP-12813,2022-02-20,Male,31.0,50076.57,572.0,"$31,765.33",  Employed  ,,Philadelphia,1
APP-10711,2022-04-25,Male,46.0,,679.0,"$41,102.80",Unemployed,married,San Diego,y
APP-12285,04/04/2022,MALE,46.0,"$133,574.51",619.0,41465.09,self-employed,single,Phoenix,1
APP-10010,2023-07-26,,55.0,"  $37,551  ",742.0,"$34,223.88",Employed,single,San Diego,Y
APP-12671,20/07/2023,Male,34.0,"$29,911.24",684.0,35719.93,Employed,Married,Phoenix,1
APP-12116,2023-08-26,  Female  ,25.0,67409,621.0,41091.81,Self-Employed,married,san antonio,n
APP-11834,2023-06-05,Female,28.0,41828.47,622.0,12727.91,Unemployed,Single,San Antonio,1
  APP-10793  ,2022-03-22,M,24.0,0,672.0,29115.36,employed,Single,San Antonio,Y
APP-13139,2022-02-06,Female,49.0,"$49,592.03",703.0,,Employed,Married,Philadelphia,Yes
APP-10094,2022.06.03,male,,34937,721.0,69918.36,None,married,San Antonio,1
APP-10129,15/10/2022,male,56.0,"  $99,340  ",625.0,21863.48,Employed,married,Houston,N
APP-12483,2023.01.28,Femal,59.0,"$44,351.25",785.0,29054.14,Pensioner,Married,Houston,1
APP-10569,19/08/2023,F,20.0,"$105,151.56",604.0,24589.31,Self Employed,single,san antonio,Yes
APP-12263,2022-05-08,Male,19.0,81259.39,620.0,"$14,629.92",Employed,married,Chicago,y
APP-11900,"June 14, 2022",male,40.0,"$57,441.05",850.0,21299.57,Employed,married,Phoenix,No
APP-12793,2023-02-06,M,56.0,0,,28039.48,Self-Employed,SINGLE,philadelphia,n
APP-12648,2023-09-24,male,42.0,"$64,502.74",704.0,28717.66,EMP,married,Los Angeles,Y
APP-11932,04/09/2023,Male,40.0,"$120,996.22",750.0,,employed,Married,Houston,Yes
APP-12380,2022-10-24,Female,48.0,52399.02,465.0,48747.58,employed,Married,Phoenix,N
  APP-11865  ,2023-12-27,Male,46.0,115714.65,704.0,"$27,255.37",employed,married,PHOENIX,Yes
APP-11658,2022-05-14,F,37.0,"  $116,348  ",594.0,,self-employed,single,San Diego,Y
APP-10516,2022-08-20,M,19.0,"$30,201.54",659.0,19339.17,self-employed,Single,San Diego,Y
APP-11857,2023.03.31,Female,42.0,"$89,467.19",689.0,27872.26,  Employed  ,Married,San Diego,0
APP-12243,05/20/2022,Female,25.0,27824.57,594.0,16482.77,employed,MARRIED,San Diego,Yes
APP-11277,2022-12-07,male,57.0,"$99,875.34",850.0,24229.24,Employed,single,  Chicago  ,No
APP-10950,2023-12-07,,38.0,"$69,581.78",629.0,29646.8,Retired,married,  San Antonio  ,y
APP-11120,10/14/2022,Male,55.0,51583.64,691.0,22754.92,Retired,Single,San Antonio,n
APP-12204,2023-12-12,F,29.0,"  $49,980  ",719.0,20283.21,employed,Married,PHILADELPHIA,Y
APP-10419,01/06/2023,Female,37.0,"$61,565.92",688.0,"$21,247.95",Employed,Single,Philadelphia,y
APP-10922,2022-12-24,Male,19.0,78461,804.0,45503.81,Full-Time,Married,Los Angeles,Yes
APP-12439,"May 12, 2023",M,50.0,"$69,820.10",,32397.21,Self-Employed,Married,  San Diego  ,Yes
APP-10477,2022-01-03,M,51.0,"  $21,446  ",,23521.76,Unemployed,single,san diego,Y
APP-12035,2023.06.29,Female,50.0,,671.0,"$29,709.40",None,,Houston,Yes
APP-12415,12/29/2023,Female,46.0,"$23,934.86",640.0,27049.09,Employed,Married,  Chicago  ,y
APP-11692,12/08/2022,Female,61.0,"  $25,013  ",755.0,,self-employed,DIVORCED,san antonio,Y
APP-12453,"May 21, 2023",Female,47.0,"$36,542.17",586.0,42978.46,Self-Employed,Single,Philadelphia,y
APP-11471,2023-11-10,Male,,"$47,327.38",717.0,22837.98,self-employed,SINGLE,Philadelphia,Yes
APP-11202,2022-11-22,Female,33.0,"  $58,155  ",667.0,14207.83,None,Single,San Antonio,Yes
APP-11669,2023.06.03,MALE,48.0,"$72,701.03",613.0,30692.25,Self-Employed,S,Phoenix,Yes
APP-11828,25/06/2022,female,33.0,"$37,655.19",677.0,,Employed,single,  San Antonio  ,y
APP-11970,2023-02-08,female,41.0,98357,520.0,"$54,553.91",  Employed  ,MARRIED,San Diego,0
APP-12151,"October 31, 2022",Male,36.0,25098.94,,"$31,809.38",Ret.,M,Phoenix,1
APP-10820,11/12/2023,Male,40.0,"  $44,021  ",599.0,"$46,207.58",Employed,single,  Los Angeles  ,Y
APP-11997,2022-07-12,M,53.0,"  $64,768  ",747.0,"$23,986.93",Employed,Married,Philadelphia,Y
APP-11118,"May 11, 2023",  Female  ,46.0,21903.54,733.0,"$12,345.00",UNEMP,M,  Chicago  ,Y
APP-11248,2023-08-03,,35.0,53042,529.0,49126.5,Retired,Married,Houston,Yes
  APP-11753  ,15/07/2022,f,37.0,43133.72,712.0,47153.79,Ret.,Single,Houston,Y
APP-13072,"May 03, 2023",F,19.0,"$55,893.50",741.0,31311.98,Employed,Divorced,Houston,Y
  APP-12190  ,2023-04-10,F,50.0,"$55,560.77",668.0,17432.12,self-employed,Single,Houston,Yes
  APP-12891  ,"May 08, 2023",female,38.0,"$33,379.19",706.0,39911.52,Employed,Married,Los Angeles,Y
APP-11046,14/11/2023,m,42.0,"$67,620.89",672.0,"$26,046.64",EMP,Married,San Diego,Yes
  APP-11888  ,06/09/2023,Male,57.0,43354.72,,25267.46,Employed,Single,Houston,N
APP-10615,2023.08.26,MALE,35.0,"  $38,089  ",688.0,41301.57,employed,Single,SAN DIEGO,N
APP-11318,09/15/2022,female,25.0,"  $114,756  ",,,Employed,Married,New York,Yes
APP-13190,06/09/2023,,53.0,"$49,783.29",687.0,28737.35,Unemployed,Married,Los Angeles,N
APP-12136,21/10/2023,Female,67.0,71354.94,619.0,,unemployed,Single,chicago,0
APP-12720,2022-11-11,Female,36.0,,584.0,25857.97,  Employed  ,S,San Antonio,Y
  APP-11772  ,2022-08-17,,,98135,662.0,24730.3,Unemployed,married,Chicago,Yes
APP-12453,"May 21, 2023",Female,47.0,"$36,542.17",586.0,42978.46,Self-Employed,Single,Philadelphia,y
APP-10131,"June 14, 2023",  Female  ,27.0,,785.0,"$22,794.67",Employed,Married,San Diego,1
APP-10077,16/02/2023,Female,54.0,51385.87,779.0,45872.03,Ret.,Married,san antonio,No
APP-12052,2023-06-18,Female,51.0,55958.29,631.0,18158.73,Employed,Married,SAN ANTONIO,No
APP-10724,"May 12, 2022",FEMALE,58.0,,662.0,35900.07,employed,Single,Phoenix,No
APP-11314,2023.02.12,M,26.0,"  $21,056  ",765.0,29012.13,UNEMP,married,San Diego,N
APP-11851,2023.03.14,Female,47.0,80801.21,850.0,23915.85,Employed,D,Phoenix,n
APP-10779,2022-09-14,F,28.0,"$53,456.27",790.0,"$32,618.40",self-employed,Single,Philadelphia,No
APP-12949,2023-05-17,male,23.0,"$32,765.47",646.0,"$53,244.03",Full-Time,SINGLE,  New York  ,y
APP-12749,06/07/2022,Female,33.0,"$25,983.71",623.0,"$21,143.22",Employed,single,Phoenix,y
APP-11372,2022.08.04,m,53.0,"$68,537.18",678.0,32802.66,employed,married,Los Angeles,n
APP-11855,2022-02-13,Female,45.0,26280,755.0,38100.48,Employed,single,Houston,0
APP-11319,"October 26, 2022",M,27.0,24770,,16512.68,Self-Employed,Married,Philadelphia,1
APP-13177,2022-12-25,M,36.0,20586.92,678.0,27245.54,employed,Married,Los Angeles,Y
APP-12407,2023-09-05,m,62.0,26394.16,623.0,"$27,976.15",employed,Married,Chicago,0
APP-10375,10/20/2023,Female,27.0,,708.0,26013.44,employed,D,San Diego,Y
APP-11908,2023-02-26,  Male  ,26.0,,722.0,70289.55,,Married,Chicago,n
APP-10333,17/11/2023,female,0.0,"$117,277.81",651.0,20036.57,EMP,single,San Diego,n
APP-12498,2023-03-22,female,47.0,"$47,396.72",657.0,,Unemployed,M,san diego,y
APP-12550,"April 17, 2023",female,29.0,200499.36,679.0,25081.63,Employed,M,Los Angeles,1
APP-11604,28/04/2023,male,44.0,,686.0,28049.55,Employed,married,  Chicago  ,1
APP-11118,"May 11, 2023",  Female  ,46.0,21903.54,733.0,12360.36,UNEMP,M,  Chicago  ,Y
APP-13129,20/08/2022,Male,38.0,42591.0,766.0,25195.45,Employed,Married,Los Angeles,Yes
APP-11943,2023.02.08,Male,31.0,49823.08,628.0,29400.1,EMP,SINGLE,Houston,n
APP-12614,29/01/2022,Female,27.0,"$90,544.06",596.0,,Employed,D,  Houston  ,y
APP-12789,09/02/2022,Female,39.0,"  $40,296  ",671.0,,unemployed,S,PHILADELPHIA,Y
APP-11342,2023-07-21,F,19.0,97768.07,669.0,32434.05,EMP,Married,Chicago,Yes
APP-10320,04/02/2022,Female,42.0,57219,698.0,"$45,367.12",EMP,married,Chicago,No
APP-11619,2023-09-20,  Female  ,19.0,"  $64,988  ",740.0,"$34,588.56",employed,Single,Chicago,No
APP-12704,"April 15, 2023",  Male  ,36.0,"$95,746.12",825.0,30463.98,Self-Employed,SINGLE,phoenix,0
APP-12060,2022-04-26,Male,32.0,"$47,055.25",678.0,53281.43,Ret.,Married,New York,Y
APP-12219,2022-06-07,MALE,-8.0,37253,626.0,"$52,960.59",employed,Married,New York,N
APP-11673,13/03/2023,,24.0,"  $32,228  ",595.0,31139.51,employed,,San Diego,N
APP-11942,2023-01-25,Male,38.0,24277,647.0,63074.48,Self Employed,Married,Philadelphia,1
APP-10260,2022-11-16,female,31.0,"$100,314.14",,40619.71,Employed,Married,san diego,1
APP-13141,2022-02-01,FEMALE,27.0,,664.0,42218.9,self-employed,MARRIED,New York,Y
APP-12039,2023-05-04,Female,24.0,"$40,499.50",710.0,,Unemployed,Married,Philadelphia,Yes
APP-10689,14/12/2022,  Female  ,48.0,88302.69,761.0,15316.24,Retired,Single,Chicago,0
APP-10901,2022-01-31,male,31.0,34488.52,602.0,33575.96,employed,Single,Philadelphia,y
APP-12306,02/06/2023,Female,52.0,46799.86,684.0,43576.82,Self Employed,Married,Phoenix,Y
APP-12026,2023-01-01,Male,42.0,,609.0,"$17,508.25",Self-Employed,SINGLE,Chicago,1
APP-10138,10/12/2022,Male,19.0,"$60,375.22",660.0,30441.33,Full-Time,single,Houston,y
APP-11917,2022.05.16,Male,19.0,"$94,769.89",545.0,22899.65,Self-Employed,married,San Antonio,No
APP-11828,25/06/2022,female,33.0,"$37,655.19",677.0,,Employed,single,  San Antonio  ,y
APP-11573,2022-06-02,Female,,69351.37,724.0,32231.73,Employed,Single,Chicago,Y
APP-10319,12/23/2022,F,56.0,60713,630.0,"$22,075.19",,Married,New York,Yes
APP-10653,01/01/2022,Female,34.0,,762.0,"$35,051.02",self-employed,married,  Los Angeles  ,n
APP-12137,"March 14, 2022",female,38.0,33854.42,779.0,28805.67,unemployed,Single,  San Diego  ,0
APP-12571,02/11/2022,M,44.0,"  $23,018  ",721.0,"$30,948.17",self-employed,MARRIED,Philadelphia,Yes
APP-10558,09/16/2022,male,36.0,,682.0,16005.35,,Married,Houston,n
APP-12187,2023-12-30,female,,"$86,992.70",673.0,20519.18,  Employed  ,Married,San Antonio,N
APP-10112,07/01/2022,f,20.0,,599.0,17914.55,Employed,,San Diego,0
APP-10531,10/07/2022,male,41.0,245709,572.0,45965.38,Self-Employed,Married,San Diego,n
APP-10224,12/01/2023,OTH,33.0,"$22,937.28",648.0,61542.77,Employed,Single,CHICAGO,Yes
  APP-10723  ,2023.02.04,M,42.0,"$32,700.54",529.0,20689.89,EMP,married,PHOENIX,0
APP-12684,01/01/2022,Female,27.0,"$90,192.10",703.0,34160.82,Unemployed,Single,New York,Yes
APP-12843,"April 22, 2023",male,45.0,28077,621.0,24717.77,  Employed  ,single,Los Angeles,y
APP-11433,"April 29, 2022",female,26.0,27620,659.0,,employed,single,New York,Y
APP-12373,2023-08-31,female,210.0,27536.64,850.0,21108.44,Self Employed,single,Phoenix,Yes
APP-12579,"July 29, 2023",Female,39.0,86216.47,687.0,33729.28,employed,Married,NEW YORK,0
APP-12650,"February 20, 2023",  Female  ,19.0,"  $44,264  ",600.0,21629.05,  Employed  ,MARRIED,PHILADELPHIA,y
APP-11458,"December 28, 2023",Male,61.0,"$75,564.70",,37316.93,Employed,Married,  San Antonio  ,Y
APP-12988,2023-06-08,Male,32.0,"$99,999,999",762.0,19285.9,,married,New York,Yes
APP-10846,05/31/2023,female,53.0,56220.45,661.0,46923.72,Self-Employed,Married,New York,y
APP-10193,2022-04-10,m,39.0,27980,788.0,"$23,225.07",Employed,Married,Chicago,1
APP-11464,29/03/2023,Male,52.0,,729.0,23260.61,Pensioner,M,Philadelphia,0
APP-10946,17/11/2023,m,35.0,,807.0,40176.24,,Single,Phoenix,y
APP-12021,09/18/2022,  Male  ,32.0,,550.0,,employed,Divorced,New York,Yes
APP-11629,10/25/2022,Male,43.0,"  $25,946  ",439.0,"$23,991.27",UNEMP,Single,Los Angeles,Y
APP-10117,2022-01-31,F,43.0,"$23,863.46",604.0,,Employed,single,  San Antonio  ,Yes
APP-10645,"February 16, 2023",Male,24.0,45353,701.0,48836.21,Employed,Married,San Diego,No
APP-11870,2022-05-17,Male,23.0,31811.5,850.0,18650.97,Employed,Divorced,Philadelphia,y
APP-10003,2023.09.05,F,,46038.55,730.0,20864.58,  Employed  ,S,Philadelphia,0
APP-10074,2022.07.20,f,23.0,"  $45,660  ",837.0,18257.58,employed,Married,  Los Angeles  ,N
APP-11755,"April 06, 2022",male,46.0,"$127,656.04",790.0,,Full-Time,married,  Phoenix  ,Yes
APP-10467,2023-08-12,male,41.0,"$77,150.57",703.0,"$35,744.26",Self-Employed,M,Houston,1
APP-10005,11/30/2023,Male,33.0,210981.66,739.0,19824.67,Employed,Married,Houston,y
APP-11246,2023-07-27,Female,35.0,102890,621.0,"$25,555.55",unemployed,married,New York,Yes
  APP-10919  ,06/11/2023,Male,41.0,"  $54,162  ",,33670.13,Self-Employed,Married,Chicago,Yes
APP-10228,2022-03-26,Male,52.0,"$99,999,999",688.0,37785.49,  Employed  ,Married,San Antonio,0
APP-11063,01/03/2022,Male,57.0,"  $25,488  ",717.0,"$20,371.73",,Married,Chicago,Yes
APP-10242,2023.05.05,Male,40.0,118416.82,752.0,,retired,Married,Philadelphia,1
APP-12526,20/05/2023,,21.0,97982.95,691.0,60918.44,,Married,  San Diego  ,Y
APP-11160,08/17/2022,Male,35.0,"$81,240.33",639.0,22417.13,Pensioner,single,Los Angeles,Y
  APP-12781  ,06/13/2023,  Male  ,30.0,78613,694.0,20382.86,Employed,Married,  San Diego  ,Y
APP-12478,2022-12-11,Female,50.0,"$42,109.09",664.0,14714.16,Employed,Married,New York,Yes
APP-11526,2022.05.05,Female,45.0,131303.36,735.0,"$39,535.28",Freelancer,married,San Antonio,Yes
APP-11605,28/08/2023,male,54.0,38414,838.0,46571.63,Employed,Married,houston,y
APP-13084,2023-04-28,Female,46.0,58829.23,732.0,"$31,711.30",  Employed  ,Married,new york,n
,2023-12-12,Female,34.0,"$56,455.96",721.0,"$12,345.00",Self Employed,single,San Diego,y
APP-12577,2023.02.01,Male,26.0,"$41,353.73",692.0,"$23,710.16",Employed,Married,Chicago,1
APP-12816,2022-11-26,f,35.0,,717.0,17648.18,Employed,Married,NEW YORK,Y
APP-11989,"March 12, 2022",male,29.0,118434.84,700.0,25676.14,EMP,married,San Antonio,Y
APP-12602,"August 08, 2022",FEMALE,43.0,21720,606.0,19200.61,employed,Single,Houston,Yes
APP-12362,2023-04-11,M,27.0,"$138,769.15",734.0,"$45,684.19",EMP,Married,  Chicago  ,1
APP-11975,2023-01-17,MALE,-8.0,"$125,122.03",,28218.44,Employed,Single,Phoenix,y
APP-11761,12/13/2023,Male,61.0,,779.0,30967.3,Self-Employed,M,Los Angeles,No
APP-11305,2023-09-21,male,19.0,87710.06,701.0,44529.66,  Employed  ,SINGLE,Los Angeles,n
APP-11541,2023-10-31,female,52.0,28816,-100.0,41204.52,Employed,MARRIED,New York,N
APP-10622,09/04/2023,M,34.0,"  $48,495  ",724.0,13684.73,Employed,divorced,NEW YORK,N
  APP-12562  ,2023-04-29,Male,29.0,"$73,860.08",790.0,29471.07,Self Employed,Married,Houston,N
APP-11493,2022-06-30,Female,21.0,"$21,833.87",809.0,"$37,034.66",Employed,Married,New York,N
APP-10110,"July 30, 2023",female,72.0,59958.12,709.0,36155.18,Employed,Divorced,NEW YORK,N
APP-12275,24/05/2022,Female,21.0,,50.0,52803.48,Employed,Single,Phoenix,y
APP-13195,03/10/2022,Female,28.0,"  $28,648  ",673.0,"$36,779.32",,SINGLE,NEW YORK,0
APP-11169,2022-05-16,  Male  ,58.0,"$138,377.57",685.0,46287.88,Employed,Single,San Antonio,No
APP-12721,2022-07-10,Male,46.0,"  $53,077  ",663.0,40435.85,  Employed  ,MARRIED,Los Angeles,1
APP-10232,19/10/2022,FEMALE,,"$85,507.54",629.0,"$20,871.06",  Employed  ,Married,Philadelphia,Yes
APP-10066,"February 04, 2023",M,,"$26,747.56",645.0,"$29,064.42",Employed,Divorced,los angeles,Y
APP-12995,03/08/2023,Male,52.0,,694.0,51498.03,Employed,Single,  San Antonio  ,Y
APP-12072,"September 15, 2022",male,58.0,"$99,999,999",741.0,,Employed,M,Houston,y
APP-12192,"March 28, 2022",f,33.0,"$38,699.90",626.0,18597.44,  Employed  ,married,Philadelphia,1
  APP-10536  ,12/12/2022,Female,24.0,105800,572.0,60913.62,Unemployed,married,San Diego,n
APP-10125,"July 22, 2022",male,55.0,,685.0,"$26,115.45",Employed,SINGLE,San Antonio,y
APP-12133,17/07/2023,Other,31.0,"$49,682.51",747.0,40791.23,,Divorced,SAN DIEGO,Y
APP-11254,2023-05-23,Female,47.0,"$20,503.26",747.0,"$37,324.91",Employed,single,los angeles,n
APP-10519,05/11/2023,Male,19.0,43089.83,637.0,,Ret.,Married,San Diego,0
APP-11976,2022-08-15,m,37.0,58436,683.0,23770.4,Retired,Married,San Antonio,n
APP-12722,20/08/2022,female,54.0,"$176,284.88",661.0,36980.55,employed,Married,  Philadelphia  ,Yes
APP-12576,03/30/2023,F,35.0,47128.25,608.0,"$22,980.30",Employed,Single,New York,1
APP-12075,01/21/2022,Female,,"$50,982.87",718.0,34454.26,Employed,Single,Houston,Y
APP-10484,"April 03, 2023",female,34.0,36200,708.0,37087.4,Unemployed,MARRIED,San Diego,0
APP-11654,2022-10-05,Female,27.0,"$23,077.98",762.0,51313.32,Employed,Married,San Antonio,N
APP-12960,2023-11-20,Female,33.0,,849.0,"$45,497.48",unemployed,single,Philadelphia,y
APP-12512,"May 21, 2022",Female,49.0,97178.9,809.0,20540.64,employed,Married,San Diego,1
APP-12658,20/05/2022,Female,40.0,"$23,409.89",750.0,28551.64,Self Employed,MARRIED,San Antonio,Yes
APP-11774,"January 12, 2022",,59.0,"$24,364.21",628.0,"$18,667.38",self-employed,married,philadelphia,Yes
APP-12410,NULL,female,40.0,111488.32,688.0,23685.38,employed,Single,Chicago,y
  APP-10918  ,2023.03.26,Female,38.0,"$21,388.01",756.0,"$13,862.54",Employed,Single,Philadelphia,Yes
APP-11646,12/15/2023,Male,50.0,37831.16,801.0,51256.45,Employed,Single,Phoenix,Y
APP-11026,"January 09, 2023",Female,,56640.98,721.0,18222.76,self-employed,M,San Diego,n
APP-11030,"April 22, 2022",Female,47.0,,632.0,32688.2,Employed,Single,Houston,N
APP-10882,2023-02-19,Male,47.0,"  $62,351  ",600.0,39000.67,Employed,Married,New York,0
APP-11335,19/01/2022,F,35.0,22202,783.0,42069.44,retired,Married,Houston,n
APP-12463,2023-07-31,,24.0,"$112,048.23",775.0,54036.16,unemployed,single,PHILADELPHIA,No
APP-10364,"September 09, 2023",F,40.0,55414.51,742.0,26265.26,  Employed  ,M,San Antonio,1
APP-12125,02/08/2022,male,,"$31,314.19",642.0,"$32,000.47",EMP,Married,san diego,1
APP-10027,2023-03-07,,48.0,"$80,187.90",685.0,28261.54,employed,married,Houston,y
APP-10473,"August 12, 2023",male,39.0,"$29,319.23",701.0,38207.57,Self-Employed,Single,  Philadelphia  ,y
APP-10525,"May 03, 2022",F,19.0,"$65,024.73",679.0,"$26,274.87",,Married,New York,1
APP-10725,2022-09-25,,23.0,,657.0,23047.11,EMP,Married,Chicago,Y
  APP-10055  ,"November 09, 2023",m,24.0,43211.22,683.0,30223.79,Retired,Single,New York,y
APP-10638,18/01/2022,Male,34.0,"$158,772.73",657.0,40278.97,,SINGLE,san antonio,Y
APP-10302,"September 08, 2022",M,29.0,"  $140,008  ",747.0,"$18,814.67",self-employed,Single,Phoenix,Y
APP-12885,2023.04.05,Female,43.0,"$33,778.10",639.0,"$31,585.47",Employed,Single,Chicago,Yes
APP-11276,2023-04-05,M,44.0,22376.75,686.0,64327.43,Employed,Married,San Diego,1
APP-12916,27/10/2023,Male,31.0,,794.0,20124.16,Full-Time,divorced,San Antonio,y
APP-10624,19/08/2023,FEMALE,43.0,44692.61,713.0,"$43,403.59",Employed,Married,San Diego,1
APP-12055,2023-12-04,FEMALE,44.0,"$99,999,999",663.0,33564.9,self-employed,married,New York,N
APP-11280,2022-05-09,Male,0.0,"  $26,937  ",724.0,26560.5,Full-Time,Married,San Antonio,Yes
APP-11049,2023-11-02,M,21.0,"  $71,198  ",1500.0,52116.95,Unemployed,single,San Antonio,0
APP-10336,10/01/2023,Male,41.0,,803.0,16593.24,Unemployed,Married,San Diego,y
APP-10047,2022.08.30,  Male  ,66.0,69464.24,609.0,"$36,006.95",Self-Employed,married,Los Angeles,y
APP-10106,26/03/2023,Female,41.0,"$25,829.04",629.0,"$18,956.00",EMP,Divorced,New York,No
APP-12397,2022-05-17,Female,46.0,31688.9,638.0,15655.09,Unemployed,Single,san diego,1
  APP-11079  ,2022-09-06,Male,36.0,,651.0,36419.2,EMP,Married,san antonio,Y
  APP-12286  ,2022-12-11,male,61.0,"$31,526.06",778.0,"$31,727.01",Self Employed,Single,NEW YORK,y
APP-12261,14/08/2022,male,34.0,"$209,224.61",658.0,24952.81,Full-Time,Married,Philadelphia,Yes
APP-11144,"April 23, 2023",Female,46.0,"$43,665.32",784.0,"$24,697.10",employed,divorced,Philadelphia,Yes
APP-12639,07/16/2022,FEMALE,19.0,"  $175,104  ",481.0,"$22,962.14",Employed,DIVORCED,San Antonio,N
  APP-12296  ,2023-09-27,m,40.0,"  $24,859  ",659.0,29590.22,employed,Married,San Diego,N
APP-11836,04/27/2022,Female,40.0,50815.74,705.0,21824.09,EMP,SINGLE,LOS ANGELES,y
  APP-11753  ,15/07/2022,f,37.0,43133.72,712.0,47153.79,Ret.,Single,Houston,Y
APP-11101,2022-04-10,F,33.0,67122,651.0,39099.55,Retired,MARRIED,SAN DIEGO,Yes
APP-11968,9999-99-99,Female,31.0,77773.61,676.0,53806.2,Self-Employed,Married,  Los Angeles  ,1
APP-13034,23/03/2022,Male,33.0,60645.18,818.0,41158.63,Self-Employed,single,Houston,n
APP-10523,2022-11-06,female,53.0,86418.0,739.0,25943.36,Employed,Single,NEW YORK,Yes
APP-12280,31/07/2023,female,44.0,243290.54,699.0,59627.63,Employed,DIVORCED,New York,y
APP-11428,2022.01.26,,142.0,"$93,611.74",757.0,32161.06,Employed,Married,NEW YORK,Yes
APP-12884,2023-08-13,Female,53.0,"  $164,512  ",713.0,35016.27,employed,Married,chicago,n
APP-10603,2022-06-23,female,21.0,"$23,094.55",775.0,"$25,411.93",Freelancer,MARRIED,  Phoenix  ,1
APP-11489,2023-08-15,,37.0,"$57,140.64",611.0,36644.75,Self-Employed,married,  Houston  ,N
APP-12601,"April 15, 2023",male,37.0,133541.45,,14777.28,Employed,Married,PHILADELPHIA,y
APP-10060,2023-04-08,male,31.0,"  $59,298  ",749.0,34879.23,Employed,Divorced,San Diego,Y
APP-13041,2023-12-18,female,,45544.0,682.0,"$36,542.66",Employed,Divorced,Houston,n
APP-10671,"August 16, 2023",,32.0,"  $144,938  ",742.0,36540.91,EMP,married,Chicago,y
  APP-10092  ,09/29/2022,Male,55.0,28716.53,50.0,"$33,242.36",EMP,single,San Diego,0
APP-10666,04/04/2022,Female,44.0,53489.43,820.0,28290.42,self-employed,SINGLE,Los Angeles,1
APP-11887,2023-05-28,Male,29.0,67437,691.0,33393.11,Employed,,Chicago,Yes
APP-10280,2023.08.31,M,,,,"$9,615.11",self-employed,Single,LOS ANGELES,y
APP-11719,2023-02-16,F,,"  $69,902  ",605.0,21553.96,Employed,Married,Philadelphia,Y
APP-10359,"September 20, 2022",Female,36.0,"$106,993.67",680.0,21787.16,employed,M,Los Angeles,1
APP-10899,06/02/2023,Female,35.0,"$54,781.36",690.0,"$40,848.84",Employed,M,los angeles,y
APP-11935,27/12/2022,Male,37.0,21623,602.0,22837.31,Unemployed,M,philadelphia,1
APP-11994,10/02/2022,MALE,30.0,"  $125,359  ",586.0,31527.69,employed,Single,San Diego,y
APP-12561,05/10/2022,male,35.0,"$30,959.53",697.0,43747.46,Self-Employed,single,Philadelphia,y
APP-10760,"September 08, 2023",Male,26.0,32792,636.0,25253.54,Employed,SINGLE,PHOENIX,Y
APP-12158,2022-09-24,Female,19.0,"$27,783.88",677.0,,Employed,Married,Phoenix,0
APP-12927,2023-12-30,Female,21.0,"$40,447.76",747.0,"$45,049.63",Employed,Divorced,phoenix,y
APP-10042,01/27/2023,Female,,"  $39,110  ",628.0,23605.73,employed,married,Phoenix,y
APP-12173,2023.06.10,Male,47.0,199304.97,736.0,27658.79,retired,,HOUSTON,y
  APP-10204  ,2022-09-17,Male,19.0,117546.49,656.0,"$29,013.70",,Married,San Diego,y
APP-11473,27/04/2022,Female,34.0,57826.71,705.0,15284.28,retired,,Phoenix,N
APP-12100,14/09/2023,male,,87362.54,660.0,"$21,974.09",unemployed,,Phoenix,y
APP-10068,"August 31, 2022",Male,21.0,112010.61,687.0,39230.85,employed,married,san diego,Y
APP-11875,2022-09-07,f,44.0,"$73,539.05",733.0,"$39,302.17",Employed,Single,LOS ANGELES,n
APP-12632,23/08/2022,female,47.0,"$60,202.82",611.0,39812.86,Employed,Single,Los Angeles,1
APP-12231,2022-04-11,Female,35.0,"$81,411.05",609.0,"$25,150.29",self-employed,Single,San Diego,y
APP-10137,2023-06-11,FEMALE,42.0,25661.5,767.0,29814.17,employed,Single,San Antonio,1
APP-10796,2022.02.09,Male,30.0,,537.0,19368.84,Employed,Married,Phoenix,1
APP-12180,05/10/2023,  Male  ,59.0,38355.65,546.0,25427.51,Employed,Married,Chicago,Yes
APP-12128,08/06/2022,male,45.0,35790.78,686.0,21159.25,Self-Employed,MARRIED,houston,Yes
APP-10758,2023-03-27,  Female  ,27.0,157845,-100.0,,Self-Employed,DIVORCED,New York,Yes
  APP-10541  ,04/01/2023,,,29594.24,659.0,"$47,873.61",employed,married,Los Angeles,1
APP-11019,2023-06-15,male,46.0,"  $25,211  ",,16934.13,  Employed  ,Divorced,Philadelphia,Y
APP-12536,2022-11-07,male,55.0,"$38,356.32",629.0,39302.0,Employed,D,philadelphia,n
APP-10165,"November 18, 2022",Male,43.0,"$56,485.96",761.0,46555.73,Self Employed,Married,San Diego,1
APP-10248,01/31/2023,Female,19.0,20578,703.0,26482.11,Full-Time,Single,PHOENIX,Y
APP-11331,"August 15, 2022",female,38.0,69199,695.0,,EMP,Married,  Phoenix  ,1
APP-12017,2023-07-23,FEMALE,60.0,42009.95,651.0,"$18,046.28",  Employed  ,S,Los Angeles,y
APP-10446,2023-09-15,,20.0,"$114,046.93",567.0,,Ret.,Married,  Chicago  ,n
APP-12482,2023-03-18,,34.0,"$27,969.93",636.0,"$21,564.05",Employed,MARRIED,Houston,y
APP-11358,2023-12-17,M,47.0,"$34,647.55",588.0,"$25,865.68",Employed,Married,Philadelphia,Y
APP-12145,2022.07.08,Male,39.0,"  $63,841  ",703.0,"$32,989.08",  Employed  ,Divorced,  Houston  ,y
APP-11329,02/11/2022,MALE,60.0,88214.85,618.0,33980.18,Employed,Married,Chicago,y
APP-12272,"September 13, 2022",Female,41.0,"$50,312.40",729.0,"$34,404.97",self-employed,Married,philadelphia,No
APP-12150,30/12/2022,Female,29.0,95227.73,633.0,23780.56,Self-Employed,Single,Chicago,y
APP-10434,28/06/2023,Female,,"$24,133.82",649.0,"$45,527.35",Freelancer,Married,San Diego,y
APP-12122,29/09/2023,Female,,24530.16,-100.0,"$22,774.33",  Employed  ,married,San Antonio,Yes
APP-10577,"October 20, 2023",Male,62.0,"$51,281.43",793.0,26954.18,UNEMP,Divorced,san diego,n
APP-12644,03/10/2023,  Female  ,34.0,,670.0,"$28,375.17",Employed,Married,San Diego,Yes
APP-13033,09/07/2022,Male,,"$122,103.79",847.0,"$23,583.12",Freelancer,Single,Philadelphia,y
APP-12448,2022-02-19,M,44.0,25724.69,827.0,"$49,458.46",  Employed  ,Single,Phoenix,No
APP-11848,26/12/2023,Female,47.0,"$62,997.99",666.0,"$25,289.69",employed,Married,New York,n
APP-10762,2022-04-28,M,47.0,"  $35,288  ",671.0,16448.74,Employed,married,San Diego,n
APP-10388,2022-04-08,male,24.0,"  $52,899  ",717.0,"$23,598.21",Employed,D,Houston,n
APP-10235,23/08/2023,Male,25.0,,713.0,"$40,747.85",Pensioner,Married,Los Angeles,y
APP-12882,"January 02, 2022",Male,,"$20,101.65",683.0,17191.52,self-employed,Married,  Houston  ,Yes
APP-11984,2023-11-28,Female,19.0,52225.58,,,Employed,Married,PHOENIX,N
APP-10267,"March 03, 2022",Male,22.0,"  $67,563  ",576.0,43009.68,  Employed  ,Married,Houston,y
APP-10770,16/10/2022,female,38.0,174421.11,708.0,20075.53,EMP,Married,Philadelphia,1
APP-12165,2023-09-16,Male,,,677.0,39761.08,Retired,DIVORCED,Houston,1
APP-10437,2023-03-24,Female,29.0,"$36,464.45",777.0,"$37,016.34",unemployed,Married,Philadelphia,1
APP-10673,2023-09-24,male,42.0,"$63,679.35",680.0,21169.77,Employed,Single,Philadelphia,y
APP-10249,09/29/2023,f,19.0,"$37,816.58",699.0,"$19,921.73",Self-Employed,Married,Philadelphia,n
APP-12201,03/06/2022,Female,42.0,34216.55,653.0,"$26,812.28",employed,M,philadelphia,N
APP-11574,03/18/2022,female,54.0,"$22,119.77",758.0,"$21,456.22",Employed,M,Chicago,y
APP-12142,13/02/2022,Female,67.0,"$78,098.21",706.0,32506.41,Employed,S,CHICAGO,Yes
  APP-12081  ,2022.04.14,female,25.0,107859.23,661.0,"$29,923.48",Employed,Single,PHOENIX,y
APP-12896,2023-09-04,Female,25.0,123845.62,707.0,,UNEMP,Married,San Diego,y
APP-12841,15/07/2023,female,62.0,"$49,444.31",791.0,36796.83,self-employed,Single,Philadelphia,Y
APP-13031,25/10/2023,M,52.0,"$78,327.96",521.0,"$26,290.71",employed,single,San Diego,No
APP-10448,2023-04-03,female,44.0,"$131,063.23",557.0,25640.19,Employed,M,Chicago,Y
APP-11469,2023-02-14,M,37.0,47577.75,538.0,33864.1,EMP,Married,Houston,Yes
,2022-03-31,M,58.0,"  $108,953  ",618.0,,Employed,M,phoenix,No
APP-12651,2022-11-16,Male,51.0,"  $62,647  ",760.0,23532.73,self-employed,Divorced,Los Angeles,Y
APP-12892,2022.04.23,Male,55.0,"  $44,621  ",572.0,"$20,486.00",Self-Employed,Single,Phoenix,Yes
APP-12048,2023-03-09,Female,57.0,72395,618.0,24833.33,Employed,S,Phoenix,Y
APP-11901,2023-06-19,Femal,-8.0,36258,662.0,32477.27,Self-Employed,Married,  Los Angeles  ,Y
APP-12762,2023.01.31,f,32.0,,737.0,29286.68,Employed,,San Diego,y
APP-11168,22/07/2023,male,26.0,"-$15,000",583.0,47005.42,None,Single,San Diego,1
  APP-10082  ,2023-11-26,Male,71.0,"  $43,560  ",659.0,26266.08,UNEMP,Single,  Philadelphia  ,1
APP-12679,2022-09-06,Female,27.0,73241.83,707.0,71907.01,Employed,married,Chicago,y
APP-11460,05/25/2023,Female,48.0,"$34,349.02",759.0,,Unemployed,M,Houston,0
APP-11893,2022-06-03,M,46.0,130679,651.0,"$47,443.52",,Married,San Diego,Yes
APP-11668,2022-01-24,Male,55.0,"$70,828.11",666.0,22142.43,employed,Single,Phoenix,y
APP-12000,2022-05-03,Male,37.0,"$36,028.04",760.0,,Employed,Married,PHOENIX,y
APP-10475,2023-10-26,Male,62.0,58874,605.0,22889.45,Employed,Married,San Antonio,Yes
APP-10517,2023.10.20,Male,41.0,25305.58,753.0,"$44,922.84",unemployed,MARRIED,PHOENIX,1
APP-10404,10/10/2023,male,47.0,53168,749.0,,self-employed,Married,San Diego,1
APP-10384,2023-05-10,m,19.0,"  $95,141  ",601.0,"$39,022.29",EMP,SINGLE,Philadelphia,0
APP-12689,2023-04-25,Female,32.0,60129,624.0,22383.18,  Employed  ,Single,Los Angeles,1
APP-12152,2022-10-07,Other,22.0,"$38,825.56",591.0,"$36,725.40",Unemployed,married,New York,1
APP-11633,2022-08-23,Male,52.0,76036.41,583.0,31515.1,,Married,san diego,0
APP-13161,2023-12-19,M,32.0,53187,780.0,32929.14,Employed,Married,Phoenix,Yes
APP-10688,2023-06-28,FEMALE,59.0,,652.0,"$39,495.78",Ret.,married,Los Angeles,1
APP-11240,"November 04, 2023",male,56.0,"$92,343.13",,"$51,728.28",employed,Married,phoenix,Y
APP-10062,"January 30, 2022",F,,236217.59,699.0,"$16,239.67",EMP,married,new york,N
  APP-10852  ,2022-03-01,F,39.0,"$31,921.84",605.0,"$22,520.57",Self Employed,married,Chicago,Yes
APP-13043,2022-09-02,F,44.0,77271,713.0,17286.77,unemployed,married,phoenix,No
APP-12739,2022-12-14,MALE,43.0,"$62,449.02",821.0,"$54,081.95",unemployed,married,Phoenix,Yes
APP-11262,2022-11-04,F,,"$48,053.68",672.0,16425.4,Self Employed,Married,Philadelphia,y
APP-10223,"July 03, 2023",Female,,48919.17,50.0,37526.72,Retired,Divorced,Houston,n
  APP-12193  ,10/24/2023,M,39.0,35651.94,614.0,"$20,062.10",EMP,divorced,New York,Yes
  APP-10373  ,2023-05-07,male,40.0,69126.41,757.0,,EMP,married,Phoenix,Yes
APP-11824,2023.05.19,FEMALE,43.0,30600.58,828.0,"$28,599.32",Employed,Married,Houston,Yes
APP-12918,01/15/2023,Male,,,781.0,34479.3,Employed,single,Phoenix,1
APP-13172,2023-02-31,F,58.0,38411.41,668.0,31100.76,,divorced,New York,Yes
APP-12873,"March 10, 2023",Female,26.0,,668.0,"$29,004.87",EMP,MARRIED,Phoenix,y
APP-12969,2023-04-03,Male,27.0,"$30,966.23",719.0,29271.32,self-employed,Divorced,Chicago,n
APP-10009,2022-09-03,M,29.0,"$92,042.75",656.0,37528.67,Employed,Married,  Houston  ,1
APP-12497,2023-08-14,Male,31.0,"$81,671.26",644.0,39150.17,Employed,married,Chicago,1
APP-11944,26/08/2023,Female,37.0,"$42,687.68",724.0,"$31,657.50",unemployed,Married,Los Angeles,N
APP-11838,10/14/2022,male,,"$33,454.47",582.0,76240.14,,Married,Chicago,1
APP-10708,2022-08-20,M,19.0,"$47,353.29",729.0,"$31,252.42",employed,married,Houston,y
APP-10255,15/01/2022,M,34.0,"$71,011.29",720.0,"$16,669.42",EMP,Single,HOUSTON,Y
APP-11617,12/01/2023,f,36.0,34758,599.0,43752.95,EMP,Single,san diego,0
APP-10389,2022-09-14,m,38.0,143608,642.0,20714.82,Self-Employed,S,  Chicago  ,n
APP-11581,"August 14, 2022",female,47.0,"$33,515.03",752.0,36645.59,employed,Single,Chicago,No
APP-10924,24/03/2022,FEMALE,19.0,"  $66,691  ",638.0,45353.3,Self-Employed,SINGLE,  San Antonio  ,Y
APP-12508,2022.03.08,,60.0,36705,693.0,52448.95,Self-Employed,Married,San Diego,0
APP-12036,08/13/2023,Male,36.0,53939,630.0,20147.54,Self-Employed,Married,San Diego,0
APP-12656,2022-04-05,MALE,42.0,"$62,121.83",707.0,21510.18,Self-Employed,Single,San Antonio,1
APP-11224,2023-05-22,Male,19.0,88813.33,,26436.43,self-employed,S,New York,y
APP-12549,2023-09-26,Female,40.0,32867.36,491.0,36611.29,employed,,houston,n
APP-11946,"November 08, 2022",Female,41.0,,676.0,"$24,077.31",None,Single,New York,Yes
APP-10739,2023-06-14,Female,38.0,"$93,176.32",622.0,"$37,371.37",Employed,Married,NEW YORK,1
APP-10040,2022-06-06,F,32.0,,654.0,49385.53,Self-Employed,Single,Chicago,Y
APP-10868,11/14/2023,m,36.0,"  $52,395  ",844.0,19553.92,Self-Employed,married,CHICAGO,y
APP-10539,2023-08-17,OTH,56.0,"  $29,322  ",657.0,18174.6,Self Employed,Married,Phoenix,No
APP-12776,2023-09-26,male,23.0,35216.13,627.0,"$15,461.82",Self-Employed,Single,Houston,No
APP-11371,03/04/2023,MALE,19.0,"  $288,206  ",767.0,37224.63,Self-Employed,Married,Philadelphia,N
  APP-11145  ,05/11/2022,Male,36.0,60866.36,786.0,43640.41,Retired,Married,Phoenix,N
APP-11031,2023-03-03,female,38.0,"  $39,017  ",694.0,"$61,298.08",unemployed,married,San Diego,n
APP-10372,2022-10-28,male,19.0,"$28,439.67",518.0,24548.63,Self Employed,,San Diego,y
APP-10667,"November 18, 2022",female,43.0,45430.34,636.0,38473.03,employed,SINGLE,CHICAGO,y
APP-10357,2022.02.15,MALE,53.0,,632.0,"$42,773.42",Employed,Single,Philadelphia,No
APP-10967,2022-06-02,Male,28.0,54391.01,833.0,24776.72,Employed,Married,Phoenix,1
APP-11353,03/05/2023,Female,34.0,20871.16,676.0,15661.47,EMP,Divorced,San Diego,y
APP-11035,2022-05-13,Female,25.0,43246,616.0,16501.53,self-employed,Divorced,San Antonio,1
APP-10470,2023-03-16,other,48.0,110926.67,729.0,23212.81,employed,Married,San Antonio,1
APP-11396,2022-06-02,male,31.0,39096.4,604.0,21031.55,Employed,Married,  Philadelphia  ,Yes
APP-12899,2022-10-04,MALE,33.0,"$73,816.20",,14391.86,EMP,M,San Antonio,Yes
APP-11549,11/06/2022,Male,37.0,"$41,441.87",798.0,"$23,292.39",Employed,Divorced,philadelphia,y
APP-11256,2022.05.27,Male,35.0,"$98,419.92",546.0,32581.18,employed,M,New York,0
APP-12094,2022-03-06,Femal,35.0,"$101,702.37",734.0,"$23,480.58",Ret.,Single,Los Angeles,Y
APP-11555,2023-02-18,Female,62.0,55020,730.0,30530.05,employed,Married,New York,0
APP-13022,2022-06-02,male,47.0,61848.15,669.0,"$42,051.80",Employed,married,New York,Y
  APP-11250  ,2022.04.04,M,45.0,60475.33,768.0,23650.25,Self-Employed,Single,Los Angeles,Yes
APP-11699,2023-01-07,  Male  ,19.0,"$134,354.13",647.0,21688.98,Employed,Married,Phoenix,1
  APP-11252  ,02/21/2023,Male,63.0,30539,9999.0,"$25,656.44",Unemployed,single,Los Angeles,y
APP-13080,2023.03.03,F,41.0,"$61,011.04",707.0,38964.03,Self Employed,Married,Chicago,No
APP-10079,2023-02-23,Male,24.0,72453.41,,22501.18,Employed,Married,San Antonio,y
APP-11172,"February 11, 2023",MALE,46.0,,676.0,26965.18,,Married,San Diego,N
APP-10814,"April 04, 2022",M,68.0,122189.35,685.0,22581.34,UNEMP,Single,San Diego,Y
APP-11852,2023-12-18,male,35.0,,653.0,20786.48,Self Employed,Married,New York,Y
APP-12220,2022-07-05,Female,26.0,,1500.0,"$29,491.67",  Employed  ,Single,Los Angeles,N
APP-12908,05/22/2022,Female,61.0,"  $36,081  ",631.0,47382.3,Employed,Single,Phoenix,Y
APP-12105,17/11/2023,Male,,"  $103,266  ",685.0,18503.73,UNEMP,Married,LOS ANGELES,N
APP-10133,2023-07-04,f,44.0,34201.7,627.0,"$39,368.32",employed,Married,San Diego,Yes
APP-11140,"July 04, 2022",Male,47.0,"$20,964.63",,16114.25,  Employed  ,Married,Los Angeles,1
APP-10933,12/23/2022,f,26.0,0,789.0,"$33,961.03",Employed,Divorced,Houston,0
APP-10928,2023-05-24,Male,29.0,81284.57,590.0,33335.91,retired,Divorced,  Houston  ,n
APP-10823,2023-01-12,Female,34.0,"  $99,170  ",604.0,50123.31,Employed,Married,Phoenix,N
  APP-11531  ,Unknown,Female,34.0,25427.13,623.0,26233.35,Employed,M,los angeles,Yes
APP-11214,08/31/2022,Female,27.0,"$33,466.93",541.0,23014.89,employed,Single,Los Angeles,No
,07/06/2022,male,142.0,"$50,143.66",633.0,42982.03,  Employed  ,Married,Philadelphia,n
APP-11173,2023-07-22,Female,31.0,"  $25,642  ",788.0,34919.2,Self-Employed,single,Los Angeles,No
APP-12395,2023-07-15,Male,40.0,37175.01,658.0,34235.08,employed,Divorced,San Antonio,0
APP-11996,03/09/2022,Male,36.0,"$80,765.68",537.0,,Full-Time,single,New York,n
APP-12434,12/02/2023,Female,47.0,"$59,628.04",654.0,"$16,654.44",EMP,M,New York,1
APP-11958,"July 03, 2023",Male,19.0,57623.31,775.0,"$21,906.35",Employed,,Los Angeles,y
APP-11384,2022-08-22,Female,48.0,105298.21,642.0,15051.82,  Employed  ,Married,San Diego,Yes
APP-10894,04/05/2022,Female,22.0,"$37,369.27",517.0,33344.22,Employed,Married,phoenix,1
  APP-10828  ,2022-07-16,Female,40.0,78860.27,686.0,34961.09,Employed,married,Chicago,y
APP-13139,2022-02-06,Female,49.0,"$49,592.03",703.0,,Employed,Married,Philadelphia,Yes
APP-12523,10/02/2022,f,30.0,,727.0,"$25,391.56",UNEMP,Married,New York,Yes
APP-11683,2022-02-26,F,47.0,"$83,038.96",658.0,31174.59,Employed,Married,San Antonio,1
,2023-09-28,Female,32.0,"$94,518.41",681.0,12111.73,unemployed,married,  Houston  ,Yes
  APP-12830  ,2022-09-25,Male,28.0,"$81,576.22",652.0,22469.42,employed,S,Philadelphia,y
APP-12779,Unknown,male,35.0,145277.17,717.0,,  Employed  ,Married,HOUSTON,0
APP-10652,2023-01-30,male,22.0,"$111,623.09",804.0,"$45,397.02",UNEMP,Single,NEW YORK,1
APP-10172,2022.04.11,M,28.0,"$203,213.99",770.0,"$23,401.80",Retired,Single,PHOENIX,0
APP-10038,11/24/2023,F,34.0,"  $96,661  ",,20438.25,Self-Employed,married,philadelphia,No
APP-13163,2022-09-04,M,43.0,24932.15,653.0,27879.56,Employed,D,New York,y
APP-10713,2022-05-23,Male,49.0,66718.36,740.0,60206.38,Self Employed,married,New York,1
APP-10090,07/14/2022,female,21.0,"$32,299.88",790.0,32027.86,UNEMP,MARRIED,Houston,Yes
APP-13029,2022-10-28,,37.0,"$97,406.42",732.0,26156.2,Employed,DIVORCED,Los Angeles,Y
APP-11205,2022-04-11,Male,25.0,136356.37,639.0,24261.4,EMP,Married,phoenix,Yes
APP-12736,2022-05-18,Male,30.0,"  $126,439  ",770.0,18582.66,Employed,Single,  Chicago  ,Y
APP-12859,2022-08-09,Male,45.0,40293,850.0,"$26,902.38",Employed,divorced,Chicago,N
APP-11827,10/06/2022,Male,20.0,"$46,578.90",610.0,19079.38,Retired,single,New York,n
APP-11155,2022-09-08,Female,,"$32,560.21",666.0,21106.21,employed,Married,San Antonio,N
APP-11324,"June 29, 2022",MALE,52.0,55578,655.0,16186.72,EMP,Married,New York,Yes
APP-10216,"November 02, 2023",F,32.0,"  $127,247  ",849.0,"$24,275.70",  Employed  ,Married,houston,Y
APP-10510,2023-09-08,female,44.0,"$118,874.72",1500.0,37588.34,Self-Employed,Single,San Diego,N
APP-11680,"July 23, 2022",,48.0,,689.0,30491.59,Self-Employed,Divorced,SAN ANTONIO,1
  APP-10499  ,03/03/2023,F,47.0,69988.04,,26291.97,employed,DIVORCED,San Diego,y
APP-12742,2022-01-20,Male,55.0,"$201,503.84",,,EMP,Single,  Chicago  ,Y
APP-11856,08/21/2023,,22.0,154653.99,654.0,32086.61,Employed,Single,Houston,Yes
APP-11388,"February 02, 2023",Female,39.0,72729.82,708.0,22598.08,Self-Employed,SINGLE,Philadelphia,Yes
APP-11519,18/02/2023,Female,65.0,"$74,983.17",,26404.68,employed,S,LOS ANGELES,y
APP-12386,09/21/2023,female,36.0,21613.42,690.0,"$20,049.33",UNEMP,,  New York  ,Yes
APP-13011,2023-07-28,Female,26.0,32850,709.0,30336.25,unemployed,divorced,San Antonio,Y
APP-12076,08/17/2023,,52.0,31306,753.0,"$35,414.04",Self Employed,married,Los Angeles,Y
APP-11540,2023.10.01,other,19.0,30664.13,711.0,34692.12,Self-Employed,Single,Los Angeles,Yes
APP-11217,08/13/2023,female,59.0,"$55,691.44",,25842.78,Full-Time,Married,  Phoenix  ,Yes
APP-12681,12/11/2022,female,41.0,"  $26,778  ",696.0,25533.52,Employed,Single,houston,1
APP-11416,2022-03-07,Female,39.0,"$42,432.04",638.0,20689.52,EMP,Married,houston,No
APP-12217,15/12/2022,male,,"$41,518.78",730.0,30789.82,employed,Single,New York,y
APP-12786,31/08/2023,male,50.0,93381.65,718.0,40851.85,EMP,MARRIED,Los Angeles,y
APP-11676,"November 16, 2022",,36.0,"$28,221.44",675.0,20617.88,,Single,New York,n
APP-11197,"May 26, 2022",F,26.0,55303,654.0,31124.35,employed,Single,Houston,0
APP-11542,"September 16, 2023",Female,,"$32,734.26",562.0,"$28,438.01",,Single,HOUSTON,Y
APP-12539,04/09/2022,M,26.0,"$47,759.51",667.0,47374.2,employed,S,San Antonio,1
APP-10953,2022.07.27,Female,34.0,208389.38,732.0,"$39,333.34",Employed,Married,Los Angeles,n
APP-12635,2022-07-11,Male,59.0,"$104,006.26",850.0,50030.45,Employed,Divorced,San Antonio,N
APP-10750,02/18/2022,male,39.0,202931,621.0,"$17,128.45",Employed,married,Phoenix,y
APP-12705,2023-01-14,m,29.0,"  $69,621  ",649.0,20395.52,EMP,Single,Philadelphia,N
  APP-10234  ,05/06/2023,M,39.0,"$26,319.30",731.0,23543.16,employed,single,  New York  ,y
APP-10732,13/08/2022,Femal,43.0,89417,524.0,"$41,782.84",UNEMP,married,San Diego,n
APP-10692,2023-10-19,female,29.0,44841.41,781.0,"$12,345.00",,,NEW YORK,N
APP-11156,10/12/2023,m,41.0,68438,614.0,35760.31,Unemployed,Married,Phoenix,Y
APP-12846,21/10/2022,female,31.0,"  $57,289  ",605.0,21380.12,,single,  San Antonio  ,Yes
APP-12445,2023-08-14,female,33.0,63702.77,654.0,12048.5,Retired,single,LOS ANGELES,n
APP-11209,"January 08, 2023",Female,38.0,160782,781.0,"$20,420.72",Retired,Single,New York,1
APP-11065,01/10/2023,MALE,19.0,"$44,150.63",637.0,"$31,102.47",Employed,Married,Chicago,Yes
APP-12156,2023-05-14,Male,51.0,"  $49,002  ",827.0,19037.08,retired,Divorced,Phoenix,1
APP-11062,"March 11, 2023",,51.0,"$177,703.64",602.0,"$19,845.63",EMP,M,San Antonio,N
APP-12616,2022-01-03,female,48.0,,622.0,"$42,098.36",Employed,Married,San Diego,0
APP-11167,"September 03, 2022",female,49.0,"$51,851.89",836.0,"$19,356.65",Employed,S,Philadelphia,Y
APP-11492,17/11/2023,male,19.0,"$34,617.74",729.0,19727.75,Employed,S,Phoenix,Yes
APP-12794,2022-02-22,Female,33.0,"  $48,390  ",528.0,"$37,582.90",employed,Single,SAN DIEGO,y
APP-10884,03/07/2022,  Male  ,142.0,"  $22,039  ",717.0,39712.15,Retired,Single,New York,1
APP-10143,10/06/2022,,29.0,82768,576.0,"$25,546.71",  Employed  ,Married,San Antonio,1
APP-12382,2022-03-29,F,27.0,"  $21,994  ",718.0,39821.51,Employed,Single,PHILADELPHIA,Yes
APP-10850,12/04/2023,,19.0,49588,700.0,"$47,512.72",Unemployed,Married,Chicago,1
APP-10717,2022.04.16,F,21.0,"  $206,008  ",719.0,"$31,052.98",Self-Employed,MARRIED,Houston,Y
APP-13144,2022-11-25,,43.0,30632.76,582.0,"$21,859.51",employed,SINGLE,LOS ANGELES,n
APP-12502,"December 19, 2022",Female,33.0,"$37,585.11",794.0,35724.05,self-employed,Divorced,New York,Yes
APP-10264,"October 05, 2023",FEMALE,20.0,26190.08,722.0,"$26,304.72",  Employed  ,Married,philadelphia,No
APP-10075,2022-08-02,,22.0,"$30,436.52",50.0,,UNEMP,Married,LOS ANGELES,1
APP-12492,17/01/2022,Male,,"$139,977.91",616.0,38631.99,EMP,Married,Los Angeles,Yes
APP-10395,"February 01, 2023",Male,29.0,"  $29,239  ",689.0,34903.12,Employed,SINGLE,san diego,0
APP-12817,2023-03-05,,40.0,"$20,617.04",607.0,48149.76,Employed,Divorced,New York,No
APP-12224,"March 12, 2023",Male,27.0,"$24,871.50",704.0,17723.25,employed,MARRIED,San Antonio,Y
  APP-13193  ,12/03/2022,female,35.0,20865,744.0,"$36,621.94",Employed,divorced,New York,No
APP-10396,2022-12-18,Male,34.0,"$44,680.25",738.0,32634.62,Employed,single,San Antonio,Y
APP-11365,2023-06-09,m,32.0,"$75,836.50",607.0,"$36,205.96",Self-Employed,Single,san diego,1
APP-12765,27/10/2022,Male,47.0,"$20,685.23",620.0,42612.84,self-employed,M,New York,1
APP-11903,"January 13, 2023",Male,19.0,36040.69,702.0,32474.57,  Employed  ,Married,Philadelphia,y
APP-10595,2022.06.29,Male,40.0,88545.53,730.0,"$29,542.14",UNEMP,MARRIED,San Diego,Yes
APP-12109,2022-03-16,male,23.0,"$41,387.71",663.0,44923.51,Employed,Married,los angeles,y
APP-11296,2023-01-17,Female,41.0,,635.0,19308.98,Unemployed,divorced,philadelphia,0
APP-11821,10/09/2023,,48.0,"  $80,343  ",730.0,60564.74,Self-Employed,married,Los Angeles,0
,2023-06-14,MALE,57.0,"  $36,218  ",724.0,22357.18,Retired,Married,Los Angeles,1
APP-11873,2023-09-16,female,48.0,,729.0,"$35,665.76",Employed,Married,Los Angeles,Y
APP-12326,2022-04-07,Female,53.0,"$87,898.82",803.0,22811.63,Unemployed,Married,Houston,n
APP-11548,2022-11-12,f,29.0,84179.34,,40061.44,EMP,Single,Chicago,Y
  APP-10036  ,"October 22, 2023",M,44.0,"$52,865.82",718.0,30214.18,,S,san diego,N
APP-12710,06/23/2023,  Female  ,37.0,59938.27,622.0,,retired,single,Los Angeles,y
APP-13151,2022-07-16,male,41.0,51251,674.0,"$30,338.45",self-employed,Divorced,PHILADELPHIA,n
APP-12143,07/14/2023,Male,43.0,175024.15,679.0,24134.84,Employed,Divorced,  Phoenix  ,0
APP-12828,29/06/2023,male,52.0,,652.0,"$15,058.37",Self-Employed,Single,Chicago,N
APP-10977,2023-11-05,male,49.0,"$98,215.75",589.0,27854.97,Employed,Married,SAN ANTONIO,No
  APP-11571  ,2022-06-09,non-binary,37.0,"  $79,460  ",647.0,"$41,446.90",Full-Time,Married,  New York  ,1
APP-11122,03/14/2023,female,42.0,26004.25,634.0,,Employed,Single,Philadelphia,1
APP-12239,18/08/2023,  Female  ,,"-$15,000",-100.0,,employed,S,Philadelphia,1
APP-12504,2022-08-28,Female,39.0,0,659.0,"$34,226.02",Unemployed,,san diego,y
APP-11892,2023-12-10,M,34.0,78508.94,825.0,"$42,360.55",Employed,Single,  Phoenix  ,Yes
APP-10675,"August 22, 2022",male,37.0,"$39,036.29",,31021.5,Self-Employed,MARRIED,San Diego,y
APP-10728,12/23/2023,male,47.0,32711,814.0,15049.66,Unemployed,single,  San Antonio  ,0
APP-10412,2022-10-24,  Male  ,32.0,"$48,449.10",748.0,"$18,968.27",employed,Single,Chicago,Yes
APP-11516,19/08/2023,female,33.0,"$55,979.25",707.0,13099.12,unemployed,Married,San Diego,Yes
APP-11649,01/03/2023,Male,52.0,73779.87,593.0,27062.4,  Employed  ,Single,phoenix,y
APP-10825,15/12/2023,female,46.0,"  $26,470  ",688.0,27768.05,,married,New York,N
APP-10616,2023-10-24,Other,27.0,"$25,589.79",742.0,"$38,116.69",Employed,married,New York,n
APP-10114,03/01/2023,Other,22.0,47141,650.0,,Employed,SINGLE,Los Angeles,Y
APP-10417,11/01/2023,Male,65.0,119500.42,602.0,"$31,187.27",employed,SINGLE,  Los Angeles  ,Y
APP-11625,"June 07, 2023",male,30.0,"$102,930.89",675.0,"$23,948.51",Self-Employed,Married,New York,y
APP-12652,"September 27, 2022",,40.0,92804.22,669.0,"$26,848.98",Employed,Single,Chicago,n
APP-10449,2022-02-25,F,59.0,"  $59,486  ",783.0,"$49,206.53",self-employed,MARRIED,  Houston  ,1
APP-10089,10/04/2023,,39.0,20796.87,587.0,,employed,Single,New York,Y
APP-12895,24/06/2022,,42.0,102453.06,654.0,19666.54,Employed,single,  New York  ,1
APP-12082,04/18/2023,Male,41.0,70474.95,809.0,39178.41,UNEMP,Divorced,New York,y
APP-10753,2023-06-14,Male,59.0,80399.23,629.0,31614.79,  Employed  ,Married,  San Diego  ,0
APP-12546,2023-05-03,M,26.0,"$122,428.41",585.0,29659.06,  Employed  ,SINGLE,Chicago,n
APP-11630,10/22/2023,Male,19.0,"  $79,508  ",519.0,34403.54,Unemployed,married,Philadelphia,Y
APP-10011,17/03/2022,Male,49.0,28674.75,643.0,12237.52,,Divorced,  Phoenix  ,0
APP-12444,2022-07-12,female,27.0,"$23,715.11",645.0,43605.77,employed,Married,PHOENIX,1
APP-10284,2023-12-10,female,32.0,"$57,253.33",665.0,33788.34,Employed,Married,New York,y
APP-11066,25/12/2022,  Male  ,,"$25,614.35",617.0,,Employed,Married,San Antonio,y
APP-11191,10/04/2023,Female,37.0,,745.0,26965.86,Employed,Married,Los Angeles,Yes
APP-11440,11/07/2022,Male,48.0,"  $62,994  ",609.0,,Ret.,Single,SAN DIEGO,1
APP-13102,17/06/2023,female,34.0,34056.3,679.0,"$36,868.62",employed,Single,SAN DIEGO,Yes
APP-13101,2023-02-09,Male,39.0,"$46,267.33",678.0,"$25,208.07",Employed,married,Los Angeles,1
APP-12738,2023-09-28,Male,48.0,122329.52,584.0,"$42,442.35",EMP,Married,Los Angeles,Yes
APP-12998,2022.02.01,m,36.0,"$82,738.54",,"$17,373.90",Employed,Single,Los Angeles,Y
APP-11568,14/05/2023,female,30.0,,650.0,28309.97,  Employed  ,,Chicago,Y
APP-12427,11/18/2022,Male,39.0,"$48,874.20",633.0,64296.48,,Married,PHILADELPHIA,n
  APP-12737  ,17/05/2022,male,33.0,85650.2,721.0,17953.07,self-employed,divorced,Phoenix,0
APP-12850,05/18/2023,Male,26.0,54932,665.0,27067.96,Employed,Divorced,Phoenix,y
APP-11687,29/04/2023,female,54.0,"$31,813.98",533.0,"$14,003.47",unemployed,Married,Houston,0
APP-10851,2022-04-05,male,37.0,"$170,581.15",706.0,55327.75,EMP,Married,  Phoenix  ,y
APP-12207,02/06/2023,M,41.0,65356.04,732.0,"$25,773.18",EMP,Single,  San Antonio  ,N
APP-10895,11/05/2022,Female,27.0,95558.14,586.0,"$26,594.80",Employed,MARRIED,New York,1
APP-10496,01/25/2023,f,30.0,"$24,930.72",611.0,"$15,795.94",employed,single,Phoenix,1
APP-12305,9999-99-99,male,45.0,57129,570.0,32190.45,Employed,Married,Los Angeles,No
APP-11782,04/25/2023,Male,39.0,"$157,508.97",663.0,14252.1,  Employed  ,Married,Houston,1
APP-10335,2023.12.23,Femal,40.0,33725.25,551.0,"$20,727.25",  Employed  ,M,philadelphia,No
APP-10515,2022-01-08,Female,56.0,90241.0,573.0,26127.09,None,Single,San Antonio,Y
APP-11348,2023-01-29,,39.0,,630.0,29274.69,  Employed  ,married,SAN ANTONIO,1
APP-11015,"December 16, 2023",Male,55.0,"$47,890.35",614.0,"$36,912.61",Employed,Single,San Antonio,1
APP-13109,12/03/2022,MALE,49.0,128172.99,613.0,42570.9,Self Employed,,phoenix,1
APP-13187,2023-06-18,  Female  ,27.0,92802.19,673.0,18359.42,Employed,Single,  Houston  ,y
APP-12809,21/04/2022,Male,44.0,"  $39,090  ",658.0,24345.48,employed,Single,SAN DIEGO,Y
APP-11781,"April 24, 2023",MALE,43.0,"  $46,652  ",629.0,22822.73,Unemployed,M,phoenix,Yes
APP-12569,24/06/2022,Male,39.0,,682.0,34198.51,Self-Employed,Single,Houston,Yes
APP-11785,08/01/2023,Male,30.0,"$150,384.69",,19971.92,  Employed  ,Married,San Antonio,n
APP-12070,2023.04.19,,44.0,61180,627.0,17817.9,Employed,Single,Phoenix,1
APP-10356,02/11/2022,female,29.0,,770.0,34607.97,employed,Single,  Philadelphia  ,1
APP-13154,09/01/2022,Male,45.0,"$23,511.36",769.0,"$38,193.60",Retired,Single,SAN ANTONIO,N
APP-11312,2023-08-18,female,28.0,44863.31,724.0,32752.44,Employed,divorced,New York,y
APP-11635,2023-08-16,Female,34.0,"$121,325.59",804.0,25206.14,Retired,Married,Chicago,1
APP-10550,08/28/2022,female,30.0,"$21,994.09",619.0,"$56,233.31",self-employed,married,Chicago,Y
APP-12388,2022-06-08,Female,29.0,69951,648.0,"$17,863.08",Retired,married,San Antonio,1
APP-12479,2023-04-03,male,22.0,30911,650.0,"$31,609.77",Employed,Single,Los Angeles,0
APP-12521,2023-01-17,,32.0,"  $31,921  ",835.0,,,Single,San Diego,Yes
APP-12265,15/06/2023,f,30.0,149574.37,709.0,23832.15,Unemployed,married,  New York  ,0
APP-11227,2023-02-22,Male,53.0,45372,592.0,82616.09,,S,New York,N
APP-12964,"May 04, 2022",Male,31.0,45240,716.0,22684.01,Employed,married,  Chicago  ,Yes
APP-10957,22/10/2023,Female,34.0,27194.18,597.0,15751.65,Self Employed,DIVORCED,Phoenix,Yes
APP-11773,09/02/2023,Male,38.0,39625.99,,19741.81,Pensioner,Single,Houston,N
  APP-12141  ,2022.03.20,female,,"  $42,773  ",744.0,34182.26,Self-Employed,single,san diego,n
APP-11008,2022-04-16,m,56.0,85078,819.0,35075.28,Employed,Single,Los Angeles,Y
APP-11092,"December 13, 2023",male,39.0,60178,680.0,35889.08,Unemployed,single,Los Angeles,n
APP-12958,24/10/2022,Female,43.0,30134.36,792.0,33634.44,Employed,Single,Phoenix,N
APP-12744,"February 02, 2023",F,30.0,,605.0,24503.58,Self-Employed,Married,Chicago,Y
APP-10996,2022-07-02,Male,49.0,"  $28,012  ",710.0,,Self Employed,S,SAN ANTONIO,0
APP-11679,2023-03-03,Female,33.0,"$28,860.75",684.0,37015.91,EMP,Married,Philadelphia,N
APP-10153,"June 22, 2022",F,25.0,52153.16,772.0,43732.83,Retired,married,San Diego,Yes
APP-13082,2023-06-22,Female,19.0,,585.0,33543.05,Self-Employed,Divorced,  San Antonio  ,1
APP-10580,08/03/2023,,30.0,38871.66,762.0,31466.83,  Employed  ,Married,San Diego,1
,2023-09-04,Male,64.0,"$20,405.85",730.0,"$40,609.51",  Employed  ,Married,PHILADELPHIA,y
APP-10703,14/02/2023,F,37.0,"$112,391.38",594.0,"$38,267.29",employed,married,Los Angeles,Y
APP-11212,2022-06-03,Male,23.0,21468,644.0,"$25,417.26",Employed,Single,San Antonio,No
APP-10896,2023-11-16,Male,,"  $33,036  ",631.0,24484.2,Employed,single,Philadelphia,Y
APP-10487,2022.05.22,Male,19.0,"  $103,646  ",630.0,24503.2,Employed,Single,  Chicago  ,No
APP-10559,10/11/2022,m,40.0,"  $71,082  ",741.0,,Freelancer,divorced,Chicago,Y
APP-11141,08/22/2023,Male,55.0,,636.0,"$27,952.53",  Employed  ,Single,New York,Y
APP-11119,10/04/2022,Female,59.0,"  $46,844  ",668.0,,Unemployed,Divorced,Houston,0
APP-10512,12/29/2023,,35.0,161683,754.0,"$39,396.05",,MARRIED,Los Angeles,Yes
APP-10633,2022-03-13,Male,19.0,"$38,709.85",798.0,28747.12,Self-Employed,single,Chicago,1
APP-12858,09/05/2023,  Female  ,46.0,,596.0,"$36,407.00",Retired,married,San Antonio,Yes
APP-11664,31/10/2022,Female,39.0,"$39,932.28",685.0,36142.44,Employed,Married,Los Angeles,No
APP-11012,06/08/2023,Male,21.0,58531.8,835.0,20952.86,Unemployed,Married,LOS ANGELES,N
APP-11931,19/11/2023,Female,39.0,74716.73,645.0,"$36,161.60",Retired,divorced,  Houston  ,Yes
APP-11150,"August 20, 2022",Male,41.0,106418,624.0,,Self-Employed,married,Phoenix,1
APP-12838,2022.06.14,male,34.0,117415.82,732.0,27950.71,EMP,Married,san antonio,Yes
APP-13106,2022-04-12,MALE,67.0,"  $47,536  ",784.0,40364.19,Employed,Divorced,CHICAGO,0
APP-10116,2022-12-16,F,50.0,"$23,499.57",720.0,17495.62,Employed,Divorced,Los Angeles,No
APP-10740,2022-07-02,f,22.0,33600.57,559.0,24430.18,unemployed,Married,Philadelphia,Y
APP-13058,2022-04-08,Male,46.0,"$42,761.68",612.0,"$25,336.92",Employed,Married,Houston,y
APP-11974,2022-12-07,Female,47.0,22231,647.0,"$46,174.69",,married,San Antonio,1
APP-11081,2023-01-29,M,28.0,29897,680.0,"$46,149.92",  Employed  ,Single,Chicago,Y
APP-11810,2023-05-10,M,38.0,"  $92,442  ",737.0,"$39,130.26",UNEMP,Married,Chicago,1
APP-10830,26/06/2023,Male,19.0,"$107,157.30",715.0,35006.23,Employed,DIVORCED,Phoenix,y
APP-10119,2023.08.31,female,58.0,"  $56,616  ",597.0,"$36,493.72",Employed,single,philadelphia,Y
APP-10656,2022.06.16,  Male  ,34.0,63860.71,682.0,"$24,809.48",unemployed,Married,Chicago,N
APP-13023,2023-08-15,m,47.0,"$60,489.19",618.0,26365.97,employed,Single,SAN DIEGO,y
APP-13188,03/01/2023,f,41.0,33390.15,607.0,"$25,384.52",Full-Time,married,Philadelphia,1
APP-10947,2022-11-15,female,25.0,"$66,515.65",850.0,"$27,806.47",Self Employed,Single,philadelphia,0
APP-10635,2023-04-12,Female,34.0,,725.0,"$54,775.52",Unemployed,married,New York,No
APP-10369,2023-09-17,male,,"  $27,954  ",517.0,34803.6,employed,Married,philadelphia,Yes
APP-10268,"November 15, 2022",male,29.0,"$71,708.29",647.0,,UNEMP,SINGLE,Phoenix,1
APP-12703,2023-04-14,  Male  ,29.0,22449,765.0,"$42,101.51",Self-Employed,Married,New York,0
APP-12870,2023.12.21,MALE,35.0,24308,673.0,"$39,161.67",self-employed,married,Philadelphia,1
APP-10046,2022-09-27,male,23.0,"  $54,314  ",566.0,49965.01,Employed,Single,Chicago,y
APP-10991,"October 24, 2023",  Male  ,53.0,49103.54,550.0,"$24,265.49",Self-Employed,Single,Philadelphia,Yes
APP-10876,07/11/2022,Male,53.0,74307,710.0,17991.56,Employed,married,New York,n
APP-10773,06/08/2022,male,46.0,"$23,324.95",770.0,26156.88,Employed,Single,Chicago,No
APP-11219,17/01/2022,F,27.0,93456.47,751.0,,EMP,M,  New York  ,0
APP-11126,2023-04-14,Female,52.0,33544.5,574.0,49263.37,Employed,Single,Philadelphia,1
APP-10004,2022-11-27,Male,44.0,"-$15,000",,"$16,141.31",Retired,Single,  Houston  ,Y
APP-11595,2023-12-18,Female,66.0,"$41,595.12",821.0,19732.97,,M,San Antonio,Yes
APP-12311,30/08/2023,M,47.0,88934.38,621.0,"$24,690.62",Full-Time,married,Chicago,y
APP-13175,2022-01-28,male,32.0,47005,752.0,"$25,724.28",Freelancer,M,san diego,1
APP-12491,08/04/2022,,40.0,"$33,080.17",526.0,19589.62,EMP,married,Phoenix,1
APP-11077,09/01/2023,Male,55.0,"$119,873.52",577.0,71066.58,Unemployed,SINGLE,San Antonio,0
  APP-10837  ,2022-05-20,male,36.0,"$46,162.62",664.0,45218.14,Employed,Married,Philadelphia,y
APP-10681,2023-12-22,,210.0,49607.33,735.0,"$51,297.85",Employed,single,chicago,1
APP-11715,23/03/2022,M,60.0,24606.86,846.0,15680.09,Unemployed,Single,San Antonio,1
APP-12352,"May 20, 2023",Male,56.0,"$30,431.84",,48588.56,retired,Married,Phoenix,Y
APP-12617,9999-99-99,m,43.0,"$106,274.05",,"$15,046.43",Ret.,Married,New York,N
APP-12361,01/19/2022,male,21.0,"  $41,456  ",566.0,13371.57,  Employed  ,Divorced,Phoenix,1
APP-12197,2023.09.22,m,37.0,125361.23,780.0,23016.26,EMP,Single,  Phoenix  ,Yes
APP-11148,2022-05-10,F,33.0,"$137,304.71",624.0,42615.44,EMP,Married,san antonio,Y
APP-10574,2023-08-11,Male,22.0,56759.62,725.0,24357.83,Employed,Single,Philadelphia,1
APP-10050,2022-01-21,male,29.0,"$35,088.27",658.0,48812.73,Employed,Married,San Diego,1
APP-10853,"March 30, 2023",  Female  ,43.0,"$96,307.45",736.0,21900.53,Employed,married,NEW YORK,Y
APP-11982,2023-12-31,,29.0,24623,698.0,12216.48,Unemployed,divorced,Houston,No
APP-12774,2023-05-03,F,47.0,"$40,090.04",578.0,24994.49,,Single,Philadelphia,1
APP-11823,"January 23, 2023",F,52.0,88658,674.0,21227.02,  Employed  ,MARRIED,San Antonio,y
APP-10833,24/09/2022,,47.0,"$10,000,000.00",683.0,31293.13,Self-Employed,S,NEW YORK,Y
APP-11115,2023-08-26,Male,49.0,,715.0,34246.97,Unemployed,Married,San Diego,n
APP-11166,2023-08-06,Male,49.0,98714.05,614.0,"$22,002.22",Pensioner,single,Philadelphia,No
APP-12518,2023-09-04,Female,26.0,"$32,065.77",728.0,27668.31,Employed,Single,Los Angeles,n
APP-11906,2023-06-17,Female,33.0,,558.0,63922.84,,married,San Diego,N
  APP-10971  ,"November 17, 2022",F,24.0,,589.0,19200.83,  Employed  ,Divorced,Phoenix,1
APP-12701,2023-04-18,,47.0,,674.0,39944.32,Employed,Married,Houston,Yes
APP-10399,"December 03, 2023",female,48.0,"$90,875.26",541.0,"$20,849.53",Employed,Divorced,San Diego,Y
APP-12559,2023-12-18,Male,36.0,"  $99,576  ",641.0,20546.94,UNEMP,MARRIED,Houston,Yes
APP-12368,"September 24, 2022",Female,,"  $94,683  ",722.0,15709.84,employed,Married,San Diego,N
APP-10019,2022.05.18,Male,34.0,32358.28,597.0,34007.12,Self-Employed,Married,PHOENIX,Y
APP-10684,02/25/2023,female,47.0,"$24,403.07",666.0,"$25,925.76",employed,Single,New York,Y
APP-10035,"September 29, 2022",OTH,46.0,39706.37,677.0,"$30,955.67",Ret.,M,Chicago,No
APP-13130,26/11/2023,  Female  ,32.0,40588.32,679.0,18390.52,Employed,Single,New York,Y
APP-12875,2022-07-29,Male,19.0,"$36,302.39",581.0,21506.82,self-employed,married,Philadelphia,1
APP-10524,2023.11.23,Female,34.0,"  $63,442  ",736.0,14226.88,unemployed,MARRIED,SAN DIEGO,1
APP-12455,2023-03-30,f,40.0,"$23,368.66",741.0,27549.98,Self-Employed,M,  Los Angeles  ,Yes
APP-10920,"November 12, 2022",male,47.0,20055.96,757.0,"$28,500.96",unemployed,Single,San Antonio,Yes
  APP-11841  ,2022-12-15,Female,25.0,25299.26,671.0,23842.87,Employed,single,san antonio,n
APP-11890,NULL,Male,30.0,120604,732.0,42602.7,  Employed  ,Married,  Philadelphia  ,Y
APP-10537,Unknown,female,34.0,"$28,738.69",726.0,42304.81,Employed,Married,Phoenix,Y
APP-12806,08/23/2023,,53.0,58962.91,683.0,25210.56,EMP,M,New York,Y
APP-11705,2023-07-26,male,27.0,"$61,624.40",685.0,,Unemployed,Married,Philadelphia,Yes
APP-11005,2023-04-19,male,23.0,"$33,367.15",703.0,"$30,010.23",unemployed,Married,San Diego,1
APP-10245,15/10/2023,Male,25.0,"$35,175.58",,"$43,796.10",Employed,Single,SAN ANTONIO,Y
APP-10784,2023-02-25,M,46.0,"$64,700.06",723.0,21366.17,Employed,Married,New York,1
APP-11409,28/03/2023,F,36.0,36085.33,523.0,25920.12,employed,Single,CHICAGO,Y
APP-12537,06/19/2022,Female,,"$34,560.46",760.0,27029.69,Self-Employed,M,Chicago,1
APP-10154,2022.10.10,Male,23.0,"$58,805.41",668.0,36313.36,Employed,Single,San Antonio,1
APP-11686,2022-07-30,,30.0,"  $60,644  ",641.0,"$47,519.75",Employed,MARRIED,Los Angeles,N
  APP-12901  ,2022-12-11,Male,37.0,77342.9,761.0,"$16,544.41",Self-Employed,Single,San Diego,No
APP-10625,03/04/2022,Male,51.0,"  $33,469  ",751.0,23266.61,,married,Los Angeles,Yes
APP-12733,2023-03-23,,19.0,77124,748.0,19537.72,Employed,D,  Los Angeles  ,n
APP-13179,2023-08-09,F,26.0,,654.0,50081.53,employed,Married,San Diego,n
APP-11346,2022-02-19,Male,57.0,,692.0,16504.04,Employed,DIVORCED,  Phoenix  ,Yes
APP-10569,19/08/2023,F,20.0,"$105,151.56",604.0,24589.31,Self Employed,single,san antonio,Yes
  APP-11733  ,2023-07-31,M,46.0,77496.44,771.0,"$37,389.76",Employed,Married,PHILADELPHIA,y
APP-11758,11/15/2023,Male,34.0,"$24,923.53",584.0,53786.94,Unemployed,Single,los angeles,n
APP-11816,"September 26, 2022",Male,23.0,22533.71,619.0,"$21,365.36",Self-Employed,single,Chicago,1
APP-12065,21/07/2022,Other,210.0,"$34,460.43",717.0,"$35,739.52",retired,Married,Los Angeles,1
APP-10127,2022.01.26,Male,51.0,31411.11,685.0,26444.66,Retired,M,Chicago,y
APP-10461,2023-10-27,Female,50.0,"  $81,769  ",584.0,"$12,345.00",Employed,Married,Houston,Yes
APP-12006,07/16/2022,Male,29.0,"$20,118.83",714.0,"$24,988.33",Unemployed,SINGLE,  Chicago  ,1
APP-10980,"October 11, 2022",FEMALE,21.0,41867,835.0,"$24,558.65",Full-Time,Single,Phoenix,Y
APP-12057,2022-11-27,Male,25.0,"$32,904.76",653.0,"$12,345.00",employed,Single,New York,Yes
APP-10190,"May 10, 2023",Male,20.0,"$24,658.55",675.0,"$23,532.65",Employed,married,Houston,1
APP-11139,09/06/2023,m,,"  $51,653  ",694.0,55146.6,Self-Employed,single,San Antonio,1
APP-10992,2022-10-11,Female,24.0,28688.59,668.0,35470.74,Employed,Single,philadelphia,n
APP-10699,07/04/2023,Female,41.0,"$22,711.65",709.0,20202.75,Unemployed,Married,houston,1
APP-10606,2023-12-04,Male,33.0,"$89,767.21",662.0,25417.24,self-employed,Married,LOS ANGELES,Yes
APP-10180,"April 24, 2023",,30.0,"$44,310.80",565.0,"$28,018.27",Unemployed,married,  New York  ,y
APP-10301,17/05/2023,Male,19.0,"  $84,840  ",702.0,"$43,355.59",Full-Time,Single,Philadelphia,N
APP-12544,2022-06-29,MALE,41.0,70043,599.0,20255.23,Employed,married,Houston,y
APP-13075,16/08/2022,female,45.0,57572.99,644.0,22270.86,Unemployed,Married,New York,1
APP-11060,"March 06, 2022",M,37.0,"$24,832.29",753.0,30632.32,Full-Time,single,Chicago,y
APP-13120,15/07/2022,Other,53.0,23400.98,561.0,16981.48,self-employed,M,Philadelphia,Y
APP-13181,"November 07, 2022",M,19.0,96802.91,794.0,29863.1,Employed,Divorced,Phoenix,Yes
APP-12565,2022-12-28,M,36.0,64207.31,538.0,28390.31,self-employed,married,Phoenix,Yes
APP-11069,26/02/2022,Female,37.0,24256.48,715.0,16972.45,Full-Time,SINGLE,  Chicago  ,Yes
APP-12524,2023-11-07,,42.0,56375.97,,19716.1,Self-Employed,married,  Phoenix  ,1
APP-12205,"December 15, 2022",male,60.0,"$133,617.03",519.0,43012.5,  Employed  ,Divorced,Houston,Yes
APP-11243,16/01/2023,M,28.0,92963,583.0,17113.8,  Employed  ,married,Phoenix,Yes
  APP-10016  ,17/03/2023,female,37.0,"$29,378.19",753.0,32222.8,Self-Employed,SINGLE,San Antonio,y
APP-10563,2023-12-19,male,52.0,60093,600.0,"$12,345.00",Employed,Married,SAN DIEGO,Yes
APP-10546,2022-04-26,M,48.0,43011.55,850.0,,unemployed,MARRIED,philadelphia,y
APP-10658,"May 01, 2023",F,,"  $64,156  ",629.0,36679.16,Retired,Single,chicago,Y
APP-12991,2023-11-15,male,27.0,32603,642.0,45369.54,Freelancer,Divorced,Houston,1
APP-13026,2023-11-24,Male,40.0,"$154,036.84",682.0,"$16,814.96",self-employed,SINGLE,San Diego,1
APP-11504,2023-12-14,MALE,32.0,135183,,12082.25,Employed,M,Philadelphia,1
APP-10959,01/07/2022,Male,70.0,24614,624.0,34051.01,Employed,single,San Antonio,1
APP-12926,2023.03.27,Female,44.0,47284.67,793.0,20327.63,EMP,single,San Antonio,1
  APP-12331  ,"December 16, 2023",M,29.0,"$36,050.63",50.0,"$49,766.50",retired,Married,San Antonio,Y
APP-10797,"January 08, 2023",Male,36.0,"$76,879.82",9999.0,40851.8,employed,Married,philadelphia,1
APP-10225,04/10/2022,M,58.0,"$98,662.60",544.0,"$25,488.78",Employed,Married,San Antonio,0
APP-12074,02/10/2023,male,,,739.0,75348.67,UNEMP,SINGLE,houston,Y
APP-11799,2023-11-12,Male,53.0,50161.3,480.0,,unemployed,Married,chicago,n
APP-12485,27/03/2023,Female,31.0,29260.86,765.0,43683.21,Freelancer,married,Houston,N
APP-10143,10/06/2022,,29.0,82768,576.0,"$25,546.71",  Employed  ,Married,San Antonio,1
  APP-12277  ,2023-09-30,male,47.0,"$64,280.38",719.0,47618.41,Employed,Divorced,San Diego,1
APP-12085,"March 17, 2023",Male,40.0,"  $29,699  ",704.0,38285.59,Self-Employed,MARRIED,LOS ANGELES,Yes
APP-11693,2022-10-08,Male,33.0,48979.88,744.0,"$18,753.77",Employed,Married,Houston,1
APP-12797,2022-09-11,Male,49.0,"$135,364.98",663.0,40166.33,Employed,Married,New York,No
APP-11045,"October 27, 2022",Female,56.0,149335,755.0,42059.57,self-employed,single,Houston,y
APP-10469,12/21/2023,Male,41.0,"  $83,588  ",652.0,"$30,316.88",Unemployed,Single,Chicago,1
APP-10954,11/20/2023,female,50.0,,771.0,22390.92,  Employed  ,divorced,Philadelphia,No
APP-12226,26/02/2023,m,23.0,"$50,296.66",786.0,"$12,345.00",self-employed,Single,phoenix,Y
APP-12735,"May 12, 2023",,21.0,44883,694.0,"$49,384.39",Employed,Married,Los Angeles,y
APP-10639,2022-09-10,,35.0,"  $21,475  ",660.0,22936.15,Employed,MARRIED,San Diego,Yes
APP-13078,2023-05-08,male,40.0,37103.4,656.0,22974.93,Unemployed,Single,New York,No
APP-11218,05/12/2022,F,39.0,"  $59,380  ",593.0,17238.53,Employed,Married,Chicago,1
APP-11158,2022-11-04,female,210.0,"$113,387.95",-100.0,12203.57,EMP,Married,San Diego,y
APP-11415,2023-09-13,FEMALE,54.0,"$21,431.15",757.0,"$31,074.11",self-employed,Married,Phoenix,Y
APP-13061,09/04/2023,Male,36.0,"$109,850.81",701.0,"$23,142.34",employed,Single,Phoenix,Y
APP-11527,2022-01-14,male,63.0,"$99,285.27",791.0,"$38,283.35",EMP,Married,Chicago,n
  APP-12655  ,2022-07-26,Female,,"  $68,372  ",,,self-employed,MARRIED,Los Angeles,Y
APP-11300,2022.09.19,Male,,40152.88,618.0,32398.88,Employed,Divorced,Chicago,Yes
APP-13169,05/31/2023,Female,38.0,43552.33,660.0,33679.7,Employed,Married,Philadelphia,Y
APP-12848,2022-06-19,M,47.0,"$106,724.13",627.0,,Self-Employed,Married,Phoenix,No
APP-11603,2023.03.04,male,47.0,47230.54,718.0,"$36,512.41",Employed,,Phoenix,y
APP-10160,"July 17, 2022",Male,48.0,"  $51,525  ",713.0,49733.37,employed,single,New York,1
APP-11704,05/29/2023,Male,19.0,"$65,323.89",754.0,22338.62,  Employed  ,Single,Chicago,Y
APP-10956,16/10/2023,Male,47.0,"$42,826.54",612.0,17922.56,Ret.,single,Phoenix,0
APP-12869,21/04/2022,Femal,39.0,"  $131,778  ",641.0,"$40,319.57",Employed,Married,New York,1
APP-10180,"April 24, 2023",,30.0,"$44,310.80",565.0,"$28,018.27",Unemployed,married,  New York  ,y
APP-10877,03/07/2022,Male,45.0,"$34,209.93",653.0,29786.94,  Employed  ,Married,NEW YORK,1
APP-11919,26/05/2023,Female,39.0,"$23,839.83",687.0,26631.06,UNEMP,Single,Chicago,0
APP-12961,2023.07.05,Male,42.0,"$21,875.57",626.0,"$50,042.41",Employed,M,New York,y
APP-11884,2023-01-30,Male,39.0,"  $60,017  ",544.0,22140.02,Pensioner,Single,Houston,1
APP-12200,2022.08.05,M,46.0,"  $33,537  ",623.0,24905.91,EMP,single,San Diego,1
APP-10098,03/19/2022,other,44.0,"$22,387.31",716.0,"$23,100.22",Unemployed,M,PHOENIX,Yes
APP-13128,2023-08-23,male,25.0,63229,687.0,20994.57,Self-Employed,Married,San Diego,N
APP-12557,03/01/2023,Female,36.0,36919,572.0,29951.06,UNEMP,Married,New York,N
APP-10253,2023-07-16,Male,,101871,602.0,"$40,102.26",Employed,Single,Houston,Y
APP-10103,2022-12-04,m,33.0,217769.43,779.0,22466.16,Unemployed,M,Philadelphia,1
APP-11445,2022-03-04,other,58.0,"$159,135.97",761.0,"$38,225.99",Unemployed,Married,houston,1
APP-11443,2022-02-14,MALE,59.0,"  $106,870  ",706.0,27593.51,,Married,Chicago,Y
APP-11648,2023-08-02,female,19.0,"$48,294.02",752.0,27964.33,Self-Employed,Married,Phoenix,1
APP-10586,2023-04-07,f,43.0,75611.77,566.0,23126.95,employed,,Phoenix,1
APP-10627,09/18/2022,Female,19.0,58804.72,709.0,27926.5,UNEMP,Married,Philadelphia,No
APP-11696,2023.12.25,Female,54.0,"$25,835.95",581.0,"$35,379.06",Pensioner,Single,New York,Yes
APP-12101,"December 11, 2023",F,43.0,157160.47,646.0,"$11,162.20",Employed,Married,New York,Yes
APP-12199,2022-05-19,Male,34.0,"  $84,052  ",732.0,"$22,800.05",Employed,S,Los Angeles,Y
APP-10403,2022-11-15,other,40.0,34653,694.0,24468.42,employed,Divorced,Philadelphia,N
APP-11154,2023-08-20,  Male  ,50.0,"$124,024.29",50.0,"$50,982.77",employed,Married,CHICAGO,1
APP-12255,04/01/2023,Femal,47.0,36293.48,,19652.16,Unemployed,married,  New York  ,Y
APP-12863,2023-03-25,Female,27.0,"$97,071.64",632.0,"$23,836.51",Self-Employed,Married,Los Angeles,y
APP-11682,"January 07, 2022",Female,40.0,"$30,179.16",741.0,18854.16,Retired,,New York,Yes
APP-12056,2023-07-25,OTH,46.0,"$111,776.97",587.0,,Self-Employed,Married,CHICAGO,y
APP-13146,08/27/2022,M,25.0,58725.06,678.0,"$21,451.96",UNEMP,Married,New York,y
APP-10452,15/01/2022,female,32.0,,822.0,"$17,292.73",Self-Employed,Single,los angeles,0
APP-12301,2023-05-24,M,37.0,"$63,583.61",663.0,30781.63,EMP,Divorced,Phoenix,1
  APP-11327  ,11/25/2023,Female,33.0,"$24,114.85",728.0,"$35,231.10",  Employed  ,married,Phoenix,y
APP-12944,2023.10.10,Male,37.0,"-$15,000",690.0,44416.16,Employed,married,Phoenix,N
APP-12049,"January 29, 2022",Female,34.0,"$51,927.92",724.0,"$20,255.99",EMP,Single,New York,y
APP-10880,25/08/2023,Male,27.0,"$112,760.70",724.0,55675.48,Self-Employed,MARRIED,Los Angeles,1
APP-10630,"April 06, 2022",F,0.0,37430.25,649.0,20223.53,unemployed,single,Philadelphia,Yes
APP-10623,12/10/2022,Male,32.0,157212,598.0,"$24,592.01",Employed,Single,Houston,N
APP-12393,"July 12, 2022",M,35.0,"  $46,611  ",612.0,21449.36,employed,Divorced,New York,Y
APP-13069,"June 26, 2023",FEMALE,40.0,"$27,794.75",,"$34,650.81",Employed,Married,Phoenix,Yes
APP-11787,"August 04, 2023",F,25.0,"$41,854.60",655.0,47901.29,unemployed,MARRIED,Los Angeles,N
APP-10262,"October 11, 2022",Other,47.0,,737.0,43887.4,Self Employed,married,San Antonio,1
APP-11634,2022.01.05,Female,39.0,49713,789.0,37078.92,Employed,MARRIED,New York,1
APP-11438,"July 17, 2022",M,42.0,27904,704.0,31114.14,unemployed,M,SAN ANTONIO,Y
APP-12198,2022-01-07,Female,42.0,"  $85,904  ",685.0,21925.11,Self-Employed,,Houston,1
APP-11969,2023-01-22,Male,36.0,38604.98,750.0,48215.57,Employed,Divorced,New York,n
APP-12520,2022-09-10,MALE,,"  $50,207  ",658.0,"$23,809.03",Retired,married,  Philadelphia  ,y
APP-11802,19/02/2022,FEMALE,62.0,22023,640.0,35661.06,,Divorced,Phoenix,y
  APP-10640  ,"October 10, 2022",  Male  ,22.0,65265,567.0,14061.99,None,Married,  New York  ,No
APP-10349,09/04/2022,,21.0,"$57,216.39",823.0,"$12,345.00",Unemployed,Married,Chicago,Yes
APP-12385,2023.06.21,Female,60.0,47817.0,710.0,24048.89,Employed,Married,San Antonio,Yes
APP-12598,2022.07.30,,35.0,137725,597.0,,Retired,Married,Phoenix,n
APP-13131,Unknown,Female,43.0,"  $26,123  ",715.0,"$29,497.47",,Married,CHICAGO,1
APP-11959,03/22/2023,Other,28.0,"  $28,740  ",,36135.35,Employed,Married,San Diego,y
APP-12976,2023-09-22,  Female  ,40.0,"$142,836.12",656.0,"$32,007.22",Employed,Married,new york,y
APP-10488,21/07/2022,MALE,29.0,131204,696.0,"$33,656.81",UNEMP,Single,  Los Angeles  ,Y
APP-11843,06/09/2023,Male,29.0,"$20,805.59",829.0,"$20,069.57",Employed,married,  San Antonio  ,Y
APP-11734,2022.10.16,Male,33.0,154676,703.0,19846.13,self-employed,Single,New York,No
APP-12911,29/12/2022,MALE,59.0,85887,649.0,22405.61,employed,married,Phoenix,y
APP-10146,13/04/2023,,40.0,50336.57,710.0,16602.85,employed,Single,Philadelphia,Y
APP-11534,"December 17, 2023",male,53.0,"$92,946.08",688.0,52282.69,Employed,Married,Chicago,1
APP-11986,2022-01-30,  Male  ,31.0,"$77,230.17",661.0,37395.62,employed,S,Los Angeles,Yes
APP-11369,2022-03-04,Male,32.0,44253.49,676.0,48835.67,EMP,single,Philadelphia,n
APP-12450,13/01/2023,F,51.0,92966,706.0,"$25,963.80",EMP,Married,  Philadelphia  ,y
APP-12547,2022-06-11,Female,30.0,"$99,999,999",632.0,18085.48,Employed,SINGLE,Phoenix,N
APP-13002,2022-12-28,Femal,48.0,"$50,108.69",677.0,"$30,974.28",Self-Employed,Single,Chicago,1
APP-12811,2023-12-07,Male,32.0,43347.19,758.0,"$66,265.26",Self-Employed,MARRIED,Phoenix,Y
APP-10659,2022-06-19,Female,31.0,"$45,060.37",706.0,26993.21,Employed,Divorced,Los Angeles,Yes
APP-11794,2023.08.26,male,49.0,"  $39,081  ",687.0,,Employed,single,Houston,1
APP-12511,31/12/2023,  Male  ,36.0,"$40,575.19",643.0,"$51,679.66",Self-Employed,Married,New York,1
APP-10186,2023-04-01,Female,36.0,"  $24,311  ",768.0,"$43,084.38",EMP,Married,Los Angeles,1
APP-11147,2022-05-14,f,33.0,"$56,668.60",625.0,16359.41,UNEMP,married,New York,Y
APP-10608,2023-05-19,F,29.0,118319.8,625.0,37944.3,Retired,Married,San Diego,No
APP-12191,15/03/2023,  Female  ,55.0,"$101,691.58",693.0,"$32,143.88",Self-Employed,Single,New York,1
  APP-12799  ,01/27/2022,f,45.0,"$140,768.72",715.0,28704.85,Ret.,,  New York  ,n
APP-11930,2023.10.07,f,49.0,73684.42,531.0,42447.37,Self-Employed,S,PHOENIX,Y
APP-13029,2022-10-28,,37.0,"$97,406.42",732.0,26156.2,Employed,DIVORCED,Los Angeles,Y
APP-10197,03/13/2023,Male,33.0,"$86,496.08",716.0,34762.65,Full-Time,Married,Philadelphia,0
APP-12931,2022-04-21,male,40.0,,608.0,39687.2,Employed,Divorced,Philadelphia,Y
APP-12327,2022-01-28,Male,52.0,27596.2,658.0,35506.01,Employed,Married,Los Angeles,0
APP-10293,2023-02-24,Male,30.0,"  $54,384  ",711.0,17323.62,Self-Employed,Single,Houston,n
APP-10766,2022-12-20,Male,33.0,"$179,299.97",730.0,25486.03,UNEMP,Married,phoenix,Y
APP-10400,2022-09-30,Male,50.0,"  $26,633  ",842.0,32588.46,Full-Time,M,New York,0
APP-10122,2022-05-19,,25.0,"$61,191.20",720.0,"$56,234.97",EMP,Married,Los Angeles,No
APP-10202,30/09/2022,Male,37.0,"$50,614.27",676.0,26060.83,unemployed,Married,Phoenix,y
APP-10835,2023-01-24,Male,46.0,,615.0,"$32,521.92",EMP,Single,San Antonio,0
APP-12294,2023-05-24,Male,39.0,29144,642.0,35440.78,Ret.,Married,Chicago,0
APP-11439,2023-07-12,M,27.0,95882,674.0,26588.9,Employed,Single,  Los Angeles  ,y
  APP-11733  ,2023-07-31,M,46.0,77496.44,771.0,"$37,389.76",Employed,Married,PHILADELPHIA,y
  APP-11695  ,2023-04-05,,47.0,"$27,556.35",624.0,30039.34,Full-Time,single,New York,y
APP-10584,2022-05-23,male,49.0,"  $88,638  ",630.0,"$21,623.53",Employed,Married,Phoenix,Yes
APP-11707,08/10/2023,M,51.0,79748.05,630.0,"$15,870.70",Full-Time,Married,Los Angeles,N
APP-10680,09/22/2022,other,19.0,"  $85,280  ",677.0,28261.27,Employed,Single,Los Angeles,0
APP-11153,2023-12-27,female,37.0,"  $23,152  ",745.0,"$25,467.81",,Married,LOS ANGELES,n
APP-11661,06/08/2023,Male,49.0,,707.0,43304.91,employed,married,SAN DIEGO,1
APP-12432,"March 13, 2022",male,44.0,118858,574.0,"$40,277.16",Employed,Married,Philadelphia,Y
APP-11759,2022-10-05,male,36.0,108412.84,771.0,"$33,086.63",self-employed,Married,Chicago,1
APP-10854,2022-01-30,,35.0,30376,586.0,"$44,937.67",EMP,Married,Philadelphia,0
APP-11589,27/09/2022,Male,,36586.21,762.0,35416.74,Employed,divorced,Houston,1
APP-12267,2023-12-01,male,34.0,46745.95,663.0,25991.08,self-employed,Married,Chicago,y
APP-10641,NULL,female,22.0,50711.24,745.0,28595.9,Employed,Married,  San Antonio  ,1
APP-10001,2023-05-20,Female,31.0,46104.09,,40135.83,employed,MARRIED,Los Angeles,No
APP-12160,17/10/2022,FEMALE,33.0,134136,670.0,"$22,664.67",Freelancer,Single,houston,Y
APP-10698,2023-05-03,,49.0,"$10,000,000.00",788.0,23296.09,Self-Employed,Married,San Antonio,Y
APP-12999,2022-04-12,Female,26.0,"$109,931.57",736.0,18967.56,Ret.,Married,New York,Y
APP-11636,2022.11.09,Male,27.0,"  $81,269  ",558.0,39187.62,  Employed  ,Married,San Antonio,Yes
APP-11291,2022-04-07,Femal,56.0,"$81,865.57",627.0,58270.95,unemployed,Single,New York,n
APP-13158,2022.03.12,female,28.0,,704.0,21301.9,Self-Employed,,new york,y
APP-12489,2022-06-03,  Male  ,44.0,33174,586.0,37703.87,Employed,divorced,Chicago,0
APP-11520,"April 01, 2022",female,35.0,46920.72,763.0,29501.15,Employed,Single,Phoenix,No
APP-11853,"April 17, 2023",F,35.0,"$127,879.18",751.0,,Retired,single,SAN DIEGO,1
APP-11136,Unknown,Other,,"  $50,967  ",694.0,30720.33,Employed,Married,Los Angeles,Y
APP-11925,2022-06-23,F,41.0,"$99,999,999",702.0,31265.09,employed,single,San Diego,y
APP-11631,10/14/2022,Male,47.0,"$49,099.92",625.0,"$19,044.10",Self-Employed,Married,  Houston  ,1
APP-11998,"January 08, 2022",Male,,78006.3,584.0,"$24,022.33",Retired,Married,CHICAGO,y
APP-10663,"January 26, 2022",Male,57.0,124086,712.0,"$34,684.93",Self-Employed,Divorced,PHOENIX,y
APP-10683,2023-01-11,  Female  ,31.0,39874,572.0,13775.75,Unemployed,married,New York,No
APP-11257,2022-11-16,Male,36.0,20278,666.0,,employed,single,SAN DIEGO,No
APP-10317,"November 10, 2022",male,32.0,"  $50,849  ",565.0,"$18,142.79",Employed,Married,  Philadelphia  ,y
APP-10648,11/15/2023,MALE,19.0,"$22,313.27",610.0,"$21,424.10",Full-Time,Single,Los Angeles,Yes
APP-11434,13/05/2022,f,19.0,122236,688.0,"$41,372.88",Employed,Single,Chicago,1
APP-11479,2022-10-25,male,48.0,47449,704.0,"$27,642.13",unemployed,Married,Phoenix,N
APP-10709,2023-10-31,Female,19.0,"  $101,933  ",698.0,53136.09,Full-Time,SINGLE,chicago,n
APP-11282,14/09/2023,M,29.0,38323.46,671.0,"$44,726.71",Self-Employed,Married,  New York  ,No
APP-11768,"July 09, 2023",,43.0,"  $33,012  ",617.0,30445.9,Employed,married,  San Diego  ,Yes
APP-10972,2023-09-07,male,19.0,"$116,058.35",774.0,"$40,910.64",  Employed  ,MARRIED,Phoenix,Y
APP-12675,2023-06-16,male,38.0,184669.34,,14785.7,self-employed,Married,San Diego,Yes
APP-12680,2023-06-24,Male,57.0,123675.57,688.0,"$31,763.66",employed,single,Philadelphia,Y
APP-11306,2022-03-16,female,54.0,"  $42,181  ",695.0,"$33,488.24",Retired,Single,San Diego,1
APP-11400,"December 14, 2022",,31.0,"  $62,177  ",817.0,16577.6,employed,Married,Houston,N
APP-11408,08/10/2023,f,33.0,"  $113,392  ",682.0,43553.42,  Employed  ,Married,Chicago,y
  APP-12237  ,2023-03-08,Female,38.0,"$60,642.32",671.0,34384.5,Retired,M,San Antonio,0
APP-11496,2022-12-01,Female,41.0,54118,624.0,21919.94,EMP,Single,San Diego,y
APP-12038,2022-03-23,Male,20.0,"$45,132.82",754.0,25385.86,Retired,single,PHILADELPHIA,1
APP-11529,2022-09-01,Female,37.0,"$25,975.92",709.0,16770.01,Employed,Single,San Diego,Yes
APP-11663,30/05/2022,,30.0,44681.12,594.0,39702.98,Self-Employed,M,chicago,N
APP-11354,2023-03-04,Male,30.0,"$25,082.54",752.0,46323.76,Employed,DIVORCED,philadelphia,No
APP-12632,23/08/2022,female,47.0,"$60,202.82",611.0,39812.86,Employed,Single,Los Angeles,1
APP-12474,2022-05-24,Male,28.0,43098,692.0,32537.07,EMP,Single,San Diego,y
APP-11643,2022-02-18,F,42.0,"$90,340.17",692.0,63397.58,EMP,Single,Philadelphia,1
APP-11051,2022-07-26,female,43.0,60100.16,,21514.64,EMP,SINGLE,San Antonio,Yes
APP-10795,"September 03, 2023",FEMALE,49.0,"$54,550.00",691.0,"$18,514.74",Employed,married,Chicago,N
APP-12693,"May 28, 2023",Male,46.0,"$122,844.07",666.0,42438.02,  Employed  ,single,Los Angeles,y
APP-13060,01/31/2022,Female,40.0,65228.86,801.0,43650.86,Retired,Divorced,Los Angeles,y
APP-11597,2022-08-02,F,67.0,"  $146,071  ",797.0,,,S,Los Angeles,Y
APP-12604,"June 20, 2022",Male,39.0,54764.51,730.0,30303.01,unemployed,SINGLE,Houston,n
APP-12729,05/14/2023,Male,44.0,"  $76,189  ",769.0,19922.71,  Employed  ,Single,San Antonio,No
APP-12625,2022.04.19,Male,27.0,65548.29,748.0,18975.45,EMP,Married,San Antonio,y
APP-11819,2023-07-15,female,61.0,"$44,074.55",9999.0,"$18,907.98",  Employed  ,Married,New York,Yes
APP-11722,05/01/2023,M,43.0,"  $30,112  ",676.0,17602.18,EMP,Divorced,San Antonio,Y
APP-11183,2023.06.17,Female,36.0,81776.65,,26460.02,employed,Married,Philadelphia,1
APP-12572,24/01/2022,Male,46.0,38610.45,680.0,24822.28,employed,Married,  Houston  ,N
  APP-11059  ,30/07/2023,OTH,30.0,311018.1,692.0,19401.5,Employed,Single,  Houston  ,y
  APP-10540  ,11/11/2023,,20.0,103838.47,680.0,39463.02,Employed,Single,San Antonio,No
,01/06/2023,other,42.0,"$92,302.05",629.0,35127.28,Employed,S,Philadelphia,No
APP-12796,11/04/2023,Male,210.0,"$80,846.53",600.0,"$18,574.00",EMP,married,  San Diego  ,Yes
APP-13196,2023-05-07,F,26.0,"$121,396.66",740.0,,Self-Employed,Single,Los Angeles,n
APP-12532,2022.01.10,MALE,29.0,37147.74,657.0,,Self Employed,Divorced,Los Angeles,1
APP-11757,10/12/2023,Male,30.0,"$50,399.52",682.0,39967.89,EMP,Married,San Antonio,Yes
APP-11923,2022-08-19,Male,38.0,57791.59,562.0,,Self-Employed,MARRIED,New York,y
APP-10095,2023-09-07,Female,31.0,48003.69,771.0,"$51,405.64",EMP,Married,  San Diego  ,1
APP-11020,14/02/2022,f,40.0,,777.0,"$18,368.15",  Employed  ,married,Chicago,1
APP-10563,2023-12-19,male,52.0,60093,600.0,22702.75,Employed,Married,SAN DIEGO,Yes
APP-12790,2023-01-13,Male,,288129.64,682.0,"$54,136.86",Full-Time,Married,San Antonio,Yes
APP-10863,01/04/2023,Male,34.0,39237,776.0,45771.93,Retired,single,  Philadelphia  ,No
  APP-11484  ,"November 17, 2022",Femal,31.0,35845.6,669.0,23201.58,Unemployed,Married,Los Angeles,y
APP-12939,2023-08-04,Male,68.0,"$59,809.70",691.0,"$22,619.30",Retired,single,Philadelphia,Y
APP-11881,"March 22, 2023",f,57.0,31694.24,720.0,"$12,996.99",unemployed,D,Houston,1
APP-11038,12/28/2022,Female,40.0,101884,778.0,"$37,395.66",Employed,Single,Philadelphia,n
APP-10206,01/10/2023,,19.0,"$51,478.66",1500.0,41796.28,UNEMP,Married,San Diego,Y
APP-10392,"October 28, 2023",f,28.0,"$53,665.71",,34421.13,Self-Employed,Single,NEW YORK,Y
APP-12842,05/02/2023,female,53.0,"$34,761.80",795.0,"$34,112.85",employed,Married,  Los Angeles  ,0
APP-10870,04/23/2022,female,42.0,"$110,915.18",569.0,31646.54,Employed,Married,Phoenix,y
APP-10397,2022-01-07,male,39.0,"$120,294.33",702.0,47885.27,Unemployed,Married,PHOENIX,Yes
APP-12814,2022-01-16,M,50.0,,572.0,17811.72,EMP,Divorced,Phoenix,0
APP-13185,21/05/2023,Male,40.0,"$44,791.18",722.0,"$40,830.30",Employed,single,San Antonio,0
APP-11028,"April 20, 2022",male,61.0,21143.79,666.0,"$18,620.48",employed,S,Chicago,Y
APP-12690,21/11/2022,male,30.0,"$26,234.79",557.0,"$23,460.59",Ret.,single,Chicago,N
APP-11485,2023-08-17,Female,30.0,23373.62,731.0,39149.88,Employed,Single,Chicago,Y
APP-12660,30/03/2022,Female,37.0,41986,558.0,27869.32,EMP,MARRIED,San Antonio,1
APP-10960,"December 01, 2023",Female,56.0,,695.0,"$19,252.86",  Employed  ,Married,Los Angeles,N
APP-11570,2023-01-28,female,23.0,120390.72,639.0,19979.64,Unemployed,Divorced,los angeles,1
  APP-12773  ,03/02/2023,Male,40.0,"$66,522.18",,"$35,250.81",Self-Employed,Single,CHICAGO,Y
APP-11895,22/10/2023,MALE,33.0,42264.27,672.0,41286.02,Employed,M,San Antonio,Y
APP-12731,17/04/2022,Male,68.0,"$31,676.18",649.0,53993.12,Retired,Single,PHOENIX,1
APP-12146,2023.08.01,f,40.0,"$46,573.54",655.0,40377.12,Unemployed,married,San Antonio,N
APP-10804,2022-05-19,Male,47.0,"$44,049.65",780.0,24510.51,EMP,married,SAN ANTONIO,0
APP-11751,2022-09-13,male,31.0,20598.62,683.0,,Employed,Married,Chicago,n
APP-12454,23/09/2023,Female,30.0,"  $20,320  ",602.0,,employed,Single,  Phoenix  ,1
APP-10502,2022-04-21,M,27.0,"  $358,500  ",705.0,"$22,019.17",employed,Single,San Antonio,0
APP-13119,2023-02-20,Male,44.0,106906,721.0,13259.31,EMP,,San Diego,Y
APP-13104,14/09/2023,  Male  ,42.0,64544.09,617.0,"$32,681.72",Employed,Single,Los Angeles,1
APP-12977,12/12/2022,Male,,27268.38,724.0,25978.91,employed,Married,Houston,1
APP-10779,2022-09-14,F,28.0,"$53,456.27",790.0,"$32,618.40",self-employed,Single,Philadelphia,No
APP-11863,2022-10-23,male,33.0,41944.79,732.0,39521.91,Ret.,Married,San Antonio,n
  APP-10200  ,"June 25, 2023",male,39.0,"$50,564.46",727.0,14421.68,EMP,Married,PHOENIX,y
APP-12182,2023-07-28,female,49.0,"-$15,000",658.0,"$27,610.46",Employed,Single,SAN DIEGO,1
APP-13099,30/03/2023,Male,36.0,20436,633.0,"$35,733.98",,S,SAN ANTONIO,Yes
APP-12088,"May 11, 2022",Female,25.0,"  $39,242  ",638.0,"$27,725.81",,Single,San Antonio,y
APP-13065,2023-07-24,Female,68.0,"$20,070.03",746.0,33094.3,EMP,Married,  Houston  ,N
APP-12278,2022-05-04,female,0.0,122874,657.0,"$49,008.01",employed,Married,CHICAGO,Y
APP-11796,2023-04-13,female,19.0,"  $36,995  ",678.0,48925.78,Employed,Single,Phoenix,No
APP-10378,"September 11, 2022",Female,58.0,"$71,709.79",746.0,20802.37,employed,Single,Houston,n
APP-12336,2023-01-20,Female,40.0,"$10,000,000.00",584.0,"$16,689.62",Employed,Married,HOUSTON,y
APP-10418,24/12/2023,Male,47.0,"  $43,888  ",604.0,14018.71,Unemployed,Married,Chicago,No
APP-11698,2022-06-25,female,63.0,66578.19,682.0,"$56,527.24",,D,San Diego,Y
APP-10391,Unknown,Female,51.0,96288.01,619.0,26779.72,EMP,Married,San Antonio,n
APP-12640,"May 30, 2022",Male,65.0,"  $86,976  ",655.0,47084.76,Employed,married,New York,0
APP-11522,2022-07-08,M,39.0,"  $31,632  ",662.0,23339.87,Self Employed,married,Los Angeles,y
APP-11162,01/28/2023,Female,40.0,"$40,025.39",502.0,29218.84,employed,married,Los Angeles,N
APP-13134,"January 18, 2023",MALE,30.0,"$213,121.66",732.0,29256.05,self-employed,Single,Houston,N
APP-11495,05/10/2022,female,19.0,"$99,999,999",773.0,31421.54,retired,Divorced,New York,y
APP-12695,24/07/2022,female,37.0,"$40,050.38",664.0,30960.31,Full-Time,Married,Philadelphia,Yes
APP-12027,2022.01.11,Male,40.0,"  $48,961  ",684.0,22711.15,Employed,single,Houston,y
APP-11152,2022-07-18,M,45.0,59191.61,546.0,32580.46,Employed,Married,new york,1
  APP-11367  ,2023-10-19,Female,43.0,25536.77,557.0,41278.08,Employed,Single,CHICAGO,Yes
APP-12568,2022.07.20,  Male  ,28.0,84544.74,733.0,30167.75,Full-Time,Married,PHOENIX,No
APP-10064,"March 17, 2022",F,69.0,24174.82,603.0,"$54,635.64",EMP,Single,Phoenix,Yes
APP-12062,2023-09-26,male,29.0,"  $35,002  ",678.0,"$38,904.52",employed,single,HOUSTON,1
APP-11180,"December 27, 2022",Male,65.0,"$42,709.26",678.0,,EMP,M,Chicago,Y
APP-13112,2023-06-05,Female,51.0,"$153,076.21",665.0,,Self-Employed,married,Phoenix,Y
APP-10492,"December 17, 2022",Male,55.0,"$221,974.06",706.0,21060.67,employed,Single,SAN DIEGO,0
  APP-10379  ,24/03/2023,FEMALE,35.0,"$121,863.67",568.0,25541.69,Employed,D,Houston,1
APP-12235,2022-08-07,Male,56.0,"$32,708.65",718.0,"$17,979.77",UNEMP,Married,los angeles,N
APP-10763,03/19/2023,Male,35.0,20207.49,765.0,"$26,730.68",Employed,married,HOUSTON,Yes
APP-12264,28/11/2023,MALE,37.0,91728.76,538.0,27154.69,employed,Single,Philadelphia,N
APP-10791,"April 28, 2023",m,52.0,36584.4,645.0,30696.53,Employed,Married,CHICAGO,No
APP-11076,03/02/2023,Male,52.0,33903.48,654.0,"$32,944.70",EMP,Single,Los Angeles,y
APP-10878,2023-03-12,male,41.0,"$78,694.26",662.0,15708.41,employed,Single,LOS ANGELES,n
APP-10337,03/09/2023,Female,19.0,52924.63,608.0,55924.63,Employed,Single,houston,y
APP-12767,2023-01-17,Female,,24050,573.0,20663.86,employed,divorced,New York,N
APP-12343,30/10/2023,Male,142.0,"  $55,888  ",717.0,"$34,925.61",retired,Single,San Diego,n
APP-11016,2022-01-06,Male,58.0,"$35,641.88",728.0,"$19,377.15",Ret.,Divorced,  San Antonio  ,y
APP-11275,"August 29, 2022",F,25.0,"$20,240.79",,19248.79,Unemployed,Married,Phoenix,y
APP-10455,2022-05-01,  Male  ,26.0,28041,775.0,45302.26,self-employed,Married,New York,y
APP-10815,22/03/2022,Male,30.0,"  $32,702  ",608.0,26011.9,Unemployed,single,chicago,Y
APP-12317,2023-08-31,Female,35.0,"$53,364.74",601.0,,Employed,Single,PHOENIX,Yes
APP-10995,2022-08-15,female,33.0,70423.75,631.0,17881.4,Unemployed,Single,Phoenix,N
APP-11981,09/07/2022,Female,21.0,"$158,199.55",825.0,"$23,078.23",Employed,M,New York,1
APP-10201,"September 29, 2022",Male,27.0,50968.65,591.0,37195.69,Pensioner,M,San Antonio,0
APP-10161,31/03/2022,Female,37.0,"$61,339.58",668.0,"$16,024.40",Unemployed,married,Los Angeles,Y
APP-11579,2022-10-16,FEMALE,65.0,"  $29,500  ",621.0,18069.35,EMP,Single,New York,Yes
APP-12777,2023-07-05,Male,66.0,63804,601.0,28909.79,Self-Employed,single,houston,1
APP-12449,2022-12-23,Female,50.0,88044.28,,38808.25,Self-Employed,Single,Philadelphia,N
APP-10702,2023-09-25,Male,142.0,34403,649.0,"$26,698.98",Self-Employed,Married,Chicago,0
APP-11500,2023-02-31,female,38.0,"  $35,507  ",458.0,15360.22,Employed,single,Chicago,n
APP-11129,2023-03-13,Male,36.0,,675.0,44845.24,Employed,SINGLE,SAN ANTONIO,y
APP-12613,Unknown,male,23.0,"  $43,631  ",726.0,,EMP,Single,Philadelphia,0
APP-11021,11/20/2022,Female,52.0,,665.0,34567.21,self-employed,Married,San Antonio,1
APP-13073,2022-09-19,MALE,35.0,"  $24,669  ",696.0,"$25,320.42",EMP,single,Houston,Y
APP-11585,10/17/2022,Female,37.0,31871.14,801.0,24160.76,self-employed,Single,chicago,Y
APP-11955,03/24/2023,Male,32.0,"  $33,306  ",772.0,"$33,167.70",Unemployed,Married,San Antonio,y
APP-13152,2023-12-12,male,21.0,,842.0,65406.07,Self-Employed,MARRIED,Los Angeles,Y
APP-12253,2023.12.21,male,31.0,43140.97,790.0,50644.47,self-employed,Single,Philadelphia,No
APP-10034,2023-09-12,male,40.0,"$90,384.38",578.0,,Unemployed,MARRIED,san antonio,N
APP-10775,20/01/2023,FEMALE,50.0,"$10,000,000.00",676.0,19420.09,unemployed,SINGLE,San Antonio,0
  APP-12556  ,2022-04-15,male,45.0,44139.8,636.0,"$25,364.10",Unemployed,Single,los angeles,N
APP-11478,2023-02-25,,35.0,"  $22,585  ",775.0,26857.87,EMP,married,Los Angeles,Y
APP-13003,2023-05-25,Male,37.0,28412.38,695.0,"$17,505.35",Employed,Married,San Diego,1
APP-11390,2022-08-18,male,28.0,"$33,548.02",580.0,17937.39,employed,Married,Los Angeles,0
APP-12139,11/01/2022,M,36.0,"$63,496.99",654.0,,retired,Married,SAN DIEGO,Y
APP-11363,31/05/2022,M,19.0,,673.0,"$14,299.40",self-employed,Single,Houston,n
APP-12945,"May 16, 2023",Male,50.0,"$139,269.12",704.0,38185.13,Employed,MARRIED,New York,Y
APP-12612,"November 18, 2022",male,46.0,"  $48,127  ",686.0,,Employed,MARRIED,San Diego,1
APP-12824,2022-12-29,Male,28.0,63563.67,631.0,30221.1,EMP,Single,PHILADELPHIA,y
APP-12041,2023-10-24,m,39.0,,542.0,41075.8,self-employed,MARRIED,Chicago,y
APP-10241,"March 11, 2022",Male,,121697.69,619.0,24173.76,EMP,DIVORCED,Houston,Y
APP-12061,2022-12-07,Female,19.0,"  $39,983  ",604.0,"$33,116.39",EMP,Single,Chicago,1
APP-12363,2022.01.01,Female,19.0,21575.9,691.0,25353.55,Self-Employed,Married,Houston,y
APP-10600,"December 08, 2023",M,24.0,"  $129,254  ",770.0,20303.74,Employed,Married,New York,1
APP-12435,03/12/2023,Male,28.0,"  $122,442  ",665.0,"$14,603.29",EMP,M,new york,Y
APP-11297,2023-08-13,Male,29.0,60356.4,671.0,21832.02,EMP,SINGLE,Philadelphia,0
APP-12214,2022-10-04,Male,19.0,34267.53,776.0,25149.22,Full-Time,MARRIED,Philadelphia,0
APP-12888,"August 07, 2022",Male,30.0,99807,698.0,23683.58,unemployed,,PHILADELPHIA,1
APP-12068,2023-03-25,FEMALE,51.0,54923.85,807.0,17245.9,Self-Employed,MARRIED,phoenix,Yes
APP-10646,01/12/2023,Female,21.0,,727.0,"$38,667.94",self-employed,Married,  Phoenix  ,n
APP-11946,"November 08, 2022",Female,41.0,,676.0,"$24,077.31",None,Single,New York,Yes
APP-11528,2023.12.02,Male,31.0,40145,785.0,34417.7,Unemployed,Married,Chicago,y
APP-12879,2022-07-15,Female,22.0,41123,741.0,,employed,M,Philadelphia,Yes
APP-11267,03/10/2022,F,55.0,"$26,602.78",743.0,"$30,403.29",Self-Employed,married,Philadelphia,1
APP-11899,2022-08-16,Female,-8.0,"$76,899.99",582.0,22907.94,self-employed,married,San Antonio,1
APP-10562,2022-01-03,Male,41.0,40700.55,727.0,27477.59,unemployed,single,Los Angeles,N
  APP-10055  ,"November 09, 2023",m,24.0,43211.22,683.0,30223.79,Retired,Single,New York,y
APP-12734,2023-06-08,  Male  ,26.0,27960.78,664.0,39618.48,Employed,Married,  San Diego  ,1
APP-13005,2022.06.28,male,,20039,651.0,8897.94,Full-Time,Single,Philadelphia,1
APP-10189,2022-11-06,female,54.0,"$102,471.46",584.0,"$22,163.84",Employed,Married,NEW YORK,Y
APP-11806,18/02/2023,M,50.0,"$43,331.94",773.0,29183.36,employed,Divorced,Phoenix,1
APP-10975,2023-06-21,female,31.0,"$102,414.61",639.0,"$33,925.70",Self-Employed,married,  San Antonio  ,Yes
APP-12747,2022-03-05,female,46.0,"  $46,194  ",684.0,"$33,506.65",Retired,divorced,Phoenix,y
APP-12047,2022-08-12,FEMALE,37.0,"  $87,323  ",589.0,35603.92,Self Employed,Single,Philadelphia,1
APP-12558,2023-07-18,Male,61.0,33655,669.0,"$23,177.53",Self-Employed,Married,Houston,Yes
,"August 26, 2023",Female,38.0,146202,643.0,"$22,796.19",,Single,Los Angeles,No
APP-10474,2022-03-06,M,37.0,29217.86,579.0,20837.29,Employed,,Los Angeles,n
APP-12904,23/09/2023,other,35.0,"$23,491.28",796.0,30820.52,Self-Employed,Married,San Diego,Yes
APP-10747,"February 01, 2023",Female,58.0,81530.7,646.0,30518.17,,Married,San Diego,No
APP-12300,27/11/2023,Female,24.0,"  $27,776  ",668.0,39842.71,Employed,Married,Chicago,1
,2022-01-15,Female,24.0,"$38,898.20",850.0,22221.35,Employed,single,Chicago,Y
APP-10459,2023-03-11,male,61.0,"$113,894.86",601.0,18374.71,Self-Employed,married,New York,Y
APP-11184,"May 21, 2023",Male,43.0,"$90,522.60",737.0,"$38,539.15",Employed,Single,Los Angeles,Yes
APP-12324,04/23/2023,,25.0,61640,753.0,24598.01,employed,Divorced,Los Angeles,N
APP-10955,02/09/2023,M,50.0,25530.33,591.0,"$34,019.49",Self Employed,Single,San Diego,No
APP-11215,10/14/2023,Female,29.0,"$54,839.67",708.0,40814.55,employed,married,San Diego,n
APP-12433,2022-12-03,male,49.0,"  $97,979  ",713.0,"$22,767.54",Retired,married,New York,Yes
APP-12853,2022.02.04,Female,29.0,"$30,791.69",749.0,26385.21,UNEMP,married,Los Angeles,Yes
APP-11515,2023.04.02,,53.0,"$21,552.72",700.0,48356.76,  Employed  ,SINGLE,Philadelphia,Y
APP-12391,2023-08-22,M,35.0,"$61,475.70",623.0,"$15,751.71",EMP,married,Houston,y
APP-10769,2022-11-27,Female,36.0,38814.14,679.0,"$22,886.68",Employed,M,Los Angeles,Y
APP-11685,"May 04, 2023",m,,"$65,122.64",632.0,"$35,396.89",Self-Employed,M,New York,y
APP-10130,12/15/2023,Male,35.0,"$23,954.52",,"$17,555.88",Employed,Divorced,san diego,y
APP-12919,2022-09-24,male,34.0,"$53,231.26",844.0,,employed,Married,san antonio,No
APP-13171,2023.11.09,Female,35.0,68848,674.0,"$14,860.49",EMP,married,san antonio,No
APP-12135,"February 23, 2023",female,28.0,34646.23,737.0,47472.37,  Employed  ,Married,SAN ANTONIO,Y
APP-11482,2022-08-08,Male,34.0,"$79,053.92",765.0,"$15,343.19",EMP,single,Los Angeles,N
APP-10330,2022.04.21,Female,35.0,90598,780.0,"$20,916.08",employed,divorced,Los Angeles,No
APP-11238,24/02/2022,male,25.0,"$158,532.01",686.0,28127.86,Employed,Married,SAN ANTONIO,n
APP-10466,"October 05, 2022",M,39.0,115521,719.0,16871.13,employed,Married,San Diego,Yes
APP-12169,11/26/2022,Female,30.0,"  $270,850  ",597.0,23333.88,EMP,Married,Houston,1
APP-11638,2023-01-29,Male,33.0,,687.0,"$39,753.42",  Employed  ,Married,  Los Angeles  ,Yes
APP-13092,"June 29, 2022",FEMALE,20.0,21222.28,612.0,"$14,697.96",Employed,Married,New York,Yes
APP-11095,02/03/2022,F,23.0,57638.04,729.0,7033.03,Full-Time,single,Philadelphia,Yes
APP-11130,2023.10.11,  Male  ,59.0,40167.56,653.0,20775.81,retired,M,New York,Yes
APP-11294,2022-10-09,Male,34.0,38798.48,706.0,23172.23,Retired,Single,San Antonio,Yes
APP-10860,2023-08-22,Female,48.0,"$99,999,999",667.0,19244.52,  Employed  ,Single,san antonio,N
APP-13174,06/23/2022,Female,49.0,58238,644.0,"$23,978.13",self-employed,Divorced,San Antonio,n
